full time series of predicted survey index
survey year spp area pred_survey
1 1 1 1 30792.5
1 1 2 1 2672.38
1 1 3 1 2098.98
1 1 4 1 7290.39
1 1 5 1 215969
1 1 6 1 38523.7
1 1 7 1 50575.9
1 1 8 1 7439.16
1 1 9 1 21716.1
1 1 10 1 5448.41
1 2 1 1 37988.9
1 2 2 1 7727.99
1 2 3 1 1666.15
1 2 4 1 6831.24
1 2 5 1 215506
1 2 6 1 22826.1
1 2 7 1 58639.2
1 2 8 1 7642.81
1 2 9 1 21699.1
1 2 10 1 7023.94
1 3 1 1 36705.1
1 3 2 1 9846.81
1 3 3 1 1190.6
1 3 4 1 7138.06
1 3 5 1 216992
1 3 6 1 30586.9
1 3 7 1 62127.3
1 3 8 1 6861.13
1 3 9 1 20429
1 3 10 1 6700.19
1 4 1 1 36779
1 4 2 1 8510.59
1 4 3 1 2545.71
1 4 4 1 7944.4
1 4 5 1 213328
1 4 6 1 27375.4
1 4 7 1 63131.8
1 4 8 1 6447.83
1 4 9 1 19119.1
1 4 10 1 6774.94
1 5 1 1 36194
1 5 2 1 6321.97
1 5 3 1 8048.73
1 5 4 1 8374.71
1 5 5 1 189971
1 5 6 1 47045.4
1 5 7 1 62805.6
1 5 8 1 6129.42
1 5 9 1 17594.5
1 5 10 1 6189.22
1 6 1 1 33852.8
1 6 2 1 4129.67
1 6 3 1 8510.58
1 6 4 1 8531.37
1 6 5 1 157331
1 6 6 1 34136.4
1 6 7 1 62523.8
1 6 8 1 6002.15
1 6 9 1 16387.1
1 6 10 1 5243.33
1 7 1 1 33006
1 7 2 1 2896.99
1 7 3 1 9964.35
1 7 4 1 8852.38
1 7 5 1 136645
1 7 6 1 31578.7
1 7 7 1 63178.3
1 7 8 1 5992.45
1 7 9 1 17341.8
1 7 10 1 4581.94
1 8 1 1 30675.8
1 8 2 1 3291.78
1 8 3 1 8870.26
1 8 4 1 8659.91
1 8 5 1 123160
1 8 6 1 31973
1 8 7 1 64183
1 8 8 1 5507.57
1 8 9 1 17204
1 8 10 1 3978.22
1 9 1 1 27408.9
1 9 2 1 4961.31
1 9 3 1 8587.81
1 9 4 1 8088.46
1 9 5 1 107023
1 9 6 1 44052.2
1 9 7 1 65268.5
1 9 8 1 5012.11
1 9 9 1 16258.4
1 9 10 1 3524.13
1 10 1 1 28357.4
1 10 2 1 8112
1 10 3 1 7442.04
1 10 4 1 7464.15
1 10 5 1 106212
1 10 6 1 30122.8
1 10 7 1 65588.6
1 10 8 1 4668.96
1 10 9 1 14895.5
1 10 10 1 2815.08
1 11 1 1 26962.8
1 11 2 1 7519.84
1 11 3 1 5326.54
1 11 4 1 6434.91
1 11 5 1 106262
1 11 6 1 44338.4
1 11 7 1 65241
1 11 8 1 4095.55
1 11 9 1 14080.1
1 11 10 1 2943.31
1 12 1 1 28899.4
1 12 2 1 7188.5
1 12 3 1 4665.71
1 12 4 1 5831.85
1 12 5 1 101581
1 12 6 1 38592.7
1 12 7 1 64921.6
1 12 8 1 4200.61
1 12 9 1 14260
1 12 10 1 4548.24
1 13 1 1 25924.6
1 13 2 1 6448.01
1 13 3 1 3506.52
1 13 4 1 4861.46
1 13 5 1 94482.3
1 13 6 1 29472.2
1 13 7 1 63544.9
1 13 8 1 3740.45
1 13 9 1 12719.8
1 13 10 1 4142.29
1 14 1 1 19014.6
1 14 2 1 5119.58
1 14 3 1 4011.89
1 14 4 1 4780.06
1 14 5 1 81269.8
1 14 6 1 27519.9
1 14 7 1 60462.3
1 14 8 1 3422.73
1 14 9 1 10178.3
1 14 10 1 3303.37
1 15 1 1 15571.6
1 15 2 1 3672.76
1 15 3 1 3840.28
1 15 4 1 5384.91
1 15 5 1 84587
1 15 6 1 43130.1
1 15 7 1 57797.3
1 15 8 1 3148.29
1 15 9 1 8316.73
1 15 10 1 2539.99
1 16 1 1 13674.8
1 16 2 1 1893.39
1 16 3 1 7097.21
1 16 4 1 6592.62
1 16 5 1 90954.5
1 16 6 1 55168.9
1 16 7 1 58425
1 16 8 1 2874.19
1 16 9 1 7459.22
1 16 10 1 1994.53
1 17 1 1 8164.13
1 17 2 1 932.503
1 17 3 1 6734.87
1 17 4 1 6816.23
1 17 5 1 80163.9
1 17 6 1 32809.5
1 17 7 1 56487.5
1 17 8 1 2612.57
1 17 9 1 5477.63
1 17 10 1 1412.85
1 18 1 1 6954.43
1 18 2 1 7797.31
1 18 3 1 5431.21
1 18 4 1 7916.97
1 18 5 1 69032.9
1 18 6 1 27782.4
1 18 7 1 55207.5
1 18 8 1 3218.96
1 18 9 1 5816.29
1 18 10 1 2055.22
1 19 1 1 6981.63
1 19 2 1 21468.9
1 19 3 1 4073.42
1 19 4 1 9479.23
1 19 5 1 76686.6
1 19 6 1 26633.1
1 19 7 1 53768.8
1 19 8 1 3808.3
1 19 9 1 6922.7
1 19 10 1 2658.5
1 20 1 1 7378.28
1 20 2 1 32911.7
1 20 3 1 4028.88
1 20 4 1 10639.2
1 20 5 1 91653.7
1 20 6 1 38235.2
1 20 7 1 53008.4
1 20 8 1 4283.76
1 20 9 1 8505.11
1 20 10 1 3415.57
1 21 1 1 8212.31
1 21 2 1 28011.1
1 21 3 1 4138.43
1 21 4 1 11331.9
1 21 5 1 118592
1 21 6 1 35303.4
1 21 7 1 52284.8
1 21 8 1 4606.88
1 21 9 1 10663.5
1 21 10 1 5204.79
1 22 1 1 8396.96
1 22 2 1 23025
1 22 3 1 4224.68
1 22 4 1 11453.9
1 22 5 1 111943
1 22 6 1 43143.9
1 22 7 1 51626
1 22 8 1 5142.37
1 22 9 1 13962.8
1 22 10 1 7579.56
1 23 1 1 7828.36
1 23 2 1 28721.6
1 23 3 1 3754.22
1 23 4 1 11339
1 23 5 1 93821.1
1 23 6 1 30866
1 23 7 1 47887.1
1 23 8 1 5701.7
1 23 9 1 16441
1 23 10 1 8589.52
1 24 1 1 7220.72
1 24 2 1 25183
1 24 3 1 3353.32
1 24 4 1 10560.7
1 24 5 1 90052.8
1 24 6 1 21445.8
1 24 7 1 43153.8
1 24 8 1 5293.42
1 24 9 1 18856.8
1 24 10 1 6962.46
1 25 1 1 5989.72
1 25 2 1 20260.4
1 25 3 1 2599.86
1 25 4 1 9817.68
1 25 5 1 83496.6
1 25 6 1 25413.4
1 25 7 1 39095.3
1 25 8 1 4864.94
1 25 9 1 20470.4
1 25 10 1 6455.22
1 26 1 1 4881.17
1 26 2 1 9858.61
1 26 3 1 1900.25
1 26 4 1 8483.97
1 26 5 1 106115
1 26 6 1 28322.7
1 26 7 1 37398.9
1 26 8 1 3725.81
1 26 9 1 19925
1 26 10 1 4742.21
1 27 1 1 3577.28
1 27 2 1 14293.4
1 27 3 1 770.62
1 27 4 1 7276.91
1 27 5 1 170354
1 27 6 1 21163.1
1 27 7 1 35528.8
1 27 8 1 3003.74
1 27 9 1 17972.7
1 27 10 1 3280.03
1 28 1 1 3449.58
1 28 2 1 11744.6
1 28 3 1 474.605
1 28 4 1 6602.73
1 28 5 1 217470
1 28 6 1 19918.8
1 28 7 1 35027.5
1 28 8 1 2879.27
1 28 9 1 22827.1
1 28 10 1 2681.94
1 29 1 1 3816.2
1 29 2 1 8336.8
1 29 3 1 1550.23
1 29 4 1 6470.32
1 29 5 1 200339
1 29 6 1 19918.5
1 29 7 1 34831.7
1 29 8 1 3278.35
1 29 9 1 29340.2
1 29 10 1 3131.23
1 30 1 1 4258.09
1 30 2 1 10084.3
1 30 3 1 1448.88
1 30 4 1 6299.81
1 30 5 1 224117
1 30 6 1 23035
1 30 7 1 34995.9
1 30 8 1 3418.8
1 30 9 1 35243.4
1 30 10 1 3150.51
1 31 1 1 4729.19
1 31 2 1 17493.1
1 31 3 1 868.937
1 31 4 1 5871.67
1 31 5 1 236621
1 31 6 1 20987
1 31 7 1 37350.3
1 31 8 1 3189.7
1 31 9 1 38134.2
1 31 10 1 2567.03
1 32 1 1 4240.84
1 32 2 1 13261.7
1 32 3 1 450.113
1 32 4 1 5285.61
1 32 5 1 197346
1 32 6 1 19320.3
1 32 7 1 40339.8
1 32 8 1 2862.63
1 32 9 1 36761.5
1 32 10 1 1756.19
1 33 1 1 2918.6
1 33 2 1 23040.6
1 33 3 1 302.845
1 33 4 1 4806.77
1 33 5 1 152066
1 33 6 1 20921.2
1 33 7 1 42141.1
1 33 8 1 2691.15
1 33 9 1 32229.8
1 33 10 1 1148.19
1 34 1 1 1952.9
1 34 2 1 25449.5
1 34 3 1 203.812
1 34 4 1 4337.77
1 34 5 1 131648
1 34 6 1 22671.2
1 34 7 1 43576.4
1 34 8 1 2337.4
1 34 9 1 28038.6
1 34 10 1 627.254
1 35 1 1 1459.78
1 35 2 1 20701.7
1 35 3 1 468.851
1 35 4 1 4102.76
1 35 5 1 107971
1 35 6 1 34725.7
1 35 7 1 45976.4
1 35 8 1 2137.92
1 35 9 1 25673
1 35 10 1 392.134
1 36 1 1 1637.12
1 36 2 1 19251.1
1 36 3 1 1387.23
1 36 4 1 4329.1
1 36 5 1 118970
1 36 6 1 30352.3
1 36 7 1 51268
1 36 8 1 2180.78
1 36 9 1 36885.1
1 36 10 1 313.327
1 37 1 1 1700.53
1 37 2 1 15726.8
1 37 3 1 1242.63
1 37 4 1 4441.01
1 37 5 1 155935
1 37 6 1 22780.2
1 37 7 1 54743.4
1 37 8 1 1889.84
1 37 9 1 46012
1 37 10 1 197.072
1 38 1 1 1553.73
1 38 2 1 12266.8
1 38 3 1 1149.59
1 38 4 1 4388.17
1 38 5 1 160190
1 38 6 1 19704.6
1 38 7 1 56578
1 38 8 1 1541.63
1 38 9 1 51662.1
1 38 10 1 114.862
1 39 1 1 1562.67
1 39 2 1 8454.3
1 39 3 1 913.597
1 39 4 1 4559.26
1 39 5 1 140646
1 39 6 1 15679.4
1 39 7 1 59841.8
1 39 8 1 1454.74
1 39 9 1 59077.5
1 39 10 1 89.3939
1 40 1 1 1669.36
1 40 2 1 6837.45
1 40 3 1 1209.29
1 40 4 1 4868.93
1 40 5 1 131736
1 40 6 1 21653.1
1 40 7 1 64129
1 40 8 1 1468.18
1 40 9 1 66000.7
1 40 10 1 74.3366
1 41 1 1 1801.31
1 41 2 1 16021.7
1 41 3 1 1117.74
1 41 4 1 5313.3
1 41 5 1 131561
1 41 6 1 27620.8
1 41 7 1 68096.9
1 41 8 1 1592.96
1 41 9 1 71557.5
1 41 10 1 68.7717
1 42 1 1 2213.85
1 42 2 1 17348.7
1 42 3 1 6438.95
1 42 4 1 6066.61
1 42 5 1 128845
1 42 6 1 38356.7
1 42 7 1 72824.2
1 42 8 1 1968.52
1 42 9 1 85701.9
1 42 10 1 88.4076
1 43 1 1 1897.3
1 43 2 1 15191.6
1 43 3 1 9040.73
1 43 4 1 6091.68
1 43 5 1 114285
1 43 6 1 26329.7
1 43 7 1 73362.5
1 43 8 1 1998.11
1 43 9 1 82374.9
1 43 10 1 96.6092
1 44 1 1 1351.63
1 44 2 1 13689
1 44 3 1 11953.7
1 44 4 1 5650.12
1 44 5 1 93091.9
1 44 6 1 13902.5
1 44 7 1 71260.4
1 44 8 1 1913.04
1 44 9 1 70869.7
1 44 10 1 109.455
1 45 1 1 987.527
1 45 2 1 12920.4
1 45 3 1 12736.1
1 45 4 1 5197.29
1 45 5 1 73035.5
1 45 6 1 7999.82
1 45 7 1 68903.2
1 45 8 1 1898.16
1 45 9 1 60565.3
1 45 10 1 124.763
1 46 1 1 767.841
1 46 2 1 12188.9
1 46 3 1 10360
1 46 4 1 4767.88
1 46 5 1 59883
1 46 6 1 4532.38
1 46 7 1 66404.3
1 46 8 1 1843.68
1 46 9 1 50845.3
1 46 10 1 133.072
1 47 1 1 625.249
1 47 2 1 11772.2
1 47 3 1 7546.3
1 47 4 1 4383.14
1 47 5 1 53715.1
1 47 6 1 2537.78
1 47 7 1 63946.5
1 47 8 1 1779.43
1 47 9 1 41735.9
1 47 10 1 138.771
1 48 1 1 529.085
1 48 2 1 11938.8
1 48 3 1 5150.31
1 48 4 1 4051.89
1 48 5 1 52869.6
1 48 6 1 1435.5
1 48 7 1 61699.4
1 48 8 1 1767.82
1 48 9 1 33534.8
1 48 10 1 146.443
1 49 1 1 444.948
1 49 2 1 12295.3
1 49 3 1 3675.16
1 49 4 1 3774.48
1 49 5 1 51978
1 49 6 1 806.311
1 49 7 1 59701
1 49 8 1 1772.45
1 49 9 1 26487.5
1 49 10 1 160.072
1 50 1 1 365.928
1 50 2 1 12693.1
1 50 3 1 2801.92
1 50 4 1 3546.66
1 50 5 1 49740.9
1 50 6 1 462.77
1 50 7 1 58025.6
1 50 8 1 1775.12
1 50 9 1 20679.9
1 50 10 1 176.688
1 51 1 1 294.544
1 51 2 1 13723.7
1 51 3 1 2897.28
1 51 4 1 3362.16
1 51 5 1 46171.1
1 51 6 1 300.525
1 51 7 1 56795.3
1 51 8 1 1846.26
1 51 9 1 16056.1
1 51 10 1 203.925
1 52 1 1 236.335
1 52 2 1 14251.6
1 52 3 1 3060.67
1 52 4 1 3214.24
1 52 5 1 41684.3
1 52 6 1 188.642
1 52 7 1 55868.9
1 52 8 1 1874.86
1 52 9 1 12475.4
1 52 10 1 234.08
1 53 1 1 191.643
1 53 2 1 14927.9
1 53 3 1 2926.52
1 53 4 1 3096.57
1 53 5 1 37965.1
1 53 6 1 121.538
1 53 7 1 55347.1
1 53 8 1 1907.67
1 53 9 1 9762.83
1 53 10 1 264.471
1 54 1 1 144.278
1 54 2 1 15131.8
1 54 3 1 3098.2
1 54 4 1 3003.51
1 54 5 1 31692
1 54 6 1 78.6977
1 54 7 1 55065.9
1 54 8 1 1890.14
1 54 9 1 7743.72
1 54 10 1 300.273
1 55 1 1 117.927
1 55 2 1 14917.6
1 55 3 1 2567.65
1 55 4 1 2930.27
1 55 5 1 28637.8
1 55 6 1 47.2443
1 55 7 1 55038.1
1 55 8 1 1831.89
1 55 9 1 6261.95
1 55 10 1 318.085
1 56 1 1 101.398
1 56 2 1 15750.7
1 56 3 1 1861.5
1 56 4 1 2872.83
1 56 5 1 28636.7
1 56 6 1 30.0325
1 56 7 1 55351.2
1 56 8 1 1870.87
1 56 9 1 5187.02
1 56 10 1 347.792
1 57 1 1 85.6006
1 57 2 1 16416.7
1 57 3 1 1410.32
1 57 4 1 2827.95
1 57 5 1 28300.6
1 57 6 1 18.5495
1 57 7 1 55791.9
1 57 8 1 1912.96
1 57 9 1 4414.61
1 57 10 1 396.881
1 58 1 1 70.5222
1 58 2 1 16835.1
1 58 3 1 1116.38
1 58 4 1 2792.96
1 58 5 1 27090.6
1 58 6 1 11.4084
1 58 7 1 56341.8
1 58 8 1 1927.46
1 58 9 1 3863.95
1 58 10 1 447.761
1 59 1 1 57.5742
1 59 2 1 17345.2
1 59 3 1 1172.54
1 59 4 1 2765.75
1 59 5 1 25622.2
1 59 6 1 7.24611
1 59 7 1 56983.2
1 59 8 1 1950.01
1 59 9 1 3473.99
1 59 10 1 501.713
1 60 1 1 49.2892
1 60 2 1 17322.8
1 60 3 1 927.779
1 60 4 1 2744.63
1 60 5 1 26428.4
1 60 6 1 4.07857
1 60 7 1 57600.3
1 60 8 1 1929.66
1 60 9 1 3199.4
1 60 10 1 534.645
1 61 1 1 40.4185
1 61 2 1 17704.8
1 61 3 1 843.902
1 61 4 1 2728.27
1 61 5 1 25609.7
1 61 6 1 2.46487
1 61 7 1 58216.7
1 61 8 1 1926.26
1 61 9 1 3006.99
1 61 10 1 595.466
1 62 1 1 32.7997
1 62 2 1 17834.1
1 62 3 1 675.505
1 62 4 1 2715.6
1 62 5 1 24368.7
1 62 6 1 1.5088
1 62 7 1 58767.1
1 62 8 1 1920.08
1 62 9 1 2872.72
1 62 10 1 658.268
1 63 1 1 26.482
1 63 2 1 17823.7
1 63 3 1 669.986
1 63 4 1 2705.82
1 63 5 1 22849.2
1 63 6 1 0.919676
1 63 7 1 59220.7
1 63 8 1 1898.78
1 63 9 1 2779.38
1 63 10 1 722.315
1 64 1 1 20.8244
1 64 2 1 17953.1
1 64 3 1 749.303
1 64 4 1 2698.26
1 64 5 1 19604.6
1 64 6 1 0.596969
1 64 7 1 59595.7
1 64 8 1 1892.17
1 64 9 1 2714.69
1 64 10 1 805.588
1 65 1 1 15.9898
1 65 2 1 17728.8
1 65 3 1 759.769
1 65 4 1 2692.43
1 65 5 1 15897.9
1 65 6 1 0.389151
1 65 7 1 59830.5
1 65 8 1 1863.45
1 65 9 1 2669.99
1 65 10 1 892.737
1 66 1 1 11.8899
1 66 2 1 17203.6
1 66 3 1 742.042
1 66 4 1 2687.94
1 66 5 1 12675.6
1 66 6 1 0.253968
1 66 7 1 59929.6
1 66 8 1 1806.37
1 66 9 1 2639.18
1 66 10 1 969.698
1 67 1 1 8.93372
1 67 2 1 16681.9
1 67 3 1 679.748
1 67 4 1 2684.48
1 67 5 1 10110.1
1 67 6 1 0.164792
1 67 7 1 59930.7
1 67 8 1 1750.25
1 67 9 1 2618
1 67 10 1 1026.91
1 68 1 1 7.94297
1 68 2 1 16346.9
1 68 3 1 481.198
1 68 4 1 2681.82
1 68 5 1 10702.5
1 68 6 1 0.0956536
1 68 7 1 59872
1 68 8 1 1713.52
1 68 9 1 2603.45
1 68 10 1 1039.71
1 69 1 1 6.83246
1 69 2 1 17623.5
1 69 3 1 419.801
1 69 4 1 2679.78
1 69 5 1 10974.3
1 69 6 1 0.0638149
1 69 7 1 59883
1 69 8 1 1806.37
1 69 9 1 2593.49
1 69 10 1 1184.58
1 70 1 1 5.62509
1 70 2 1 18306.6
1 70 3 1 415.742
1 70 4 1 2678.21
1 70 5 1 10444.2
1 70 6 1 0.0417559
1 70 7 1 59808.4
1 70 8 1 1879.57
1 70 9 1 2586.68
1 70 10 1 1381
1 71 1 1 4.69322
1 71 2 1 18439.7
1 71 3 1 321.425
1 71 4 1 2677.01
1 71 5 1 10284.5
1 71 6 1 0.0254307
1 71 7 1 59703.2
1 71 8 1 1894.11
1 71 9 1 2582.03
1 71 10 1 1510.4
1 72 1 1 3.53275
1 72 2 1 19516.1
1 72 3 1 438.28
1 72 4 1 2676.09
1 72 5 1 8987.87
1 72 6 1 0.0206772
1 72 7 1 59669.7
1 72 8 1 1971.79
1 72 9 1 2578.86
1 72 10 1 1787
1 73 1 1 2.6084
1 73 2 1 18731.9
1 73 3 1 460.774
1 73 4 1 2675.39
1 73 5 1 7187.07
1 73 6 1 0.0135439
1 73 7 1 59470.9
1 73 8 1 1920.58
1 73 9 1 2576.69
1 73 10 1 1988.13
1 74 1 1 2.14268
1 74 2 1 17632.5
1 74 3 1 375.822
1 74 4 1 2674.86
1 74 5 1 5858.83
1 74 6 1 0.00798349
1 74 7 1 59270.9
1 74 8 1 1813.85
1 74 9 1 2575.22
1 74 10 1 1975.96
1 75 1 1 1.78275
1 75 2 1 16735.7
1 75 3 1 308.058
1 75 4 1 2674.46
1 75 5 1 5144.97
1 75 6 1 0.00466293
1 75 7 1 59029.1
1 75 8 1 1707.98
1 75 9 1 2574.23
1 75 10 1 1963.27
1 76 1 1 1.45191
1 76 2 1 16629.7
1 76 3 1 269.684
1 76 4 1 2674.15
1 76 5 1 4772.82
1 76 6 1 0.00291579
1 76 7 1 58848.3
1 76 8 1 1674.89
1 76 9 1 2573.55
1 76 10 1 2046.95
1 77 1 1 1.17115
1 77 2 1 16506.7
1 77 3 1 243.143
1 77 4 1 2673.92
1 77 5 1 4419.74
1 77 6 1 0.00180274
1 77 7 1 58648.4
1 77 8 1 1655.65
1 77 9 1 2573.09
1 77 10 1 2174.18
1 78 1 1 0.902974
1 78 2 1 16636.3
1 78 3 1 245.979
1 78 4 1 2673.75
1 78 5 1 3762.93
1 78 6 1 0.00118619
1 78 7 1 58492.3
1 78 8 1 1658.34
1 78 9 1 2572.77
1 78 10 1 2364.38
1 79 1 1 0.689001
1 79 2 1 16024
1 79 3 1 237.291
1 79 4 1 2673.62
1 79 5 1 3018.27
1 79 6 1 0.000737007
1 79 7 1 58271.1
1 79 8 1 1606.36
1 79 9 1 2572.56
1 79 10 1 2481.83
1 80 1 1 0.504092
1 80 2 1 15463.1
1 80 3 1 246.196
1 80 4 1 2673.53
1 80 5 1 2347.73
1 80 6 1 0.000579192
1 80 7 1 58064.6
1 80 8 1 1545.82
1 80 9 1 2572.42
1 80 10 1 2615.7
1 81 1 1 0.404199
1 81 2 1 13847.2
1 81 3 1 196.875
1 81 4 1 2673.46
1 81 5 1 1990.07
1 81 6 1 0.000314475
1 81 7 1 57739.1
1 81 8 1 1406.6
1 81 9 1 2572.32
1 81 10 1 2453.05
1 82 1 1 0.304711
1 82 2 1 13058.8
1 82 3 1 169.803
1 82 4 1 2673.42
1 82 5 1 1639.08
1 82 6 1 0.000179003
1 82 7 1 57477.3
1 82 8 1 1307.16
1 82 9 1 2572.26
1 82 10 1 2347.96
1 83 1 1 0.236794
1 83 2 1 12607
1 83 3 1 147.458
1 83 4 1 2673.39
1 83 5 1 1304.76
1 83 6 1 0.000109796
1 83 7 1 57250.2
1 83 8 1 1257.37
1 83 9 1 2572.21
1 83 10 1 2330.25
1 84 1 1 0.189603
1 84 2 1 12325.4
1 84 3 1 128.484
1 84 4 1 2673.37
1 84 5 1 1039.89
1 84 6 1 6.64566e-05
1 84 7 1 57048.4
1 84 8 1 1227.21
1 84 9 1 2572.18
1 84 10 1 2363.58
1 85 1 1 0.146631
1 85 2 1 12038.1
1 85 3 1 118.823
1 85 4 1 2673.36
1 85 5 1 818.284
1 85 6 1 4.06178e-05
1 85 7 1 56870
1 85 8 1 1198.53
1 85 9 1 2572.16
1 85 10 1 2417.18
1 86 1 1 0.105824
1 86 2 1 11631.6
1 86 3 1 124.299
1 86 4 1 2673.36
1 86 5 1 620.209
1 86 6 1 3.11474e-05
1 86 7 1 56689.7
1 86 8 1 1159.34
1 86 9 1 2572.15
1 86 10 1 2526.77
1 87 1 1 0.0775147
1 87 2 1 10785.6
1 87 3 1 106.185
1 87 4 1 2673.36
1 87 5 1 473.95
1 87 6 1 1.80938e-05
1 87 7 1 56496
1 87 8 1 1090.19
1 87 9 1 2572.14
1 87 10 1 2424.27
1 88 1 1 0.0598036
1 88 2 1 10130.3
1 88 3 1 87.5907
1 88 4 1 2673.37
1 88 5 1 365.004
1 88 6 1 1.0083e-05
1 88 7 1 56324.8
1 88 8 1 1022.84
1 88 9 1 2572.13
1 88 10 1 2291.87
1 89 1 1 0.0491639
1 89 2 1 9959.99
1 89 3 1 71.2916
1 89 4 1 2673.38
1 89 5 1 322.556
1 89 6 1 6.00057e-06
1 89 7 1 56260.9
1 89 8 1 1000.83
1 89 9 1 2572.13
1 89 10 1 2235.92
1 90 1 1 0.0410523
1 90 2 1 10199.5
1 90 3 1 56.9578
1 90 4 1 2673.39
1 90 5 1 322.87
1 90 6 1 3.64679e-06
1 90 7 1 56294.3
1 90 8 1 1021.38
1 90 9 1 2572.13
1 90 10 1 2295.87
1 91 1 1 0.0327265
1 91 2 1 10548.7
1 91 3 1 55.0777
1 91 4 1 2673.4
1 91 5 1 283.558
1 91 6 1 2.30327e-06
1 91 7 1 56390
1 91 8 1 1056.18
1 91 9 1 2572.13
1 91 10 1 2476.58
1 92 1 1 0.0239353
1 92 2 1 10730.7
1 92 3 1 61.8622
1 92 4 1 2673.42
1 92 5 1 225.196
1 92 6 1 1.70124e-06
1 92 7 1 56512.8
1 92 8 1 1079.58
1 92 9 1 2572.12
1 92 10 1 2717.72
1 93 1 1 0.017271
1 93 2 1 10193.6
1 93 3 1 60.9221
1 93 4 1 2673.43
1 93 5 1 174.224
1 93 6 1 1.18903e-06
1 93 7 1 56557.9
1 93 8 1 1043.21
1 93 9 1 2572.12
1 93 10 1 2782.66
1 94 1 1 0.0128013
1 94 2 1 9680.42
1 94 3 1 53.1689
1 94 4 1 2673.43
1 94 5 1 135.659
1 94 6 1 7.5892e-07
1 94 7 1 56636
1 94 8 1 998.897
1 94 9 1 2572.12
1 94 10 1 2682.58
1 95 1 1 0.0095421
1 95 2 1 9167.37
1 95 3 1 47.3187
1 95 4 1 2673.44
1 95 5 1 104.707
1 95 6 1 5.00294e-07
1 95 7 1 56665.4
1 95 8 1 951.429
1 95 9 1 2572.12
1 95 10 1 2615.7
1 96 1 1 0.00713183
1 96 2 1 8589.17
1 96 3 1 41.4786
1 96 4 1 2673.44
1 96 5 1 80.5636
1 96 6 1 2.92031e-07
1 96 7 1 56650.8
1 96 8 1 898.373
1 96 9 1 2572.12
1 96 10 1 2519.8
1 97 1 1 0.00531579
1 97 2 1 8103.94
1 97 3 1 36.2601
1 97 4 1 2673.44
1 97 5 1 61.76
1 97 6 1 1.71229e-07
1 97 7 1 56605.6
1 97 8 1 850.51
1 97 9 1 2572.12
1 97 10 1 2415.21
1 98 1 1 0.00394004
1 98 2 1 7848.77
1 98 3 1 33.0373
1 98 4 1 2673.44
1 98 5 1 47.0595
1 98 6 1 1.21479e-07
1 98 7 1 56568.8
1 98 8 1 824.791
1 98 9 1 2572.12
1 98 10 1 2388.67
1 99 1 1 0.00291446
1 99 2 1 7429.05
1 99 3 1 30.2163
1 99 4 1 2673.44
1 99 5 1 35.4272
1 99 6 1 8.22448e-08
1 99 7 1 56453.2
1 99 8 1 788.891
1 99 9 1 2572.12
1 99 10 1 2362.64
1 100 1 1 0.00212925
1 100 2 1 7000.79
1 100 3 1 28.3114
1 100 4 1 2673.44
1 100 5 1 26.2149
1 100 6 1 5.95733e-08
1 100 7 1 56309.4
1 100 8 1 748.935
1 100 9 1 2572.12
1 100 10 1 2323.08
1 101 1 1 0.00156814
1 101 2 1 6406.88
1 101 3 1 24.2735
1 101 4 1 2673.44
1 101 5 1 19.4424
1 101 6 1 3.79942e-08
1 101 7 1 56098.2
1 101 8 1 695.504
1 101 9 1 2572.12
1 101 10 1 2174.85
1 102 1 1 0.00116132
1 102 2 1 5837.81
1 102 3 1 19.9502
1 102 4 1 2673.44
1 102 5 1 14.5247
1 102 6 1 2.21543e-08
1 102 7 1 55848.1
1 102 8 1 637.923
1 102 9 1 2572.12
1 102 10 1 1986.54
1 103 1 1 0.000862857
1 103 2 1 5566.39
1 103 3 1 16.5733
1 103 4 1 2673.44
1 103 5 1 10.9786
1 103 6 1 1.28013e-08
1 103 7 1 55665
1 103 8 1 606.849
1 103 9 1 2572.12
1 103 10 1 1863.16
1 104 1 1 0.000725478
1 104 2 1 5613.03
1 104 3 1 12.8268
1 104 4 1 2673.45
1 104 5 1 10.2695
1 104 6 1 7.57062e-09
1 104 7 1 55595.6
1 104 8 1 611.827
1 104 9 1 2572.12
1 104 10 1 1819.72
1 105 1 1 0.000549664
1 105 2 1 5931.41
1 105 3 1 13.3394
1 105 4 1 2673.46
1 105 5 1 8.74595
1 105 6 1 5.70562e-09
1 105 7 1 55616.4
1 105 8 1 643.747
1 105 9 1 2572.12
1 105 10 1 2009.21
1 106 1 1 0.000402342
1 106 2 1 5812.49
1 106 3 1 12.755
1 106 4 1 2673.47
1 106 5 1 6.81353
1 106 6 1 3.47443e-09
1 106 7 1 55592.6
1 106 8 1 644.536
1 106 9 1 2572.12
1 106 10 1 2091.18
1 107 1 1 0.000300784
1 107 2 1 5700.51
1 107 3 1 11.2728
1 107 4 1 2673.48
1 107 5 1 5.33437
1 107 6 1 2.05987e-09
1 107 7 1 55639.5
1 107 8 1 636.589
1 107 9 1 2572.12
1 107 10 1 2060.55
1 108 1 1 0.000239684
1 108 2 1 5542.86
1 108 3 1 9.59881
1 108 4 1 2673.49
1 108 5 1 4.17654
1 108 6 1 1.20876e-09
1 108 7 1 55698.9
1 108 8 1 623.645
1 108 9 1 2572.12
1 108 10 1 2010.47
1 109 1 1 0.000196094
1 109 2 1 5676.53
1 109 3 1 8.19642
1 109 4 1 2673.5
1 109 5 1 3.31924
1 109 6 1 7.49395e-10
1 109 7 1 55885.9
1 109 8 1 637.695
1 109 9 1 2572.12
1 109 10 1 2028.18
1 110 1 1 0.000158154
1 110 2 1 5968.21
1 110 3 1 7.4169
1 110 4 1 2673.5
1 110 5 1 2.6396
1 110 6 1 4.82794e-10
1 110 7 1 56142.6
1 110 8 1 672.83
1 110 9 1 2572.12
1 110 10 1 2155.14
1 111 1 1 0.000117434
1 111 2 1 6276.5
1 111 3 1 7.97027
1 111 4 1 2673.51
1 111 5 1 2.03803
1 111 6 1 3.64443e-10
1 111 7 1 56429.4
1 111 8 1 712.299
1 111 9 1 2572.12
1 111 10 1 2401.2
1 112 1 1 8.68742e-05
1 112 2 1 6195.9
1 112 3 1 7.46932
1 112 4 1 2673.51
1 112 5 1 1.55788
1 112 6 1 2.2484e-10
1 112 7 1 56649.9
1 112 8 1 718.106
1 112 9 1 2572.12
1 112 10 1 2477.68
1 113 1 1 6.86153e-05
1 113 2 1 6041.01
1 113 3 1 6.42321
1 113 4 1 2673.5
1 113 5 1 1.19596
1 113 6 1 1.30718e-10
1 113 7 1 56848.7
1 113 8 1 706.822
1 113 9 1 2572.12
1 113 10 1 2420.96
1 114 1 1 5.75041e-05
1 114 2 1 6102.69
1 114 3 1 5.13243
1 114 4 1 2673.5
1 114 5 1 1.12136
1 114 6 1 7.8019e-11
1 114 7 1 57089.8
1 114 8 1 715.177
1 114 9 1 2572.12
1 114 10 1 2376.15
1 115 1 1 4.58934e-05
1 115 2 1 6437.69
1 115 3 1 4.83147
1 115 4 1 2673.48
1 115 5 1 0.974262
1 115 6 1 5.07402e-11
1 115 7 1 57356.1
1 115 8 1 752.535
1 115 9 1 2572.12
1 115 10 1 2532.25
1 116 1 1 3.34046e-05
1 116 2 1 6550.74
1 116 3 1 5.46641
1 116 4 1 2673.47
1 116 5 1 0.750977
1 116 6 1 4.01934e-11
1 116 7 1 57522.7
1 116 8 1 773.235
1 116 9 1 2572.12
1 116 10 1 2801.67
1 117 1 1 2.43361e-05
1 117 2 1 6227.96
1 117 3 1 5.0332
1 117 4 1 2673.46
1 117 5 1 0.57573
1 117 6 1 2.56912e-11
1 117 7 1 57571.9
1 117 8 1 751.271
1 117 9 1 2572.12
1 117 10 1 2774.76
1 118 1 1 1.88851e-05
1 118 2 1 5893.8
1 118 3 1 4.08511
1 118 4 1 2673.44
1 118 5 1 0.448
1 118 6 1 1.43284e-11
1 118 7 1 57560.6
1 118 8 1 716.661
1 118 9 1 2572.12
1 118 10 1 2575.54
1 119 1 1 1.40859e-05
1 119 2 1 5793.74
1 119 3 1 3.74344
1 119 4 1 2673.42
1 119 5 1 0.344201
1 119 6 1 9.91886e-12
1 119 7 1 57524.6
1 119 8 1 701.816
1 119 9 1 2572.12
1 119 10 1 2547.44
1 120 1 1 1.01969e-05
1 120 2 1 5544.14
1 120 3 1 3.63996
1 120 4 1 2673.41
1 120 5 1 0.257218
1 120 6 1 7.2915e-12
1 120 7 1 57372.3
1 120 8 1 678.068
1 120 9 1 2572.12
1 120 10 1 2574.35
1 121 1 1 8.32368e-06
1 121 2 1 5123.76
1 121 3 1 2.77994
1 121 4 1 2673.4
1 121 5 1 0.222947
1 121 6 1 3.86848e-12
1 121 7 1 57148.7
1 121 8 1 636.741
1 121 9 1 2572.12
1 121 10 1 2331.14
1 122 1 1 6.98063e-06
1 122 2 1 5107.33
1 122 3 1 2.04172
1 122 4 1 2673.39
1 122 5 1 0.219113
1 122 6 1 2.10388e-12
1 122 7 1 56998
1 122 8 1 627.552
1 122 9 1 2572.12
1 122 10 1 2179.7
1 123 1 1 5.58141e-06
1 123 2 1 5422.11
1 123 3 1 1.83581
1 123 4 1 2673.38
1 123 5 1 0.192768
1 123 6 1 1.33241e-12
1 123 7 1 56930.2
1 123 8 1 660.419
1 123 9 1 2572.12
1 123 10 1 2297.68
2 1 1 1 34581.4
2 1 2 1 2213.83
2 1 3 1 1934.46
2 1 4 1 7390.56
2 1 5 1 233938
2 1 6 1 40130.8
2 1 7 1 55654.8
2 1 8 1 8081.79
2 1 9 1 22927.1
2 1 10 1 5261.69
2 2 1 1 41569.8
2 2 2 1 5178.38
2 2 3 1 1548.54
2 2 4 1 7161.72
2 2 5 1 237559
2 2 6 1 22068.6
2 2 7 1 63188.3
2 2 8 1 8356.67
2 2 9 1 22439.2
2 2 10 1 6882.73
2 3 1 1 39905.3
2 3 2 1 7150.28
2 3 3 1 1133.05
2 3 4 1 7598.81
2 3 5 1 243306
2 3 6 1 28950.9
2 3 7 1 66393.7
2 3 8 1 7450.57
2 3 9 1 21439.6
2 3 10 1 6616.75
2 4 1 1 40506.2
2 4 2 1 6639.67
2 4 3 1 2158.21
2 4 4 1 8435.15
2 4 5 1 241048
2 4 6 1 26354
2 4 7 1 67264.7
2 4 8 1 6988.86
2 4 9 1 20475.9
2 4 10 1 6562.93
2 5 1 1 40234
2 5 2 1 5141.39
2 5 3 1 6814.83
2 5 4 1 8818.05
2 5 5 1 214571
2 5 6 1 43890.2
2 5 7 1 66926
2 5 8 1 6615.63
2 5 9 1 18893.1
2 5 10 1 6090.78
2 6 1 1 37416
2 6 2 1 3428.57
2 6 3 1 7964.15
2 6 4 1 8911.82
2 6 5 1 177886
2 6 6 1 33709.7
2 6 7 1 66751.5
2 6 8 1 6516.03
2 6 9 1 17490.8
2 6 10 1 5217.69
2 7 1 1 36072.9
2 7 2 1 2382.42
2 7 3 1 9133.74
2 7 4 1 9187.4
2 7 5 1 155412
2 7 6 1 30581.5
2 7 7 1 67610.7
2 7 8 1 6545.75
2 7 9 1 18482.5
2 7 10 1 4553.57
2 8 1 1 33618.5
2 8 2 1 2292.83
2 8 3 1 8520.83
2 8 4 1 8944.16
2 8 5 1 141739
2 8 6 1 31716.9
2 8 7 1 68858.6
2 8 8 1 5983.63
2 8 9 1 18337.6
2 8 10 1 3905.15
2 9 1 1 30175.1
2 9 2 1 3556.97
2 9 3 1 8059.5
2 9 4 1 8326.27
2 9 5 1 125219
2 9 6 1 43105.4
2 9 7 1 70191.6
2 9 8 1 5442.2
2 9 9 1 17256.1
2 9 10 1 3499.35
2 10 1 1 31699.6
2 10 2 1 5818.22
2 10 3 1 7033.87
2 10 4 1 7667.5
2 10 5 1 124077
2 10 6 1 30012.4
2 10 7 1 70704.4
2 10 8 1 5073.34
2 10 9 1 15724.2
2 10 10 1 2800.55
2 11 1 1 30236.6
2 11 2 1 5853.78
2 11 3 1 5112.71
2 11 4 1 6603.92
2 11 5 1 123249
2 11 6 1 41816.3
2 11 7 1 70497.3
2 11 8 1 4430.39
2 11 9 1 15019.9
2 11 10 1 2782.97
2 12 1 1 32598
2 12 2 1 5516.7
2 12 3 1 4367.16
2 12 4 1 5984.17
2 12 5 1 117513
2 12 6 1 37758.1
2 12 7 1 70311.1
2 12 8 1 4563.02
2 12 9 1 15401.1
2 12 10 1 4415.61
2 13 1 1 29306.4
2 13 2 1 4933.6
2 13 3 1 3358.82
2 13 4 1 4991.35
2 13 5 1 109330
2 13 6 1 28863.3
2 13 7 1 68948.8
2 13 8 1 4033.87
2 13 9 1 13706.8
2 13 10 1 4095.09
2 14 1 1 21651.5
2 14 2 1 3827.08
2 14 3 1 3690.71
2 14 4 1 5022.07
2 14 5 1 94576.4
2 14 6 1 27544.7
2 14 7 1 65749.5
2 14 8 1 3690.07
2 14 9 1 10911.9
2 14 10 1 3244.75
2 15 1 1 17733.2
2 15 2 1 2899.37
2 15 3 1 3586.93
2 15 4 1 5887.92
2 15 5 1 98692.2
2 15 6 1 40636.4
2 15 7 1 62975.1
2 15 8 1 3409.85
2 15 9 1 8897.94
2 15 10 1 2500.21
2 16 1 1 15318.7
2 16 2 1 1529.92
2 16 3 1 6227.57
2 16 4 1 7219.77
2 16 5 1 106087
2 16 6 1 52728
2 16 7 1 63667.3
2 16 8 1 3106.87
2 16 9 1 8024.02
2 16 10 1 1957.09
2 17 1 1 9171.54
2 17 2 1 758.497
2 17 3 1 6419.46
2 17 4 1 7371.29
2 17 5 1 94233.3
2 17 6 1 33721.7
2 17 7 1 61550
2 17 8 1 2771.23
2 17 9 1 5936.39
2 17 10 1 1363.05
2 18 1 1 7930.2
2 18 2 1 5137.27
2 18 3 1 5252.64
2 18 4 1 8445.99
2 18 5 1 81828.4
2 18 6 1 27842.9
2 18 7 1 60139.7
2 18 8 1 3490.24
2 18 9 1 6362.13
2 18 10 1 1992.66
2 19 1 1 7870.48
2 19 2 1 14636.5
2 19 3 1 3875.71
2 19 4 1 9988.38
2 19 5 1 90025.2
2 19 6 1 25723.3
2 19 7 1 58524.7
2 19 8 1 4139.89
2 19 9 1 7572.81
2 19 10 1 2610.11
2 20 1 1 8309.72
2 20 2 1 23723.8
2 20 3 1 3758.7
2 20 4 1 11099.1
2 20 5 1 107352
2 20 6 1 37000
2 20 7 1 57605
2 20 8 1 4648.01
2 20 9 1 9255.87
2 20 10 1 3335.24
2 21 1 1 9224.54
2 21 2 1 21479.6
2 21 3 1 3765.17
2 21 4 1 11732.7
2 21 5 1 139270
2 21 6 1 34074.4
2 21 7 1 56706.7
2 21 8 1 5005.83
2 21 9 1 11603.9
2 21 10 1 4973.99
2 22 1 1 9461.08
2 22 2 1 17837.2
2 22 3 1 4043.66
2 22 4 1 11794.8
2 22 5 1 131188
2 22 6 1 42945.4
2 22 7 1 55879.1
2 22 8 1 5561.53
2 22 9 1 15268.6
2 22 10 1 7481.55
2 23 1 1 8962.74
2 23 2 1 20849
2 23 3 1 3604.59
2 23 4 1 11632.2
2 23 5 1 110981
2 23 6 1 31811
2 23 7 1 51805.2
2 23 8 1 6195.17
2 23 9 1 17950.3
2 23 10 1 8567.22
2 24 1 1 8334.77
2 24 2 1 19544.8
2 24 3 1 3186.38
2 24 4 1 10807.5
2 24 5 1 107184
2 24 6 1 21716.4
2 24 7 1 46719
2 24 8 1 5770.77
2 24 9 1 20526.2
2 24 10 1 6914.05
2 25 1 1 6873.06
2 25 2 1 15062.2
2 25 3 1 2525.87
2 25 4 1 10033
2 25 5 1 100507
2 25 6 1 25219.7
2 25 7 1 42398.2
2 25 8 1 5307.54
2 25 9 1 22227.5
2 25 10 1 6381.2
2 26 1 1 5480.11
2 26 2 1 6872.54
2 26 3 1 1684.97
2 26 4 1 8665.64
2 26 5 1 126025
2 26 6 1 27372.9
2 26 7 1 40613.7
2 26 8 1 4057.47
2 26 9 1 21432.8
2 26 10 1 4714.63
2 27 1 1 3960.74
2 27 2 1 9426.55
2 27 3 1 674.856
2 27 4 1 7435.45
2 27 5 1 199806
2 27 6 1 20584.4
2 27 7 1 38671.4
2 27 8 1 3267.7
2 27 9 1 19164.9
2 27 10 1 3271.33
2 28 1 1 3878.67
2 28 2 1 8171.2
2 28 3 1 432.163
2 28 4 1 6752.01
2 28 5 1 253620
2 28 6 1 19202
2 28 7 1 38229
2 28 8 1 3130.25
2 28 9 1 24818
2 28 10 1 2667.33
2 29 1 1 4366.18
2 29 2 1 5799.59
2 29 3 1 1294.61
2 29 4 1 6621.41
2 29 5 1 234728
2 29 6 1 19922.8
2 29 7 1 38140.5
2 29 8 1 3563.44
2 29 9 1 32313.4
2 29 10 1 3085.81
2 30 1 1 4839.12
2 30 2 1 6766.07
2 30 3 1 1314.99
2 30 4 1 6450.21
2 30 5 1 261658
2 30 6 1 22098.5
2 30 7 1 38437.2
2 30 8 1 3716.86
2 30 9 1 38357.2
2 30 10 1 3132.95
2 31 1 1 5274.98
2 31 2 1 11594.5
2 31 3 1 811.752
2 31 4 1 6015.9
2 31 5 1 276005
2 31 6 1 20531.2
2 31 7 1 41065.7
2 31 8 1 3466.85
2 31 9 1 40818.8
2 31 10 1 2566.74
2 32 1 1 4670.62
2 32 2 1 9390.75
2 32 3 1 429.864
2 32 4 1 5421.83
2 32 5 1 230889
2 32 6 1 19391.2
2 32 7 1 44359.4
2 32 8 1 3105.91
2 32 9 1 38903.1
2 32 10 1 1759.71
2 33 1 1 3208.08
2 33 2 1 15855.7
2 33 3 1 290.436
2 33 4 1 4939.44
2 33 5 1 178605
2 33 6 1 21103.8
2 33 7 1 46387.2
2 33 8 1 2921.93
2 33 9 1 33903.3
2 33 10 1 1151.88
2 34 1 1 2154.8
2 34 2 1 18193.4
2 34 3 1 196.89
2 34 4 1 4467.7
2 34 5 1 155336
2 34 6 1 22625.9
2 34 7 1 48018.9
2 34 8 1 2544.27
2 34 9 1 29593.4
2 34 10 1 629.648
2 35 1 1 1630.89
2 35 2 1 14846.9
2 35 3 1 429.183
2 35 4 1 4235.97
2 35 5 1 128139
2 35 6 1 35184
2 35 7 1 50672.3
2 35 8 1 2329.94
2 35 9 1 27262
2 35 10 1 393.711
2 36 1 1 1829.08
2 36 2 1 12943.9
2 36 3 1 1161.54
2 36 4 1 4476.15
2 36 5 1 140648
2 36 6 1 31708.3
2 36 7 1 56377.5
2 36 8 1 2384.72
2 36 9 1 40034.2
2 36 10 1 314.378
2 37 1 1 1912.98
2 37 2 1 10877.8
2 37 3 1 1168.99
2 37 4 1 4593.4
2 37 5 1 185292
2 37 6 1 23740.7
2 37 7 1 60011.1
2 37 8 1 2056.04
2 37 9 1 50436.6
2 37 10 1 197.215
2 38 1 1 1759.45
2 38 2 1 8869.59
2 38 3 1 1108.9
2 38 4 1 4538.77
2 38 5 1 194099
2 38 6 1 20401.5
2 38 7 1 61820.4
2 38 8 1 1673.57
2 38 9 1 56014.2
2 38 10 1 114.925
2 39 1 1 1755.56
2 39 2 1 5804.46
2 39 3 1 801.401
2 39 4 1 4713.78
2 39 5 1 170946
2 39 6 1 16512.8
2 39 7 1 65117.7
2 39 8 1 1583.12
2 39 9 1 63054
2 39 10 1 89.4498
2 40 1 1 1842.97
2 40 2 1 4719.7
2 40 3 1 1090.18
2 40 4 1 5027.89
2 40 5 1 161230
2 40 6 1 21764.6
2 40 7 1 69457.5
2 40 8 1 1594.5
2 40 9 1 69452.6
2 40 10 1 74.3926
2 41 1 1 1960
2 41 2 1 10654.4
2 41 3 1 1060.99
2 41 4 1 5476.17
2 41 5 1 160959
2 41 6 1 28009.7
2 41 7 1 73418
2 41 8 1 1728.34
2 41 9 1 74466.3
2 41 10 1 68.4884
2 42 1 1 2386.19
2 42 2 1 13433.6
2 42 3 1 5576.49
2 42 4 1 6236.89
2 42 5 1 157856
2 42 6 1 38356.4
2 42 7 1 78156.7
2 42 8 1 2134.73
2 42 9 1 89177
2 42 10 1 87.3255
2 43 1 1 2050.24
2 43 2 1 11535.6
2 43 3 1 8645.67
2 43 4 1 6248.55
2 43 5 1 139780
2 43 6 1 27643.5
2 43 7 1 78457.6
2 43 8 1 2150.18
2 43 9 1 86046
2 43 10 1 94.7219
2 44 1 1 1477.3
2 44 2 1 10444.9
2 44 3 1 11762.7
2 44 4 1 5787.66
2 44 5 1 113764
2 44 6 1 14696.7
2 44 7 1 76017.2
2 44 8 1 2072.57
2 44 9 1 74038.8
2 44 10 1 108.16
2 45 1 1 1092.47
2 45 2 1 9848.14
2 45 3 1 12571.7
2 45 4 1 5321.22
2 45 5 1 89109.3
2 45 6 1 8432.33
2 45 7 1 73369.8
2 45 8 1 2059.23
2 45 9 1 63095.6
2 45 10 1 123.288
2 46 1 1 853.851
2 46 2 1 9308.86
2 46 3 1 10212.4
2 46 4 1 4882.66
2 46 5 1 73088.7
2 46 6 1 4775.24
2 46 7 1 70629.6
2 46 8 1 2003.34
2 46 9 1 52766.2
2 46 10 1 131.626
2 47 1 1 694.265
2 47 2 1 8969.15
2 47 3 1 7412.84
2 47 4 1 4491.91
2 47 5 1 65592.9
2 47 6 1 2658.96
2 47 7 1 67986.4
2 47 8 1 1931.73
2 47 9 1 43155.1
2 47 10 1 137.084
2 48 1 1 584.766
2 48 2 1 9035.07
2 48 3 1 5024.77
2 48 4 1 4156.7
2 48 5 1 64588.2
2 48 6 1 1487.25
2 48 7 1 65620
2 48 8 1 1915.4
2 48 9 1 34573.8
2 48 10 1 144.191
2 49 1 1 490.164
2 49 2 1 9318.76
2 49 3 1 3575.23
2 49 4 1 3876.69
2 49 5 1 63511.5
2 49 6 1 836.616
2 49 7 1 63558.6
2 49 8 1 1923.31
2 49 9 1 27252.4
2 49 10 1 157.852
2 50 1 1 402.781
2 50 2 1 9630.9
2 50 3 1 2725.25
2 50 4 1 3647.13
2 50 5 1 60758.3
2 50 6 1 480.896
2 50 7 1 61868.4
2 50 8 1 1926.64
2 50 9 1 21252.6
2 50 10 1 174.323
2 51 1 1 325.186
2 51 2 1 10366.3
2 51 3 1 2832.53
2 51 4 1 3461.44
2 51 5 1 56287.9
2 51 6 1 311.656
2 51 7 1 60677.7
2 51 8 1 1998.47
2 51 9 1 16496.8
2 51 10 1 200.677
2 52 1 1 261.855
2 52 2 1 10844.5
2 52 3 1 3007.46
2 52 4 1 3312.72
2 52 5 1 50837.1
2 52 6 1 197.313
2 52 7 1 59815.3
2 52 8 1 2036.42
2 52 9 1 12826.1
2 52 10 1 231.309
2 53 1 1 212.779
2 53 2 1 11328.7
2 53 3 1 2872.86
2 53 4 1 3194.49
2 53 5 1 46271.4
2 53 6 1 126.604
2 53 7 1 59382.5
2 53 8 1 2067.93
2 53 9 1 10052.6
2 53 10 1 260.724
2 54 1 1 161.684
2 54 2 1 11570.1
2 54 3 1 3055.08
2 54 4 1 3101.05
2 54 5 1 38600.4
2 54 6 1 82.9287
2 54 7 1 59190.1
2 54 8 1 2054.05
2 54 9 1 7992.53
2 54 10 1 297.227
2 55 1 1 131.882
2 55 2 1 11392.2
2 55 3 1 2524.78
2 55 4 1 3027.53
2 55 5 1 34939.1
2 55 6 1 49.4804
2 55 7 1 59246.8
2 55 8 1 1989.31
2 55 9 1 6483.21
2 55 10 1 314.371
2 56 1 1 112.676
2 56 2 1 11905.2
2 56 3 1 1814.31
2 56 4 1 2969.91
2 56 5 1 34917.7
2 56 6 1 31.0566
2 56 7 1 59661.9
2 56 8 1 2023.41
2 56 9 1 5389.78
2 56 10 1 341.852
2 57 1 1 94.8433
2 57 2 1 12466.7
2 57 3 1 1372.68
2 57 4 1 2924.89
2 57 5 1 34524.4
2 57 6 1 19.2931
2 57 7 1 60199.5
2 57 8 1 2075.82
2 57 9 1 4604.96
2 57 10 1 391.572
2 58 1 1 78.0855
2 58 2 1 12811.1
2 58 3 1 1087.3
2 58 4 1 2889.81
2 58 5 1 33036
2 58 6 1 11.8923
2 58 7 1 60833.1
2 58 8 1 2092.36
2 58 9 1 4045.98
2 58 10 1 442.036
2 59 1 1 63.7966
2 59 2 1 13180.5
2 59 3 1 1148.85
2 59 4 1 2862.53
2 59 5 1 31223.8
2 59 6 1 7.54367
2 59 7 1 61547.8
2 59 8 1 2114.43
2 59 9 1 3650.44
2 59 10 1 494.728
2 60 1 1 54.4222
2 60 2 1 13179.2
2 60 3 1 905.715
2 60 4 1 2841.37
2 60 5 1 32281
2 60 6 1 4.2288
2 60 7 1 62216.8
2 60 8 1 2095.75
2 60 9 1 3372.12
2 60 10 1 527.524
2 61 1 1 44.6156
2 61 2 1 13470.8
2 61 3 1 825.616
2 61 4 1 2824.97
2 61 5 1 31225.1
2 61 6 1 2.56744
2 61 7 1 62870.2
2 61 8 1 2089.85
2 61 9 1 3177.2
2 61 10 1 587.583
2 62 1 1 36.2502
2 62 2 1 13579
2 62 3 1 659.552
2 62 4 1 2812.28
2 62 5 1 29712.8
2 62 6 1 1.57219
2 62 7 1 63441.4
2 62 8 1 2083.77
2 62 9 1 3041.25
2 62 10 1 649.826
2 63 1 1 29.3076
2 63 2 1 13596.2
2 63 3 1 657.493
2 63 4 1 2802.48
2 63 5 1 27852.1
2 63 6 1 0.961246
2 63 7 1 63898.4
2 63 8 1 2061.54
2 63 9 1 2946.78
2 63 10 1 713.651
2 64 1 1 23.1341
2 64 2 1 13690.9
2 64 3 1 737.905
2 64 4 1 2794.91
2 64 5 1 23858.2
2 64 6 1 0.6252
2 64 7 1 64266.6
2 64 8 1 2052.46
2 64 9 1 2881.34
2 64 10 1 795.739
2 65 1 1 17.8707
2 65 2 1 13567.1
2 65 3 1 749.28
2 65 4 1 2789.07
2 65 5 1 19345.2
2 65 6 1 0.409693
2 65 7 1 64479.7
2 65 8 1 2023.6
2 65 9 1 2836.14
2 65 10 1 883.454
2 66 1 1 13.4055
2 66 2 1 13197.5
2 66 3 1 732.563
2 66 4 1 2784.58
2 66 5 1 15423.1
2 66 6 1 0.268328
2 66 7 1 64542.7
2 66 8 1 1961.99
2 66 9 1 2804.99
2 66 10 1 960.429
2 67 1 1 10.1438
2 67 2 1 12774.7
2 67 3 1 670.407
2 67 4 1 2781.11
2 67 5 1 12307.8
2 67 6 1 0.173627
2 67 7 1 64502
2 67 8 1 1899.14
2 67 9 1 2783.57
2 67 10 1 1015.98
2 68 1 1 8.89387
2 68 2 1 12439.8
2 68 3 1 471.122
2 68 4 1 2778.45
2 68 5 1 13082.8
2 68 6 1 0.0993948
2 68 7 1 64405.8
2 68 8 1 1857.78
2 68 9 1 2768.88
2 68 10 1 1025.52
2 69 1 1 7.59472
2 69 2 1 13305.4
2 69 3 1 409.979
2 69 4 1 2776.4
2 69 5 1 13360.6
2 69 6 1 0.0660489
2 69 7 1 64406.7
2 69 8 1 1952.27
2 69 9 1 2758.82
2 69 10 1 1164.66
2 70 1 1 6.25127
2 70 2 1 13921.4
2 70 3 1 407.686
2 70 4 1 2774.84
2 70 5 1 12718.1
2 70 6 1 0.0435794
2 70 7 1 64325.9
2 70 8 1 2040.02
2 70 9 1 2751.94
2 70 10 1 1364.27
2 71 1 1 5.20677
2 71 2 1 14047.2
2 71 3 1 314.151
2 71 4 1 2773.63
2 71 5 1 12535.7
2 71 6 1 0.0265048
2 71 7 1 64212.4
2 71 8 1 2056.68
2 71 9 1 2747.24
2 71 10 1 1491.97
2 72 1 1 3.95666
2 72 2 1 14840.7
2 72 3 1 432.291
2 72 4 1 2772.72
2 72 5 1 10896
2 72 6 1 0.0215718
2 72 7 1 64183.6
2 72 8 1 2134.7
2 72 9 1 2744.03
2 72 10 1 1763.66
2 73 1 1 2.95454
2 73 2 1 14427.6
2 73 3 1 455.827
2 73 4 1 2772.02
2 73 5 1 8727.17
2 73 6 1 0.0143059
2 73 7 1 63966.1
2 73 8 1 2091.15
2 73 9 1 2741.85
2 73 10 1 1974.93
2 74 1 1 2.4157
2 74 2 1 13530.7
2 74 3 1 370.511
2 74 4 1 2771.48
2 74 5 1 7130.92
2 74 6 1 0.00838931
2 74 7 1 63737.8
2 74 8 1 1970.09
2 74 9 1 2740.37
2 74 10 1 1956.17
2 75 1 1 1.99397
2 75 2 1 12836.3
2 75 3 1 303.339
2 75 4 1 2771.08
2 75 5 1 6276.64
2 75 6 1 0.00490522
2 75 7 1 63462.1
2 75 8 1 1854.99
2 75 9 1 2739.36
2 75 10 1 1944.2
2 76 1 1 1.61712
2 76 2 1 12674.2
2 76 3 1 265.021
2 76 4 1 2770.77
2 76 5 1 5818.67
2 76 6 1 0.00304786
2 76 7 1 63260.5
2 76 8 1 1814.5
2 76 9 1 2738.68
2 76 10 1 2021.69
2 77 1 1 1.30225
2 77 2 1 12606.2
2 77 3 1 239.081
2 77 4 1 2770.54
2 77 5 1 5388.34
2 77 6 1 0.00189024
2 77 7 1 63045.3
2 77 8 1 1796.93
2 77 9 1 2738.21
2 77 10 1 2151.2
2 78 1 1 1.00822
2 78 2 1 12698.3
2 78 3 1 242.3
2 78 4 1 2770.37
2 78 5 1 4577.32
2 78 6 1 0.00124572
2 78 7 1 62883.7
2 78 8 1 1798.31
2 78 9 1 2737.9
2 78 10 1 2338.62
2 79 1 1 0.77297
2 79 2 1 12309.2
2 79 3 1 234.262
2 79 4 1 2770.24
2 79 5 1 3675.31
2 79 6 1 0.000779585
2 79 7 1 62648.8
2 79 8 1 1746.62
2 79 9 1 2737.68
2 79 10 1 2462.45
2 80 1 1 0.569621
2 80 2 1 11895.4
2 80 3 1 243.543
2 80 4 1 2770.15
2 80 5 1 2853.25
2 80 6 1 0.000607683
2 80 7 1 62426.3
2 80 8 1 1678.36
2 80 9 1 2737.54
2 80 10 1 2595.22
2 81 1 1 0.454478
2 81 2 1 10701
2 81 3 1 194.661
2 81 4 1 2770.09
2 81 5 1 2429.5
2 81 6 1 0.000330223
2 81 7 1 62064.4
2 81 8 1 1531.71
2 81 9 1 2737.44
2 81 10 1 2439
2 82 1 1 0.343171
2 82 2 1 10034.3
2 82 3 1 167.686
2 82 4 1 2770.04
2 82 5 1 1997.56
2 82 6 1 0.000188728
2 82 7 1 61771.8
2 82 8 1 1417.94
2 82 9 1 2737.38
2 82 10 1 2326.97
2 83 1 1 0.266265
2 83 2 1 9649.54
2 83 3 1 145.403
2 83 4 1 2770.01
2 83 5 1 1590.63
2 83 6 1 0.00011561
2 83 7 1 61526.5
2 83 8 1 1363.15
2 83 9 1 2737.33
2 83 10 1 2307.46
2 84 1 1 0.212233
2 84 2 1 9432.34
2 84 3 1 126.63
2 84 4 1 2770
2 84 5 1 1268.84
2 84 6 1 7.00006e-05
2 84 7 1 61316.4
2 84 8 1 1331.57
2 84 9 1 2737.3
2 84 10 1 2341.5
2 85 1 1 0.164139
2 85 2 1 9223.85
2 85 3 1 117.229
2 85 4 1 2769.99
2 85 5 1 998.852
2 85 6 1 4.2886e-05
2 85 7 1 61135.7
2 85 8 1 1301.08
2 85 9 1 2737.28
2 85 10 1 2396.18
2 86 1 1 0.119293
2 86 2 1 8955.03
2 86 3 1 123.039
2 86 4 1 2769.99
2 86 5 1 755.977
2 86 6 1 3.27479e-05
2 86 7 1 60951.6
2 86 8 1 1259.4
2 86 9 1 2737.27
2 86 10 1 2509.9
2 87 1 1 0.0879396
2 87 2 1 8306.55
2 87 3 1 105.008
2 87 4 1 2769.99
2 87 5 1 578.885
2 87 6 1 1.89803e-05
2 87 7 1 60747.6
2 87 8 1 1184.73
2 87 9 1 2737.26
2 87 10 1 2407.41
2 88 1 1 0.0677209
2 88 2 1 7789.64
2 88 3 1 86.5219
2 88 4 1 2770
2 88 5 1 446.254
2 88 6 1 1.06513e-05
2 88 7 1 60565.3
2 88 8 1 1110.63
2 88 9 1 2737.25
2 88 10 1 2273.95
2 89 1 1 0.0551447
2 89 2 1 7597.93
2 89 3 1 70.1796
2 89 4 1 2770.01
2 89 5 1 394.6
2 89 6 1 6.29213e-06
2 89 7 1 60507
2 89 8 1 1083.91
2 89 9 1 2737.25
2 89 10 1 2211.15
2 90 1 1 0.0456744
2 90 2 1 7749
2 90 3 1 55.8759
2 90 4 1 2770.02
2 90 5 1 394.554
2 90 6 1 3.80724e-06
2 90 7 1 60565.7
2 90 8 1 1105.96
2 90 9 1 2737.24
2 90 10 1 2268.05
2 91 1 1 0.0363788
2 91 2 1 8029.53
2 91 3 1 54.1757
2 91 4 1 2770.04
2 91 5 1 345.506
2 91 6 1 2.41565e-06
2 91 7 1 60697
2 91 8 1 1144.99
2 91 9 1 2737.24
2 91 10 1 2450.28
2 92 1 1 0.0268496
2 92 2 1 8208.94
2 92 3 1 61.1228
2 92 4 1 2770.05
2 92 5 1 273.831
2 92 6 1 1.7875e-06
2 92 7 1 60853.7
2 92 8 1 1171.54
2 92 9 1 2737.24
2 92 10 1 2694.83
2 93 1 1 0.019557
2 93 2 1 7862.47
2 93 3 1 60.3336
2 93 4 1 2770.06
2 93 5 1 211.981
2 93 6 1 1.24825e-06
2 93 7 1 60909.7
2 93 8 1 1134.96
2 93 9 1 2737.24
2 93 10 1 2767.53
2 94 1 1 0.0145677
2 94 2 1 7437.25
2 94 3 1 52.5663
2 94 4 1 2770.06
2 94 5 1 165.109
2 94 6 1 7.93352e-07
2 94 7 1 60990.2
2 94 8 1 1083.76
2 94 9 1 2737.24
2 94 10 1 2660.82
2 95 1 1 0.0108864
2 95 2 1 7056.3
2 95 3 1 46.8076
2 95 4 1 2770.07
2 95 5 1 127.533
2 95 6 1 5.25041e-07
2 95 7 1 61010.9
2 95 8 1 1033.2
2 95 9 1 2737.24
2 95 10 1 2597.88
2 96 1 1 0.00814404
2 96 2 1 6613.33
2 96 3 1 41.0319
2 96 4 1 2770.07
2 96 5 1 98.2451
2 96 6 1 3.07889e-07
2 96 7 1 60978
2 96 8 1 975.757
2 96 9 1 2737.24
2 96 10 1 2502.88
2 97 1 1 0.0060719
2 97 2 1 6234.12
2 97 3 1 35.8615
2 97 4 1 2770.07
2 97 5 1 75.3572
2 97 6 1 1.81632e-07
2 97 7 1 60910.9
2 97 8 1 923.288
2 97 9 1 2737.24
2 97 10 1 2397.85
2 98 1 1 0.00450367
2 98 2 1 6021.23
2 98 3 1 32.6619
2 98 4 1 2770.07
2 98 5 1 57.3853
2 98 6 1 1.27694e-07
2 98 7 1 60858.7
2 98 8 1 894.225
2 98 9 1 2737.24
2 98 10 1 2369.1
2 99 1 1 0.00333365
2 99 2 1 5724.03
2 99 3 1 29.913
2 99 4 1 2770.07
2 99 5 1 43.2317
2 99 6 1 8.62334e-08
2 99 7 1 60722.3
2 99 8 1 857.189
2 99 9 1 2737.24
2 99 10 1 2348.49
2 100 1 1 0.00243753
2 100 2 1 5400.72
2 100 3 1 28.0518
2 100 4 1 2770.07
2 100 5 1 31.9611
2 100 6 1 6.22346e-08
2 100 7 1 60555.3
2 100 8 1 813.281
2 100 9 1 2737.24
2 100 10 1 2309.13
2 101 1 1 0.00179524
2 101 2 1 4950.36
2 101 3 1 24.0518
2 101 4 1 2770.07
2 101 5 1 23.7344
2 101 6 1 3.96931e-08
2 101 7 1 60313.8
2 101 8 1 755.863
2 101 9 1 2737.24
2 101 10 1 2162.96
2 102 1 1 0.0013282
2 102 2 1 4509.59
2 102 3 1 19.7588
2 102 4 1 2770.07
2 102 5 1 17.7543
2 102 6 1 2.32357e-08
2 102 7 1 60029.6
2 102 8 1 693.159
2 102 9 1 2737.24
2 102 10 1 1975.06
2 103 1 1 0.000986112
2 103 2 1 4269.05
2 103 3 1 16.3788
2 103 4 1 2770.07
2 103 5 1 13.4202
2 103 6 1 1.34516e-08
2 103 7 1 59828.1
2 103 8 1 657.557
2 103 9 1 2737.24
2 103 10 1 1846.85
2 104 1 1 0.000817142
2 104 2 1 4266.66
2 104 3 1 12.6144
2 104 4 1 2770.08
2 104 5 1 12.5698
2 104 6 1 7.91219e-09
2 104 7 1 59768.8
2 104 8 1 661.877
2 104 9 1 2737.24
2 104 10 1 1797.94
2 105 1 1 0.000619671
2 105 2 1 4516.49
2 105 3 1 13.1618
2 105 4 1 2770.09
2 105 5 1 10.6498
2 105 6 1 5.97923e-09
2 105 7 1 59822.2
2 105 8 1 697.028
2 105 9 1 2737.24
2 105 10 1 1989.21
2 106 1 1 0.000456722
2 106 2 1 4461.94
2 106 3 1 12.6126
2 106 4 1 2770.1
2 106 5 1 8.30609
2 106 6 1 3.66412e-09
2 106 7 1 59822.6
2 106 8 1 700.684
2 106 9 1 2737.24
2 106 10 1 2077.63
2 107 1 1 0.000342575
2 107 2 1 4366.02
2 107 3 1 11.136
2 107 4 1 2770.11
2 107 5 1 6.50357
2 107 6 1 2.17653e-09
2 107 7 1 59892.3
2 107 8 1 690.586
2 107 9 1 2737.24
2 107 10 1 2042.9
2 108 1 1 0.000271174
2 108 2 1 4246.57
2 108 3 1 9.477
2 108 4 1 2770.12
2 108 5 1 5.09915
2 108 6 1 1.2787e-09
2 108 7 1 59969
2 108 8 1 676.864
2 108 9 1 2737.24
2 108 10 1 1994.04
2 109 1 1 0.000219971
2 109 2 1 4314.7
2 109 3 1 8.06803
2 109 4 1 2770.13
2 109 5 1 4.05226
2 109 6 1 7.85781e-10
2 109 7 1 60186.5
2 109 8 1 689.966
2 109 9 1 2737.24
2 109 10 1 2004.46
2 110 1 1 0.000176735
2 110 2 1 4530.36
2 110 3 1 7.29556
2 110 4 1 2770.14
2 110 5 1 3.22322
2 110 6 1 5.06043e-10
2 110 7 1 60484.5
2 110 8 1 728.337
2 110 9 1 2737.24
2 110 10 1 2130.44
2 111 1 1 0.000132159
2 111 2 1 4782.73
2 111 3 1 7.8677
2 111 4 1 2770.14
2 111 5 1 2.48516
2 111 6 1 3.8237e-10
2 111 7 1 60813.3
2 111 8 1 771.941
2 111 9 1 2737.24
2 111 10 1 2378.77
2 112 1 1 9.85472e-05
2 112 2 1 4748.26
2 112 3 1 7.3812
2 112 4 1 2770.14
2 112 5 1 1.90328
2 112 6 1 2.36753e-10
2 112 7 1 61056.8
2 112 8 1 780.171
2 112 9 1 2737.24
2 112 10 1 2459.68
2 113 1 1 7.76064e-05
2 113 2 1 4627.11
2 113 3 1 6.34197
2 113 4 1 2770.13
2 113 5 1 1.46287
2 113 6 1 1.3803e-10
2 113 7 1 61263.3
2 113 8 1 767.231
2 113 9 1 2737.24
2 113 10 1 2401.05
2 114 1 1 6.43858e-05
2 114 2 1 4640.31
2 114 3 1 5.04719
2 114 4 1 2770.13
2 114 5 1 1.37288
2 114 6 1 8.1672e-11
2 114 7 1 61514.5
2 114 8 1 774.287
2 114 9 1 2737.24
2 114 10 1 2348.86
2 115 1 1 5.12674e-05
2 115 2 1 4886.33
2 115 3 1 4.75373
2 115 4 1 2770.12
2 115 5 1 1.18818
2 115 6 1 5.3207e-11
2 115 7 1 61798.7
2 115 8 1 814.489
2 115 9 1 2737.24
2 115 10 1 2503.42
2 116 1 1 3.76146e-05
2 116 2 1 5020.03
2 116 3 1 5.40859
2 116 4 1 2770.1
2 116 5 1 0.913972
2 116 6 1 4.22471e-11
2 116 7 1 61970.1
2 116 8 1 839.698
2 116 9 1 2737.24
2 116 10 1 2782.78
2 117 1 1 2.76128e-05
2 117 2 1 4794.16
2 117 3 1 4.98284
2 117 4 1 2770.09
2 117 5 1 0.701543
2 117 6 1 2.69366e-11
2 117 7 1 62001.3
2 117 8 1 816.805
2 117 9 1 2737.24
2 117 10 1 2758.42
2 118 1 1 2.13878e-05
2 118 2 1 4525.36
2 118 3 1 4.0369
2 118 4 1 2770.07
2 118 5 1 0.546777
2 118 6 1 1.50741e-11
2 118 7 1 61959.9
2 118 8 1 778.004
2 118 9 1 2737.24
2 118 10 1 2555.82
2 119 1 1 1.59809e-05
2 119 2 1 4438.19
2 119 3 1 3.69985
2 119 4 1 2770.05
2 119 5 1 0.419649
2 119 6 1 1.04156e-11
2 119 7 1 61895.6
2 119 8 1 760.741
2 119 9 1 2737.24
2 119 10 1 2526.36
2 120 1 1 1.16181e-05
2 120 2 1 4272.06
2 120 3 1 3.60618
2 120 4 1 2770.04
2 120 5 1 0.313518
2 120 6 1 7.63603e-12
2 120 7 1 61705.9
2 120 8 1 736.731
2 120 9 1 2737.24
2 120 10 1 2560.33
2 121 1 1 9.38126e-06
2 121 2 1 3938.78
2 121 3 1 2.74735
2 121 4 1 2770.02
2 121 5 1 0.272724
2 121 6 1 4.04151e-12
2 121 7 1 61439
2 121 8 1 691.777
2 121 9 1 2737.24
2 121 10 1 2314.7
2 122 1 1 7.77513e-06
2 122 2 1 3886.25
2 122 3 1 2.00711
2 122 4 1 2770.01
2 122 5 1 0.267768
2 122 6 1 2.19481e-12
2 122 7 1 61265.3
2 122 8 1 679.228
2 122 9 1 2737.24
2 122 10 1 2154.37
2 123 1 1 6.2002e-06
2 123 2 1 4107.24
2 123 3 1 1.80354
2 123 4 1 2770.01
2 123 5 1 0.234785
2 123 6 1 1.39198e-12
2 123 7 1 61203.1
2 123 8 1 714.199
2 123 9 1 2737.24
2 123 10 1 2269.35
3 1 1 1 36579.1
3 1 2 1 3524.46
3 1 3 1 2702.91
3 1 4 1 7936.22
3 1 5 1 248107
3 1 6 1 61733.1
3 1 7 1 56511.1
3 1 8 1 11740.6
3 1 9 1 23432.2
3 1 10 1 7667.4
3 2 1 1 43479.3
3 2 2 1 11583.7
3 2 3 1 2254
3 2 4 1 7716.8
3 2 5 1 256705
3 2 6 1 42481.6
3 2 7 1 65923.6
3 2 8 1 11569.7
3 2 9 1 22968.6
3 2 10 1 9563.28
3 3 1 1 41749.3
3 3 2 1 14146.4
3 3 3 1 1603.98
3 3 4 1 8099.75
3 3 5 1 264314
3 3 6 1 59031.4
3 3 7 1 69683.3
3 3 8 1 10439.8
3 3 9 1 23568
3 3 10 1 8877.91
3 4 1 1 43399.4
3 4 2 1 11681.1
3 4 3 1 3977.54
3 4 4 1 8861.87
3 4 5 1 257043
3 4 6 1 52098.3
3 4 7 1 70925.7
3 4 8 1 9917.28
3 4 9 1 22147.9
3 4 10 1 9333.9
3 5 1 1 43052.7
3 5 2 1 8411.53
3 5 3 1 12675.8
3 5 4 1 9166.39
3 5 5 1 226192
3 5 6 1 92090.8
3 5 7 1 70999.9
3 5 8 1 9617.48
3 5 9 1 20142.6
3 5 10 1 8397.08
3 6 1 1 39335.9
3 6 2 1 5401.6
3 6 3 1 12119.9
3 6 4 1 9197.07
3 6 5 1 188688
3 6 6 1 63457
3 6 7 1 71143.6
3 6 8 1 9325.38
3 6 9 1 18414.5
3 6 10 1 6797.63
3 7 1 1 37604
3 7 2 1 3812.5
3 7 3 1 14445.2
3 7 4 1 9429.47
3 7 5 1 168094
3 7 6 1 59781.8
3 7 7 1 72212.4
3 7 8 1 9032.72
3 7 9 1 19860.2
3 7 10 1 5795.75
3 8 1 1 35626.3
3 8 2 1 4836.92
3 8 3 1 12166
3 8 4 1 9149.62
3 8 5 1 159052
3 8 6 1 58523.8
3 8 7 1 73786.9
3 8 8 1 8310.66
3 8 9 1 19417.4
3 8 10 1 5196.26
3 9 1 1 31787.3
3 9 2 1 7176.7
3 9 3 1 12080.5
3 9 4 1 8502.91
3 9 5 1 140038
3 9 6 1 81668.2
3 9 7 1 75346.7
3 9 8 1 7598.91
3 9 9 1 18094.4
3 9 10 1 4537.31
3 10 1 1 34479.9
3 10 2 1 11721.2
3 10 3 1 10403.5
3 10 4 1 7823.28
3 10 5 1 136256
3 10 6 1 55159.6
3 10 7 1 76036.3
3 10 8 1 7087.95
3 10 9 1 16379.8
3 10 10 1 3567.76
3 11 1 1 32305.8
3 11 2 1 10332.3
3 11 3 1 7311.45
3 11 4 1 6741.06
3 11 5 1 133981
3 11 6 1 85939
3 11 7 1 76045.1
3 11 8 1 6345.21
3 11 9 1 16670.1
3 11 10 1 4256.67
3 12 1 1 35484.1
3 12 2 1 9955.69
3 12 3 1 6591.13
3 12 4 1 6110.89
3 12 5 1 127572
3 12 6 1 72368.9
3 12 7 1 75941.1
3 12 8 1 6454.49
3 12 9 1 16695.1
3 12 10 1 6384.26
3 13 1 1 31656.7
3 13 2 1 8952.67
3 13 3 1 4827.11
3 13 4 1 5106.26
3 13 5 1 118985
3 13 6 1 55209.5
3 13 7 1 74537.2
3 13 8 1 5884.25
3 13 9 1 14660.1
3 13 10 1 5560.27
3 14 1 1 23656.1
3 14 2 1 7227.17
3 14 3 1 5783.05
3 14 4 1 5862.41
3 14 5 1 105227
3 14 6 1 49804
3 14 7 1 71315.3
3 14 8 1 5454.33
3 14 9 1 11604.1
3 14 10 1 4423.94
3 15 1 1 19222.1
3 15 2 1 5007.31
3 15 3 1 5456.73
3 15 4 1 6694.25
3 15 5 1 109611
3 15 6 1 83464.2
3 15 7 1 68409.6
3 15 8 1 4977.73
3 15 9 1 9532.79
3 15 10 1 3413.82
3 16 1 1 16187.9
3 16 2 1 2540.79
3 16 3 1 10782.2
3 16 4 1 7918.18
3 16 5 1 118336
3 16 6 1 105714
3 16 7 1 68996.2
3 16 8 1 4553.72
3 16 9 1 8821.73
3 16 10 1 2697.16
3 17 1 1 9968.78
3 17 2 1 1244.54
3 17 3 1 9345.12
3 17 4 1 7915.29
3 17 5 1 105349
3 17 6 1 57565.8
3 17 7 1 66651.6
3 17 8 1 4360.82
3 17 9 1 6539.32
3 17 10 1 2007.12
3 18 1 1 8657.69
3 18 2 1 11793.8
3 18 3 1 7359.16
3 18 4 1 8896.1
3 18 5 1 92733
3 18 6 1 49933.1
3 18 7 1 64930.6
3 18 8 1 5118.11
3 18 9 1 7183.9
3 18 10 1 2860.45
3 19 1 1 8355.81
3 19 2 1 31929.2
3 19 3 1 5634.65
3 19 4 1 10369.5
3 19 5 1 99188.8
3 19 6 1 50242.3
3 19 7 1 62949.7
3 19 8 1 5873.95
3 19 9 1 8286.65
3 19 10 1 3570.75
3 20 1 1 9015.69
3 20 2 1 47486.2
3 20 3 1 5715.54
3 20 4 1 11418.5
3 20 5 1 126527
3 20 6 1 71973.8
3 20 7 1 61761.8
3 20 8 1 6539.13
3 20 9 1 10165
3 20 10 1 4584.09
3 21 1 1 9864.83
3 21 2 1 38950.6
3 21 3 1 6061.31
3 21 4 1 12002
3 21 5 1 154339
3 21 6 1 66823
3 21 7 1 60607.3
3 21 8 1 6975.03
3 21 9 1 12851.1
3 21 10 1 7392.11
3 22 1 1 10231.8
3 22 2 1 31774.6
3 22 3 1 5820.66
3 22 4 1 12024.4
3 22 5 1 146548
3 22 6 1 78497.8
3 22 7 1 59605.3
3 22 8 1 7846.76
3 22 9 1 17204.5
3 22 10 1 10062.5
3 23 1 1 9892.66
3 23 2 1 41238.4
3 23 3 1 5131.11
3 23 4 1 11833.6
3 23 5 1 124909
3 23 6 1 53521.2
3 23 7 1 55328.8
3 23 8 1 8586.71
3 23 9 1 19460.1
3 23 10 1 10702.9
3 24 1 1 9195.94
3 24 2 1 34735.7
3 24 3 1 4645.4
3 24 4 1 10984.7
3 24 5 1 125266
3 24 6 1 38030.1
3 24 7 1 50076.4
3 24 8 1 7867.93
3 24 9 1 22759.9
3 24 10 1 8679.4
3 25 1 1 7386.42
3 25 2 1 28699.4
3 25 3 1 3503.77
3 25 4 1 10193.2
3 25 5 1 116142
3 25 6 1 46274.8
3 25 7 1 45691.8
3 25 8 1 7132.47
3 25 9 1 23952.6
3 25 10 1 8181.11
3 26 1 1 5771.81
3 26 2 1 14527.1
3 26 3 1 2851.75
3 26 4 1 8809.38
3 26 5 1 146543
3 26 6 1 53480.8
3 26 7 1 43913.4
3 26 8 1 5510.01
3 26 9 1 22736.5
3 26 10 1 6054.66
3 27 1 1 4169.43
3 27 2 1 21645
3 27 3 1 1184.42
3 27 4 1 7568.01
3 27 5 1 226312
3 27 6 1 39867.1
3 27 7 1 42074.4
3 27 8 1 4509.02
3 27 9 1 20138.1
3 27 10 1 4169.61
3 28 1 1 4236.37
3 28 2 1 17330.3
3 28 3 1 700.346
3 28 4 1 6879.21
3 28 5 1 280096
3 28 6 1 37866
3 28 7 1 41841.3
3 28 8 1 4333.58
3 28 9 1 29073.4
3 28 10 1 3385.86
3 29 1 1 4791.99
3 29 2 1 12303.5
3 29 3 1 2473.76
3 29 4 1 6748.31
3 29 5 1 258606
3 29 6 1 36133.5
3 29 7 1 42014.4
3 29 8 1 4879.04
3 29 9 1 35688.9
3 29 10 1 3990.27
3 30 1 1 5195.88
3 30 2 1 15145
3 30 3 1 2142.72
3 30 4 1 6576.74
3 30 5 1 292667
3 30 6 1 43800.3
3 30 7 1 42460
3 30 8 1 5065.59
3 30 9 1 40941.3
3 30 10 1 3977.9
3 31 1 1 5562.51
3 31 2 1 26422.7
3 31 3 1 1241.02
3 31 4 1 6141.06
3 31 5 1 301129
3 31 6 1 39336.7
3 31 7 1 45313.3
3 31 8 1 4750.58
3 31 9 1 42704.9
3 31 10 1 3177.82
3 32 1 1 4873.9
3 32 2 1 19381.3
3 32 3 1 623.042
3 32 4 1 5546.13
3 32 5 1 250204
3 32 6 1 34880.3
3 32 7 1 48938
3 32 8 1 4316.96
3 32 9 1 40636.2
3 32 10 1 2134.23
3 33 1 1 3348.23
3 33 2 1 34116.7
3 33 3 1 415.037
3 33 4 1 5065.35
3 33 5 1 195848
3 33 6 1 37325.4
3 33 7 1 51337.9
3 33 8 1 4070.33
3 33 9 1 35169.8
3 33 10 1 1368.63
3 34 1 1 2269.89
3 34 2 1 36928.2
3 34 3 1 276.617
3 34 4 1 4595.44
3 34 5 1 177351
3 34 6 1 40993.1
3 34 7 1 53147.5
3 34 8 1 3522.8
3 34 9 1 31634.7
3 34 10 1 744.126
3 35 1 1 1739.08
3 35 2 1 29995.9
3 35 3 1 654.859
3 35 4 1 4366.44
3 35 5 1 149519
3 35 6 1 61553.5
3 35 7 1 55949.9
3 35 8 1 3179.79
3 35 9 1 28843.6
3 35 10 1 456.972
3 36 1 1 1930.59
3 36 2 1 28884.3
3 36 3 1 2211.31
3 36 4 1 4612.4
3 36 5 1 179503
3 36 6 1 51316.6
3 36 7 1 61589.5
3 36 8 1 3126.36
3 36 9 1 46348.3
3 36 10 1 356.363
3 37 1 1 2069.52
3 37 2 1 23269.1
3 37 3 1 1739.28
3 37 4 1 4730.83
3 37 5 1 246201
3 37 6 1 38581.7
3 37 7 1 64979
3 37 8 1 2699.65
3 37 9 1 55368.9
3 37 10 1 226.058
3 38 1 1 1881.35
3 38 2 1 17699.7
3 38 3 1 1462.8
3 38 4 1 4674.47
3 38 5 1 245749
3 38 6 1 33720.8
3 38 7 1 66564.5
3 38 8 1 2235.54
3 38 9 1 59646.4
3 38 10 1 134.318
3 39 1 1 1840.73
3 39 2 1 12556.4
3 39 3 1 1377.26
3 39 4 1 4847.74
3 39 5 1 218262
3 39 6 1 26124.8
3 39 7 1 69581.3
3 39 8 1 2095.76
3 39 9 1 65735.7
3 39 10 1 104.085
3 40 1 1 1904.96
3 40 2 1 10127.4
3 40 3 1 1788.71
3 40 4 1 5158.06
3 40 5 1 198707
3 40 6 1 38646.3
3 40 7 1 73724
3 40 8 1 2108.39
3 40 9 1 71436
3 40 10 1 85.9223
3 41 1 1 2021.04
3 41 2 1 24146.5
3 41 3 1 1555.37
3 41 4 1 5602.53
3 41 5 1 194304
3 41 6 1 48818.4
3 41 7 1 77472.7
3 41 8 1 2280.34
3 41 9 1 75959.4
3 41 10 1 80.5179
3 42 1 1 2457.55
3 42 2 1 23946.9
3 42 3 1 9918.34
3 42 4 1 6361.24
3 42 5 1 186862
3 42 6 1 69046.6
3 42 7 1 82033
3 42 8 1 2787.25
3 42 9 1 93405.7
3 42 10 1 107.249
3 43 1 1 2128.63
3 43 2 1 21231
3 43 3 1 12458.6
3 43 4 1 6364.32
3 43 5 1 165926
3 43 6 1 44147.9
3 43 7 1 82145.7
3 43 8 1 2950.65
3 43 9 1 89305.3
3 43 10 1 124.476
3 44 1 1 1544.36
3 44 2 1 19074.3
3 44 3 1 14200.3
3 44 4 1 5894.61
3 44 5 1 136455
3 44 6 1 22873.6
3 44 7 1 79502.9
3 44 8 1 2868.54
3 44 9 1 76410.5
3 44 10 1 140.511
3 45 1 1 1148.01
3 45 2 1 18013.8
3 45 3 1 14214.4
3 45 4 1 5422.32
3 45 5 1 109115
3 45 6 1 13207.7
3 45 7 1 76740.3
3 45 8 1 2851.23
3 45 9 1 64799.4
3 45 10 1 158.365
3 46 1 1 896.99
3 46 2 1 16974.3
3 46 3 1 11564.5
3 46 4 1 4979.9
3 46 5 1 90256.8
3 46 6 1 7490.02
3 46 7 1 73913
3 46 8 1 2756.04
3 46 9 1 53989
3 46 10 1 168.404
3 47 1 1 727.991
3 47 2 1 16419.3
3 47 3 1 8658.5
3 47 4 1 4586.58
3 47 5 1 80587.4
3 47 6 1 4234.73
3 47 7 1 71258.2
3 47 8 1 2663.03
3 47 9 1 44040.9
3 47 10 1 176.441
3 48 1 1 612.291
3 48 2 1 16723.4
3 48 3 1 6223.58
3 48 4 1 4249.64
3 48 5 1 78425.4
3 48 6 1 2441.24
3 48 7 1 68972.4
3 48 8 1 2669.53
3 48 9 1 35227.5
3 48 10 1 188.995
3 49 1 1 512.568
3 49 2 1 17207.9
3 49 3 1 4646.36
3 49 4 1 3968.46
3 49 5 1 76589.8
3 49 6 1 1371.2
3 49 7 1 66995.1
3 49 8 1 2677.66
3 49 9 1 27747.9
3 49 10 1 206.837
3 50 1 1 421.203
3 50 2 1 17751.7
3 50 3 1 3636.03
3 50 4 1 3738.09
3 50 5 1 73298.9
3 50 6 1 784.905
3 50 7 1 65410.1
3 50 8 1 2678.79
3 50 9 1 21641.2
3 50 10 1 227.463
3 51 1 1 341.315
3 51 2 1 19244.8
3 51 3 1 3575.89
3 51 4 1 3551.85
3 51 5 1 68763.9
3 51 6 1 510.87
3 51 7 1 64406.5
3 51 8 1 2806.23
3 51 9 1 16813.2
3 51 10 1 263.84
3 52 1 1 274.893
3 52 2 1 19894.8
3 52 3 1 3592.79
3 52 4 1 3402.74
3 52 5 1 62455.4
3 52 6 1 316.311
3 52 7 1 63632.3
3 52 8 1 2827.32
3 52 9 1 13094.1
3 52 10 1 299.607
3 53 1 1 223.64
3 53 2 1 20872.3
3 53 3 1 3389.95
3 53 4 1 3284.24
3 53 5 1 57281.7
3 53 6 1 204.902
3 53 7 1 63342.8
3 53 8 1 2882.55
3 53 9 1 10288.1
3 53 10 1 339.06
3 54 1 1 170.309
3 54 2 1 21056.2
3 54 3 1 3478
3 54 4 1 3190.61
3 54 5 1 48556.1
3 54 6 1 130.251
3 54 7 1 63196.8
3 54 8 1 2831.63
3 54 9 1 8206.11
3 54 10 1 380.172
3 55 1 1 138.563
3 55 2 1 20775.7
3 55 3 1 2921.47
3 55 4 1 3116.96
3 55 5 1 43704.3
3 55 6 1 78.8494
3 55 7 1 63307.5
3 55 8 1 2740.7
3 55 9 1 6682.14
3 55 10 1 403.069
3 56 1 1 118.351
3 56 2 1 22078.1
3 56 3 1 2245.9
3 56 4 1 3059.24
3 56 5 1 43327.5
3 56 6 1 51.2094
3 56 7 1 63882.8
3 56 8 1 2839.35
3 56 9 1 5578.89
3 56 10 1 450.221
3 57 1 1 99.4758
3 57 2 1 22947.2
3 57 3 1 1782.51
3 57 4 1 3014.16
3 57 5 1 42515.1
3 57 6 1 31.4056
3 57 7 1 64470.1
3 57 8 1 2894.88
3 57 9 1 4787.49
3 57 10 1 512.037
3 58 1 1 81.8817
3 58 2 1 23499.7
3 58 3 1 1447.02
3 58 4 1 2979.03
3 58 5 1 40700.4
3 58 6 1 19.2344
3 58 7 1 65132.2
3 58 8 1 2906.5
3 58 9 1 4224.1
3 58 10 1 573.689
3 59 1 1 66.9662
3 59 2 1 24232.6
3 59 3 1 1435.31
3 59 4 1 2951.72
3 59 5 1 38648.8
3 59 6 1 12.2351
3 59 7 1 65885.1
3 59 8 1 2944.75
3 59 9 1 3825.61
3 59 10 1 643.957
3 60 1 1 56.9524
3 60 2 1 24187.1
3 60 3 1 1150.37
3 60 4 1 2930.53
3 60 5 1 39324
3 60 6 1 6.93663
3 60 7 1 66528.8
3 60 8 1 2906.52
3 60 9 1 3545.3
3 60 10 1 688.291
3 61 1 1 46.7323
3 61 2 1 24715.4
3 61 3 1 1032
3 61 4 1 2914.11
3 61 5 1 38264.7
3 61 6 1 4.16513
3 61 7 1 67180.5
3 61 8 1 2903.45
3 61 9 1 3349.05
3 61 10 1 764.565
3 62 1 1 37.9909
3 62 2 1 24885.5
3 62 3 1 842.396
3 62 4 1 2901.42
3 62 5 1 36532.7
3 62 6 1 2.54451
3 62 7 1 67724.6
3 62 8 1 2891.72
3 62 9 1 3212.22
3 62 10 1 843.092
3 63 1 1 30.7249
3 63 2 1 24841.1
3 63 3 1 803.801
3 63 4 1 2891.6
3 63 5 1 34393.9
3 63 6 1 1.54349
3 63 7 1 68136.3
3 63 8 1 2853.17
3 63 9 1 3117.15
3 63 10 1 921.49
3 64 1 1 24.3056
3 64 2 1 25023.8
3 64 3 1 853.512
3 64 4 1 2884.03
3 64 5 1 30121.9
3 64 6 1 0.997899
3 64 7 1 68478.3
3 64 8 1 2845.33
3 64 9 1 3051.31
3 64 10 1 1025.09
3 65 1 1 18.8072
3 65 2 1 24656.1
3 65 3 1 846.709
3 65 4 1 2878.19
3 65 5 1 24937.2
3 65 6 1 0.6445
3 65 7 1 68626.7
3 65 8 1 2790.5
3 65 9 1 3005.84
3 65 10 1 1127.39
3 66 1 1 14.1405
3 66 2 1 23886.7
3 66 3 1 817.756
3 66 4 1 2873.68
3 66 5 1 20196.1
3 66 6 1 0.417769
3 66 7 1 68618.3
3 66 8 1 2694.2
3 66 9 1 2974.51
3 66 10 1 1215.65
3 67 1 1 10.7163
3 67 2 1 23188.6
3 67 3 1 750.893
3 67 4 1 2870.22
3 67 5 1 16317.5
3 67 6 1 0.272182
3 67 7 1 68534
3 67 8 1 2614.14
3 67 9 1 2952.97
3 67 10 1 1290.28
3 68 1 1 9.33506
3 68 2 1 22818.7
3 68 3 1 558.094
3 68 4 1 2867.55
3 68 5 1 16450.8
3 68 6 1 0.161675
3 68 7 1 68428.4
3 68 8 1 2577.76
3 68 9 1 2938.2
3 68 10 1 1328.81
3 69 1 1 7.98242
3 69 2 1 24720.1
3 69 3 1 499.081
3 69 4 1 2865.51
3 69 5 1 16759.1
3 69 6 1 0.108815
3 69 7 1 68523.3
3 69 8 1 2756.03
3 69 9 1 2928.08
3 69 10 1 1536.51
3 70 1 1 6.56864
3 70 2 1 25565.2
3 70 3 1 487.457
3 70 4 1 2863.94
3 70 5 1 15949.2
3 70 6 1 0.0702648
3 70 7 1 68426.4
3 70 8 1 2847.64
3 70 9 1 2921.17
3 70 10 1 1770.86
3 71 1 1 5.463
3 71 2 1 25722.6
3 71 3 1 389.707
3 71 4 1 2862.74
3 71 5 1 15597.2
3 71 6 1 0.0428566
3 71 7 1 68292.7
3 71 8 1 2855.4
3 71 9 1 2916.44
3 71 10 1 1927.55
3 72 1 1 4.17984
3 72 2 1 27247.4
3 72 3 1 491.64
3 72 4 1 2861.82
3 72 5 1 13923.8
3 72 6 1 0.033285
3 72 7 1 68317.7
3 72 8 1 2984.74
3 72 9 1 2913.22
3 72 10 1 2275.34
3 73 1 1 3.12345
3 73 2 1 25943.4
3 73 3 1 501.894
3 73 4 1 2861.12
3 73 5 1 11310
3 73 6 1 0.0217344
3 73 7 1 67979.8
3 73 8 1 2856.95
3 73 9 1 2911.03
3 73 10 1 2473.65
3 74 1 1 2.54371
3 74 2 1 24478.7
3 74 3 1 415.628
3 74 4 1 2860.59
3 74 5 1 9356.36
3 74 6 1 0.0131613
3 74 7 1 67710.3
3 74 8 1 2696.78
3 74 9 1 2909.54
3 74 10 1 2468.18
3 75 1 1 2.09174
3 75 2 1 23241.8
3 75 3 1 346.319
3 75 4 1 2860.18
3 75 5 1 8153.51
3 75 6 1 0.00772066
3 75 7 1 67391
3 75 8 1 2541.75
3 75 9 1 2908.53
3 75 10 1 2467.32
3 76 1 1 1.69687
3 76 2 1 23187.6
3 76 3 1 306.717
3 76 4 1 2859.88
3 76 5 1 7482.46
3 76 6 1 0.00488317
3 76 7 1 67228.3
3 76 8 1 2516.85
3 76 9 1 2907.84
3 76 10 1 2596.02
3 77 1 1 1.36596
3 77 2 1 22987.9
3 77 3 1 277.315
3 77 4 1 2859.65
3 77 5 1 6869.27
3 77 6 1 0.00300711
3 77 7 1 67009.4
3 77 8 1 2486.91
3 77 9 1 2907.37
3 77 10 1 2753.33
3 78 1 1 1.06047
3 78 2 1 23173.9
3 78 3 1 276.197
3 78 4 1 2859.48
3 78 5 1 5931.17
3 78 6 1 0.00197281
3 78 7 1 66875.5
3 78 8 1 2494.43
3 78 9 1 2907.06
3 78 10 1 2984.7
3 79 1 1 0.813104
3 79 2 1 22231.3
3 79 3 1 262.838
3 79 4 1 2859.35
3 79 5 1 4825.2
3 79 6 1 0.00121031
3 79 7 1 66586.1
3 79 8 1 2395.01
3 79 9 1 2906.84
3 79 10 1 3098.2
3 80 1 1 0.600994
3 80 2 1 21428.8
3 80 3 1 267.369
3 80 4 1 2859.26
3 80 5 1 3803.49
3 80 6 1 0.000883986
3 80 7 1 66347.1
3 80 8 1 2298.61
3 80 9 1 2906.7
3 80 10 1 3235.95
3 81 1 1 0.477016
3 81 2 1 19138.1
3 81 3 1 215.315
3 81 4 1 2859.19
3 81 5 1 3175.53
3 81 6 1 0.000494559
3 81 7 1 65875.4
3 81 8 1 2071.81
3 81 9 1 2906.6
3 81 10 1 3020.8
3 82 1 1 0.360664
3 82 2 1 18111.1
3 82 3 1 186.519
3 82 4 1 2859.15
3 82 5 1 2629.76
3 82 6 1 0.000291718
3 82 7 1 65595.4
3 82 8 1 1939.26
3 82 9 1 2906.53
3 82 10 1 2913.05
3 83 1 1 0.279804
3 83 2 1 17530.1
3 83 3 1 163.334
3 83 4 1 2859.12
3 83 5 1 2118.33
3 83 6 1 0.000181029
3 83 7 1 65378.7
3 83 8 1 1879.36
3 83 9 1 2906.49
3 83 10 1 2916.74
3 84 1 1 0.222742
3 84 2 1 17141.3
3 84 3 1 143.367
3 84 4 1 2859.1
3 84 5 1 1704.71
3 84 6 1 0.000109826
3 84 7 1 65188.7
3 84 8 1 1838.13
3 84 9 1 2906.46
3 84 10 1 2962.86
3 85 1 1 0.172325
3 85 2 1 16728
3 85 3 1 131.992
3 85 4 1 2859.1
3 85 5 1 1352.28
3 85 6 1 6.68925e-05
3 85 7 1 65018.6
3 85 8 1 1793.14
3 85 9 1 2906.44
3 85 10 1 3019.85
3 86 1 1 0.125614
3 86 2 1 16111.4
3 86 3 1 134.794
3 86 4 1 2859.1
3 86 5 1 1032.28
3 86 6 1 4.72838e-05
3 86 7 1 64818.1
3 86 8 1 1724.85
3 86 9 1 2906.42
3 86 10 1 3117.28
3 87 1 1 0.0926405
3 87 2 1 14938.1
3 87 3 1 115.361
3 87 4 1 2859.1
3 87 5 1 790.704
3 87 6 1 2.85677e-05
3 87 7 1 64580
3 87 8 1 1616.38
3 87 9 1 2906.42
3 87 10 1 2985.99
3 88 1 1 0.0712133
3 88 2 1 14044.4
3 88 3 1 96.0611
3 88 4 1 2859.11
3 88 5 1 611.358
3 88 6 1 1.63783e-05
3 88 7 1 64389.7
3 88 8 1 1518.86
3 88 9 1 2906.41
3 88 10 1 2837.64
3 89 1 1 0.0578643
3 89 2 1 13879.3
3 89 3 1 79.7634
3 89 4 1 2859.12
3 89 5 1 525.32
3 89 6 1 9.96159e-06
3 89 7 1 64401.8
3 89 8 1 1503.28
3 89 9 1 2906.4
3 89 10 1 2809.83
3 90 1 1 0.0478684
3 90 2 1 14251
3 90 3 1 65.6307
3 90 4 1 2859.13
3 90 5 1 505.518
3 90 6 1 6.11998e-06
3 90 7 1 64543.4
3 90 8 1 1546.91
3 90 9 1 2906.4
3 90 10 1 2917.78
3 91 1 1 0.0381638
3 91 2 1 14721
3 91 3 1 62.8723
3 91 4 1 2859.15
3 91 5 1 446.855
3 91 6 1 3.8414e-06
3 91 7 1 64727.7
3 91 8 1 1599.12
3 91 9 1 2906.4
3 91 10 1 3135.46
3 92 1 1 0.0282817
3 92 2 1 14925.6
3 92 3 1 68.1124
3 92 4 1 2859.16
3 92 5 1 361.072
3 92 6 1 2.6864e-06
3 92 7 1 64896.9
3 92 8 1 1624.87
3 92 9 1 2906.4
3 92 10 1 3393.44
3 93 1 1 0.0206263
3 93 2 1 14103.7
3 93 3 1 65.8038
3 93 4 1 2859.17
3 93 5 1 281.841
3 93 6 1 1.80011e-06
3 93 7 1 64872.4
3 93 8 1 1549.41
3 93 9 1 2906.4
3 93 10 1 3415.62
3 94 1 1 0.015377
3 94 2 1 13427
3 94 3 1 57.6491
3 94 4 1 2859.17
3 94 5 1 221.451
3 94 6 1 1.18064e-06
3 94 7 1 64943.4
3 94 8 1 1486.53
3 94 9 1 2906.4
3 94 10 1 3306.01
3 95 1 1 0.0114864
3 95 2 1 12700.4
3 95 3 1 51.362
3 95 4 1 2859.18
3 95 5 1 172.082
3 95 6 1 7.69487e-07
3 95 7 1 64922.2
3 95 8 1 1413.59
3 95 9 1 2906.4
3 95 10 1 3223.99
3 96 1 1 0.00858562
3 96 2 1 11897.2
3 96 3 1 45.0197
3 96 4 1 2859.18
3 96 5 1 133.085
3 96 6 1 4.64212e-07
3 96 7 1 64848.5
3 96 8 1 1333.09
3 96 9 1 2906.4
3 96 10 1 3099.72
3 97 1 1 0.00639896
3 97 2 1 11231.4
3 97 3 1 39.4007
3 97 4 1 2859.18
3 97 5 1 102.557
3 97 6 1 2.77061e-07
3 97 7 1 64758.5
3 97 8 1 1263.46
3 97 9 1 2906.4
3 97 10 1 2975.86
3 98 1 1 0.00475161
3 98 2 1 10896.5
3 98 3 1 35.9055
3 98 4 1 2859.18
3 98 5 1 78.6157
3 98 6 1 1.8868e-07
3 98 7 1 64722.6
3 98 8 1 1231.23
3 98 9 1 2906.4
3 98 10 1 2954.26
3 99 1 1 0.00351579
3 99 2 1 10285.5
3 99 3 1 32.6681
3 99 4 1 2859.18
3 99 5 1 59.3594
3 99 6 1 1.24494e-07
3 99 7 1 64541.8
3 99 8 1 1171.77
3 99 9 1 2906.4
3 99 10 1 2902.72
3 100 1 1 0.00257237
3 100 2 1 9683.68
3 100 3 1 30.3511
3 100 4 1 2859.18
3 100 5 1 44.099
3 100 6 1 8.76921e-08
3 100 7 1 64349.9
3 100 8 1 1109.71
3 100 9 1 2906.4
3 100 10 1 2836.4
3 101 1 1 0.00189276
3 101 2 1 8853.83
3 101 3 1 26.0119
3 101 4 1 2859.18
3 101 5 1 32.7362
3 101 6 1 5.64209e-08
3 101 7 1 64056.6
3 101 8 1 1026.73
3 101 9 1 2906.4
3 101 10 1 2650.48
3 102 1 1 0.00139843
3 102 2 1 8068.78
3 102 3 1 21.4655
3 102 4 1 2859.18
3 102 5 1 24.4841
3 102 6 1 3.36473e-08
3 102 7 1 63733.5
3 102 8 1 940.865
3 102 9 1 2906.4
3 102 10 1 2424.98
3 103 1 1 0.00103884
3 103 2 1 7729.42
3 103 3 1 18.0228
3 103 4 1 2859.19
3 103 5 1 18.5691
3 103 6 1 2.04895e-08
3 103 7 1 63580.1
3 103 8 1 904.323
3 103 9 1 2906.4
3 103 10 1 2303.51
3 104 1 1 0.000857853
3 104 2 1 7839.68
3 104 3 1 14.39
3 104 4 1 2859.19
3 104 5 1 16.5838
3 104 6 1 1.25707e-08
3 104 7 1 63625.3
3 104 8 1 924.921
3 104 9 1 2906.4
3 104 10 1 2296.62
3 105 1 1 0.00065275
3 105 2 1 8274.35
3 105 3 1 14.7764
3 105 4 1 2859.2
3 105 5 1 14.0846
3 105 6 1 9.01642e-09
3 105 7 1 63768.2
3 105 8 1 976.051
3 105 9 1 2906.4
3 105 10 1 2527.13
3 106 1 1 0.00048144
3 106 2 1 8067.65
3 106 3 1 13.9444
3 106 4 1 2859.21
3 106 5 1 11.0635
3 106 6 1 5.5503e-09
3 106 7 1 63733.9
3 106 8 1 965.473
3 106 9 1 2906.4
3 106 10 1 2589.54
3 107 1 1 0.000361286
3 107 2 1 7922.99
3 107 3 1 12.3394
3 107 4 1 2859.22
3 107 5 1 8.7419
3 107 6 1 3.36063e-09
3 107 7 1 63822.7
3 107 8 1 953.614
3 107 9 1 2906.4
3 107 10 1 2555.25
3 108 1 1 0.00028507
3 108 2 1 7702.96
3 108 3 1 10.575
3 108 4 1 2859.23
3 108 5 1 6.88824
3 108 6 1 1.97945e-09
3 108 7 1 63893.3
3 108 8 1 933.546
3 108 9 1 2906.4
3 108 10 1 2500.76
3 109 1 1 0.000231015
3 109 2 1 7928.26
3 109 3 1 9.16719
3 109 4 1 2859.24
3 109 5 1 5.52207
3 109 6 1 1.24742e-09
3 109 7 1 64194.4
3 109 8 1 965.154
3 109 9 1 2906.4
3 109 10 1 2555.72
3 110 1 1 0.000185658
3 110 2 1 8343.12
3 110 3 1 8.36843
3 110 4 1 2859.25
3 110 5 1 4.42378
3 110 6 1 8.05316e-10
3 110 7 1 64559.3
3 110 8 1 1023.03
3 110 9 1 2906.4
3 110 10 1 2730.53
3 111 1 1 0.000139366
3 111 2 1 8751.98
3 111 3 1 8.80359
3 111 4 1 2859.25
3 111 5 1 3.43987
3 111 6 1 5.77633e-10
3 111 7 1 64918.1
3 111 8 1 1079.6
3 111 9 1 2906.4
3 111 10 1 3011.29
3 112 1 1 0.000103983
3 112 2 1 8609
3 112 3 1 8.18345
3 112 4 1 2859.25
3 112 5 1 2.63338
3 112 6 1 3.61368e-10
3 112 7 1 65107
3 112 8 1 1077.65
3 112 9 1 2906.4
3 112 10 1 3073.91
3 113 1 1 8.16739e-05
3 113 2 1 8396.34
3 113 3 1 7.06911
3 113 4 1 2859.25
3 113 5 1 2.02639
3 113 6 1 2.13698e-10
3 113 7 1 65278.7
3 113 8 1 1058.39
3 113 9 1 2906.4
3 113 10 1 3005.66
3 114 1 1 6.75653e-05
3 114 2 1 8521.97
3 114 3 1 5.78597
3 114 4 1 2859.24
3 114 5 1 1.81392
3 114 6 1 1.30079e-10
3 114 7 1 65563.9
3 114 8 1 1080.78
3 114 9 1 2906.4
3 114 10 1 2994.61
3 115 1 1 5.38674e-05
3 115 2 1 8999.61
3 115 3 1 5.45452
3 115 4 1 2859.23
3 115 5 1 1.57141
3 115 6 1 8.45929e-11
3 115 7 1 65893.7
3 115 8 1 1143.69
3 115 9 1 2906.4
3 115 10 1 3206.52
3 116 1 1 3.9646e-05
3 116 2 1 9101.27
3 116 3 1 5.95935
3 116 4 1 2859.21
3 116 5 1 1.22532
3 116 6 1 6.14515e-11
3 116 7 1 66013.6
3 116 8 1 1162.6
3 116 9 1 2906.4
3 116 10 1 3474.75
3 117 1 1 2.91219e-05
3 117 2 1 8628.13
3 117 3 1 5.43415
3 117 4 1 2859.19
3 117 5 1 0.944571
3 117 6 1 3.94556e-11
3 117 7 1 65952.6
3 117 8 1 1118.01
3 117 9 1 2906.4
3 117 10 1 3401.15
3 118 1 1 2.25042e-05
3 118 2 1 8178.71
3 118 3 1 4.45685
3 118 4 1 2859.18
3 118 5 1 0.739122
3 118 6 1 2.2977e-11
3 118 7 1 65859.9
3 118 8 1 1066.9
3 118 9 1 2906.4
3 118 10 1 3177.2
3 119 1 1 1.68382e-05
3 119 2 1 8051.1
3 119 3 1 4.08314
3 119 4 1 2859.16
3 119 5 1 0.572266
3 119 6 1 1.5433e-11
3 119 7 1 65789.9
3 119 8 1 1049.93
3 119 9 1 2906.4
3 119 10 1 3156.45
3 120 1 1 1.22539e-05
3 120 2 1 7675.09
3 120 3 1 3.91614
3 120 4 1 2859.14
3 120 5 1 0.429433
3 120 6 1 1.08106e-11
3 120 7 1 65533
3 120 8 1 1007.82
3 120 9 1 2906.4
3 120 10 1 3152.73
3 121 1 1 9.8407e-06
3 121 2 1 7105.33
3 121 3 1 3.03463
3 121 4 1 2859.13
3 121 5 1 0.360748
3 121 6 1 6.07921e-12
3 121 7 1 65213.5
3 121 8 1 945.54
3 121 9 1 2906.4
3 121 10 1 2868.98
3 122 1 1 8.13668e-06
3 122 2 1 7128.66
3 122 3 1 2.3081
3 122 4 1 2859.12
3 122 5 1 0.342416
3 122 6 1 3.48164e-12
3 122 7 1 65104.1
3 122 8 1 945.336
3 122 9 1 2906.4
3 122 10 1 2743.62
3 123 1 1 6.50169e-06
3 123 2 1 7589.58
3 123 3 1 2.09562
3 123 4 1 2859.12
3 123 5 1 0.304153
3 123 6 1 2.22875e-12
3 123 7 1 65138.9
3 123 8 1 1005.48
3 123 9 1 2906.4
3 123 10 1 2921.87
4 1 1 1 36485.2
4 1 2 1 3433.54
4 1 3 1 2620.44
4 1 4 1 7878.34
4 1 5 1 247806
4 1 6 1 60365
4 1 7 1 56534.1
4 1 8 1 11491.6
4 1 9 1 23414.6
4 1 10 1 7498.28
4 2 1 1 43401.4
4 2 2 1 10265.4
4 2 3 1 2212.11
4 2 4 1 7676.37
4 2 5 1 256158
4 2 6 1 40615
4 2 7 1 65836.3
4 2 8 1 11383.7
4 2 9 1 22945.8
4 2 10 1 9394.56
4 3 1 1 41670.6
4 3 2 1 12978.8
4 3 3 1 1588.1
4 3 4 1 8071.04
4 3 5 1 263818
4 3 6 1 56173.7
4 3 7 1 69564.3
4 3 8 1 10248.9
4 3 9 1 23449
4 3 10 1 8750.43
4 4 1 1 43254.6
4 4 2 1 11019.5
4 4 3 1 3786.87
4 4 4 1 8840.83
4 4 5 1 256973
4 4 6 1 49829.4
4 4 7 1 70787.5
4 4 8 1 9725.22
4 4 9 1 22070.1
4 4 10 1 9126.15
4 5 1 1 42923.3
4 5 2 1 8042.58
4 5 3 1 12086.1
4 5 4 1 9150.2
4 5 5 1 226223
4 5 6 1 87239.5
4 5 7 1 70842.1
4 5 8 1 9408.15
4 5 9 1 20089.4
4 5 10 1 8266.21
4 6 1 1 39263.7
4 6 2 1 5193.74
4 6 3 1 11950
4 6 4 1 9184.09
4 6 5 1 188580
4 6 6 1 61226
4 6 7 1 70972.4
4 6 8 1 9143.57
4 6 9 1 18377.4
4 6 10 1 6721.99
4 7 1 1 37547.3
4 7 2 1 3642.08
4 7 3 1 14081.1
4 7 4 1 9418.71
4 7 5 1 167795
4 7 6 1 57285.3
4 7 7 1 72034.3
4 7 8 1 8888.83
4 7 9 1 19793.6
4 7 10 1 5729.51
4 8 1 1 35529.6
4 8 2 1 4354.5
4 8 3 1 12055.3
4 8 4 1 9140.3
4 8 5 1 158437
4 8 6 1 56431.7
4 8 7 1 73595.8
4 8 8 1 8165.07
4 8 9 1 19371.2
4 8 10 1 5110.39
4 9 1 1 31721.2
4 9 2 1 6542.05
4 9 3 1 11846
4 9 4 1 8494.57
4 9 5 1 139801
4 9 6 1 78395.1
4 9 7 1 75147.7
4 9 8 1 7463.34
4 9 9 1 18060.5
4 9 10 1 4484.59
4 10 1 1 34336.2
4 10 2 1 10663.8
4 10 3 1 10242.8
4 10 4 1 7815.66
4 10 5 1 136156
4 10 6 1 53284.1
4 10 7 1 75831.1
4 10 8 1 6961.92
4 10 9 1 16353.9
4 10 10 1 3528.67
4 11 1 1 32219.1
4 11 2 1 9730.25
4 11 3 1 7241.6
4 11 4 1 6733.96
4 11 5 1 133867
4 11 6 1 81677.8
4 11 7 1 75830.8
4 11 8 1 6216.17
4 11 9 1 16581.4
4 11 10 1 4125.25
4 12 1 1 35341.5
4 12 2 1 9286.06
4 12 3 1 6461.7
4 12 4 1 6104.23
4 12 5 1 127436
4 12 6 1 69596.7
4 12 7 1 75724.8
4 12 8 1 6333.93
4 12 9 1 16636.5
4 12 10 1 6250.67
4 13 1 1 31550.4
4 13 2 1 8351.34
4 13 3 1 4778.64
4 13 4 1 5099.87
4 13 5 1 118834
4 13 6 1 53098.1
4 13 7 1 74323.4
4 13 8 1 5753.98
4 13 9 1 14619.2
4 13 10 1 5483.12
4 14 1 1 23559.5
4 14 2 1 6705.72
4 14 3 1 5637.95
4 14 4 1 5777.89
4 14 5 1 104948
4 14 6 1 48149.8
4 14 7 1 71101.1
4 14 8 1 5329.71
4 14 9 1 11574.3
4 14 10 1 4350.54
4 15 1 1 19156.1
4 15 2 1 4760.28
4 15 3 1 5358.69
4 15 4 1 6635.63
4 15 5 1 109385
4 15 6 1 79244.8
4 15 7 1 68201
4 15 8 1 4872.29
4 15 9 1 9503.47
4 15 10 1 3360.34
4 16 1 1 16156.5
4 16 2 1 2441.56
4 16 3 1 10371.5
4 16 4 1 7876.95
4 16 5 1 118031
4 16 6 1 100927
4 16 7 1 68793.7
4 16 8 1 4453.94
4 16 9 1 8781.58
4 16 10 1 2651.25
4 17 1 1 9927.79
4 17 2 1 1197.31
4 17 3 1 9246.16
4 17 4 1 7885.09
4 17 5 1 105146
4 17 6 1 56138.2
4 17 7 1 66458
4 17 8 1 4230.9
4 17 9 1 6510
4 17 10 1 1960.33
4 18 1 1 8623.66
4 18 2 1 10404.4
4 18 3 1 7292.07
4 18 4 1 8873.79
4 18 5 1 92514.2
4 18 6 1 48230.5
4 18 7 1 64751.2
4 18 8 1 5009.72
4 18 9 1 7142.22
4 18 10 1 2798.77
4 19 1 1 8338.25
4 19 2 1 28565.6
4 19 3 1 5550.97
4 19 4 1 10352.7
4 19 5 1 99098.3
4 19 6 1 48028.3
4 19 7 1 62786.5
4 19 8 1 5762.68
4 19 9 1 8254.57
4 19 10 1 3510.79
4 20 1 1 8980.83
4 20 2 1 43442.4
4 20 3 1 5599.09
4 20 4 1 11405.2
4 20 5 1 125636
4 20 6 1 68905.5
4 20 7 1 61609.7
4 20 8 1 6416.92
4 20 9 1 10121.7
4 20 10 1 4497.61
4 21 1 1 9837.84
4 21 2 1 36613.7
4 21 3 1 5902.08
4 21 4 1 11990.9
4 21 5 1 154167
4 21 6 1 63903.8
4 21 7 1 60465.6
4 21 8 1 6851.54
4 21 9 1 12789.9
4 21 10 1 7191.62
4 22 1 1 10194.9
4 22 2 1 29922.5
4 22 3 1 5759.69
4 22 4 1 12014.7
4 22 5 1 146192
4 22 6 1 75773.4
4 22 7 1 59469.8
4 22 8 1 7694.12
4 22 9 1 17106.5
4 22 10 1 9918.69
4 23 1 1 9846.15
4 23 2 1 37742
4 23 3 1 5069.16
4 23 4 1 11824.8
4 23 5 1 124669
4 23 6 1 52141.4
4 23 7 1 55199.3
4 23 8 1 8438.95
4 23 9 1 19395.3
4 23 10 1 10600.5
4 24 1 1 9155.12
4 24 2 1 32799.2
4 24 3 1 4574.2
4 24 4 1 10976.4
4 24 5 1 124674
4 24 6 1 36838.3
4 24 7 1 49951.2
4 24 8 1 7746.9
4 24 9 1 22649.5
4 24 10 1 8581.46
4 25 1 1 7367.45
4 25 2 1 26573.7
4 25 3 1 3479.08
4 25 4 1 10185.5
4 25 5 1 115879
4 25 6 1 44592.6
4 25 7 1 45566.7
4 25 8 1 7030.88
4 25 9 1 23878.6
4 25 10 1 8072.82
4 26 1 1 5762.18
4 26 2 1 13209.7
4 26 3 1 2748.77
4 26 4 1 8802.05
4 26 5 1 145907
4 26 6 1 51172
4 26 7 1 43787.1
4 26 8 1 5425.64
4 26 9 1 22683.3
4 26 10 1 5987.92
4 27 1 1 4161.31
4 27 2 1 19199.6
4 27 3 1 1148.54
4 27 4 1 7560.95
4 27 5 1 225593
4 27 6 1 38244.4
4 27 7 1 41942.1
4 27 8 1 4433.71
4 27 9 1 20099.1
4 27 10 1 4128.03
4 28 1 1 4218.05
4 28 2 1 15762
4 28 3 1 686.701
4 28 4 1 6872.38
4 28 5 1 279612
4 28 6 1 36235.4
4 28 7 1 41699.3
4 28 8 1 4259.32
4 28 9 1 28836.8
4 28 10 1 3348.25
4 29 1 1 4771.73
4 29 2 1 11191.8
4 29 3 1 2350.18
4 29 4 1 6741.61
4 29 5 1 258307
4 29 6 1 34935.1
4 29 7 1 41860.9
4 29 8 1 4798.93
4 29 9 1 35537.9
4 29 10 1 3931.75
4 30 1 1 5181.55
4 30 2 1 13532.3
4 30 3 1 2096.52
4 30 4 1 6570.02
4 30 5 1 291852
4 30 6 1 41798.3
4 30 7 1 42301.1
4 30 8 1 4984.42
4 30 9 1 40840.5
4 30 10 1 3935.12
4 31 1 1 5551.86
4 31 2 1 23473.7
4 31 3 1 1223.26
4 31 4 1 6134.2
4 31 5 1 300928
4 31 6 1 37827.3
4 31 7 1 45146.7
4 31 8 1 4672.71
4 31 9 1 42636.7
4 31 10 1 3151.23
4 32 1 1 4866.9
4 32 2 1 17747.8
4 32 3 1 616.754
4 32 4 1 5539.03
4 32 5 1 250218
4 32 6 1 33751.6
4 32 7 1 48758.3
4 32 8 1 4240.62
4 32 9 1 40565.3
4 32 10 1 2119.04
4 33 1 1 3343.24
4 33 2 1 30681.8
4 33 3 1 410.185
4 33 4 1 5057.97
4 33 5 1 195699
4 33 6 1 36143
4 33 7 1 51142.1
4 33 8 1 3998.45
4 33 9 1 35120.7
4 33 10 1 1360.29
4 34 1 1 2265.14
4 34 2 1 33765.4
4 34 3 1 274.037
4 34 4 1 4587.78
4 34 5 1 176677
4 34 6 1 39559.1
4 34 7 1 52945.6
4 34 8 1 3463.93
4 34 9 1 31532.6
4 34 10 1 739.892
4 35 1 1 1734.32
4 35 2 1 27493.2
4 35 3 1 637.005
4 35 4 1 4358.71
4 35 5 1 148907
4 35 6 1 59709.3
4 35 7 1 55743.9
4 35 8 1 3130.54
4 35 9 1 28774.8
4 35 10 1 454.659
4 36 1 1 1926.8
4 36 2 1 25836.1
4 36 3 1 2104.78
4 36 4 1 4604.7
4 36 5 1 177321
4 36 6 1 50163.1
4 36 7 1 61392.2
4 36 8 1 3089.08
4 36 9 1 46002.9
4 36 10 1 354.756
4 37 1 1 2061.75
4 37 2 1 21086.2
4 37 3 1 1713.56
4 37 4 1 4723.19
4 37 5 1 242697
4 37 6 1 37678.5
4 37 7 1 64795.6
4 37 8 1 2664.45
4 37 9 1 55149.1
4 37 10 1 224.763
4 38 1 1 1876.5
4 38 2 1 16298.1
4 38 3 1 1446.44
4 38 4 1 4666.9
4 38 5 1 244120
4 38 6 1 32876.3
4 38 7 1 66391.2
4 38 8 1 2202.98
4 38 9 1 59503.5
4 38 10 1 133.468
4 39 1 1 1838.23
4 39 2 1 11341.8
4 39 3 1 1326.26
4 39 4 1 4840.55
4 39 5 1 216931
4 39 6 1 25597.1
4 39 7 1 69422
4 39 8 1 2067.63
4 39 9 1 65641.8
4 39 10 1 103.432
4 40 1 1 1903.48
4 40 2 1 9170.02
4 40 3 1 1737.27
4 40 4 1 5151.44
4 40 5 1 198140
4 40 6 1 37366.1
4 40 7 1 73574.2
4 40 8 1 2079.19
4 40 9 1 71373.5
4 40 10 1 85.409
4 41 1 1 2019.13
4 41 2 1 21439.7
4 41 3 1 1534.25
4 41 4 1 5596.4
4 41 5 1 193734
4 41 6 1 47328.1
4 41 7 1 77332.6
4 41 8 1 2248.77
4 41 9 1 75916.1
4 41 10 1 79.8485
4 42 1 1 2455.1
4 42 2 1 22562.2
4 42 3 1 9511.11
4 42 4 1 6355.54
4 42 5 1 186466
4 42 6 1 66659.6
4 42 7 1 81901.1
4 42 8 1 2750.55
4 42 9 1 93195.8
4 42 10 1 105.918
4 43 1 1 2125.39
4 43 2 1 19812.8
4 43 3 1 12316.7
4 43 4 1 6358.85
4 43 5 1 165407
4 43 6 1 43203.2
4 43 7 1 82019.8
4 43 8 1 2896.73
4 43 9 1 89170
4 43 10 1 122.429
4 44 1 1 1541.68
4 44 2 1 17841.5
4 44 3 1 14125.7
4 44 4 1 5889.24
4 44 5 1 135927
4 44 6 1 22403
4 44 7 1 79382.9
4 44 8 1 2818.67
4 44 9 1 76321
4 44 10 1 138.61
4 45 1 1 1145.86
4 45 2 1 16838.7
4 45 3 1 14145.1
4 45 4 1 5417.03
4 45 5 1 108551
4 45 6 1 12925.3
4 45 7 1 76622.6
4 45 8 1 2801.77
4 45 9 1 64738.6
4 45 10 1 156.242
4 46 1 1 895.419
4 46 2 1 15884.1
4 46 3 1 11502.8
4 46 4 1 4974.67
4 46 5 1 89778
4 46 6 1 7327.56
4 46 7 1 73796.9
4 46 8 1 2710.3
4 46 9 1 53946.5
4 46 10 1 166.222
4 47 1 1 726.782
4 47 2 1 15349.4
4 47 3 1 8603.1
4 47 4 1 4581.39
4 47 5 1 80178.8
4 47 6 1 4135.85
4 47 7 1 71140.6
4 47 8 1 2617.84
4 47 9 1 44010.2
4 47 10 1 174.045
4 48 1 1 611.281
4 48 2 1 15591.1
4 48 3 1 6171.54
4 48 4 1 4244.49
4 48 5 1 78057.4
4 48 6 1 2376.11
4 48 7 1 68849.6
4 48 8 1 2621.1
4 48 9 1 35204.6
4 48 10 1 186.137
4 49 1 1 511.744
4 49 2 1 16055.9
4 49 3 1 4606.37
4 49 4 1 3963.33
4 49 5 1 76244.6
4 49 6 1 1335.78
4 49 7 1 66867.7
4 49 8 1 2630.17
4 49 9 1 27730.1
4 49 10 1 203.832
4 50 1 1 420.52
4 50 2 1 16570
4 50 3 1 3605.28
4 50 4 1 3732.98
4 50 5 1 72953.8
4 50 6 1 764.987
4 50 7 1 65277.7
4 50 8 1 2631.55
4 50 9 1 21626.8
4 50 10 1 224.208
4 51 1 1 340.686
4 51 2 1 17924.8
4 51 3 1 3549.3
4 51 4 1 3546.75
4 51 5 1 68358.6
4 51 6 1 497.686
4 51 7 1 64265.4
4 51 8 1 2753.32
4 51 9 1 16801.1
4 51 10 1 259.796
4 52 1 1 274.407
4 52 2 1 18592.3
4 52 3 1 3571.01
4 52 4 1 3397.65
4 52 5 1 62087.3
4 52 6 1 308.912
4 52 7 1 63488
4 52 8 1 2778.37
4 52 9 1 13083.4
4 52 10 1 295.549
4 53 1 1 223.23
4 53 2 1 19478.9
4 53 3 1 3367.49
4 53 4 1 3279.16
4 53 5 1 56916.8
4 53 6 1 199.839
4 53 7 1 63192.6
4 53 8 1 2830.48
4 53 9 1 10278.4
4 53 10 1 334.141
4 54 1 1 169.995
4 54 2 1 19713.6
4 54 3 1 3460.47
4 54 4 1 3185.53
4 54 5 1 48214.6
4 54 6 1 127.505
4 54 7 1 63045.7
4 54 8 1 2784.34
4 54 9 1 8197.16
4 54 10 1 375.365
4 55 1 1 138.327
4 55 2 1 19442
4 55 3 1 2903.49
4 55 4 1 3111.89
4 55 5 1 43432.9
4 55 6 1 76.9939
4 55 7 1 63154.9
4 55 8 1 2694.47
4 55 9 1 6673.65
4 55 10 1 397.688
4 56 1 1 118.138
4 56 2 1 20568.3
4 56 3 1 2226.08
4 56 4 1 3054.18
4 56 5 1 43055.9
4 56 6 1 49.8281
4 56 7 1 63723.2
4 56 8 1 2785.47
4 56 9 1 5570.7
4 56 10 1 443.115
4 57 1 1 99.3043
4 57 2 1 21427.6
4 57 3 1 1767.41
4 57 4 1 3009.09
4 57 5 1 42264.6
4 57 6 1 30.6191
4 57 7 1 64309.4
4 57 8 1 2843.32
4 57 9 1 4779.5
4 57 10 1 504.724
4 58 1 1 81.7411
4 58 2 1 21960.1
4 58 3 1 1435.25
4 58 4 1 2973.96
4 58 5 1 40453.5
4 58 6 1 18.7641
4 58 7 1 64971.1
4 58 8 1 2855.57
4 58 9 1 4216.24
4 58 10 1 565.669
4 59 1 1 66.847
4 59 2 1 22628.8
4 59 3 1 1425.59
4 59 4 1 2946.65
4 59 5 1 38398.5
4 59 6 1 11.9311
4 59 7 1 65722.9
4 59 8 1 2891.94
4 59 9 1 3817.85
4 59 10 1 634.668
4 60 1 1 56.861
4 60 2 1 22606.4
4 60 3 1 1141.22
4 60 4 1 2925.47
4 60 5 1 39123.4
4 60 6 1 6.7534
4 60 7 1 66368.5
4 60 8 1 2856.21
4 60 9 1 3537.6
4 60 10 1 678.448
4 61 1 1 46.653
4 61 2 1 23092.6
4 61 3 1 1024.59
4 61 4 1 2909.05
4 61 5 1 38034.6
4 61 6 1 4.06332
4 61 7 1 67020.6
4 61 8 1 2852.18
4 61 9 1 3341.39
4 61 10 1 753.734
4 62 1 1 37.9262
4 62 2 1 23260.8
4 62 3 1 835.816
4 62 4 1 2896.35
4 62 5 1 36310.4
4 62 6 1 2.4817
4 62 7 1 67566.3
4 62 8 1 2841.14
4 62 9 1 3204.58
4 62 10 1 831.304
4 63 1 1 30.6725
4 63 2 1 23236.1
4 63 3 1 798.733
4 63 4 1 2886.54
4 63 5 1 34176.8
4 63 6 1 1.50695
4 63 7 1 67980.1
4 63 8 1 2804.06
4 63 9 1 3109.54
4 63 10 1 908.988
4 64 1 1 24.2617
4 64 2 1 23399.4
4 64 3 1 848.783
4 64 4 1 2878.96
4 64 5 1 29895.6
4 64 6 1 0.974954
4 64 7 1 68323.2
4 64 8 1 2795.51
4 64 9 1 3043.71
4 64 10 1 1011.17
4 65 1 1 18.7729
4 65 2 1 23090
4 65 3 1 842.366
4 65 4 1 2873.12
4 65 5 1 24737.1
4 65 6 1 0.630641
4 65 7 1 68474.6
4 65 8 1 2743.42
4 65 9 1 2998.24
4 65 10 1 1113.06
4 66 1 1 14.1141
4 66 2 1 22389.9
4 66 3 1 813.837
4 66 4 1 2868.62
4 66 5 1 20026.5
4 66 6 1 0.409215
4 66 7 1 68469.3
4 66 8 1 2649.64
4 66 9 1 2966.92
4 66 10 1 1200.79
4 67 1 1 10.696
4 67 2 1 21718.7
4 67 3 1 746.995
4 67 4 1 2865.16
4 67 5 1 16179.3
4 67 6 1 0.26634
4 67 7 1 68386.5
4 67 8 1 2569.92
4 67 9 1 2945.39
4 67 10 1 1273.9
4 68 1 1 9.31981
4 68 2 1 21324
4 68 3 1 553.846
4 68 4 1 2862.49
4 68 5 1 16359.2
4 68 6 1 0.157451
4 68 7 1 68280.8
4 68 8 1 2532.19
4 68 9 1 2930.62
4 68 10 1 1309.82
4 69 1 1 7.9675
4 69 2 1 23017
4 69 3 1 495.046
4 69 4 1 2860.44
4 69 5 1 16638.4
4 69 6 1 0.105958
4 69 7 1 68370.7
4 69 8 1 2702.29
4 69 9 1 2920.5
4 69 10 1 1512.44
4 70 1 1 6.55676
4 70 2 1 23885.1
4 70 3 1 484.188
4 70 4 1 2858.87
4 70 5 1 15835.9
4 70 6 1 0.0685782
4 70 7 1 68274.7
4 70 8 1 2796.89
4 70 9 1 2913.59
4 70 10 1 1746.62
4 71 1 1 5.45361
4 71 2 1 24049.2
4 71 3 1 386.706
4 71 4 1 2857.67
4 71 5 1 15495.6
4 71 6 1 0.0417983
4 71 7 1 68142
4 71 8 1 2805.59
4 71 9 1 2908.87
4 71 10 1 1901.15
4 72 1 1 4.1711
4 72 2 1 25440.1
4 72 3 1 489.193
4 72 4 1 2856.76
4 72 5 1 13793.4
4 72 6 1 0.0325895
4 72 7 1 68164.3
4 72 8 1 2929.57
4 72 9 1 2905.65
4 72 10 1 2243.87
4 73 1 1 3.11745
4 73 2 1 24364.8
4 73 3 1 499.848
4 73 4 1 2856.05
4 73 5 1 11208.3
4 73 6 1 0.0213202
4 73 7 1 67832.5
4 73 8 1 2812.34
4 73 9 1 2903.46
4 73 10 1 2446.61
4 74 1 1 2.53931
4 74 2 1 22949.5
4 74 3 1 413.387
4 74 4 1 2855.52
4 74 5 1 9278.47
4 74 6 1 0.0128692
4 74 7 1 67564.6
4 74 8 1 2652.6
4 74 9 1 2901.96
4 74 10 1 2437.59
4 75 1 1 2.08838
4 75 2 1 21787.6
4 75 3 1 344.385
4 75 4 1 2855.12
4 75 5 1 8095.06
4 75 6 1 0.00755154
4 75 7 1 67247.1
4 75 8 1 2500.06
4 75 9 1 2900.95
4 75 10 1 2436.87
4 76 1 1 1.69397
4 76 2 1 21675.5
4 76 3 1 304.778
4 76 4 1 2854.81
4 76 5 1 7428.52
4 76 6 1 0.00476703
4 76 7 1 67082
4 76 8 1 2472.07
4 76 9 1 2900.26
4 76 10 1 2560.78
4 77 1 1 1.36365
4 77 2 1 21512.2
4 77 3 1 275.653
4 77 4 1 2854.58
4 77 5 1 6821.19
4 77 6 1 0.00293851
4 77 7 1 66863.1
4 77 8 1 2444.06
4 77 9 1 2899.8
4 77 10 1 2717.97
4 78 1 1 1.05853
4 78 2 1 21676.1
4 78 3 1 274.68
4 78 4 1 2854.41
4 78 5 1 5882.06
4 78 6 1 0.00192909
4 78 7 1 66727.8
4 78 8 1 2450.55
4 78 9 1 2899.48
4 78 10 1 2946.2
4 79 1 1 0.811687
4 79 2 1 20854.5
4 79 3 1 261.597
4 79 4 1 2854.29
4 79 5 1 4785.86
4 79 6 1 0.00118579
4 79 7 1 66441.1
4 79 8 1 2356.21
4 79 9 1 2899.27
4 79 10 1 3062.68
4 80 1 1 0.599876
4 80 2 1 20104.2
4 80 3 1 266.275
4 80 4 1 2854.19
4 80 5 1 3768.3
4 80 6 1 0.000868981
4 80 7 1 66202.7
4 80 8 1 2260.86
4 80 9 1 2899.12
4 80 10 1 3199.64
4 81 1 1 0.476279
4 81 2 1 18001.4
4 81 3 1 214.397
4 81 4 1 2854.13
4 81 5 1 3153.2
4 81 6 1 0.000484828
4 81 7 1 65736.2
4 81 8 1 2040.94
4 81 9 1 2899.02
4 81 10 1 2989.46
4 82 1 1 0.360061
4 82 2 1 16984.4
4 82 3 1 185.643
4 82 4 1 2854.08
4 82 5 1 2609.03
4 82 6 1 0.000285789
4 82 7 1 65454.9
4 82 8 1 1907.18
4 82 9 1 2898.96
4 82 10 1 2878.82
4 83 1 1 0.279333
4 83 2 1 16416.1
4 83 3 1 162.477
4 83 4 1 2854.06
4 83 5 1 2101.36
4 83 6 1 0.00017712
4 83 7 1 65236.5
4 83 8 1 1847.1
4 83 9 1 2898.91
4 83 10 1 2880.94
4 84 1 1 0.222374
4 84 2 1 16052.5
4 84 3 1 142.603
4 84 4 1 2854.04
4 84 5 1 1691.3
4 84 6 1 0.00010746
4 84 7 1 65045.4
4 84 8 1 1806.71
4 84 9 1 2898.88
4 84 10 1 2926.85
4 85 1 1 0.172037
4 85 2 1 15673.1
4 85 3 1 131.337
4 85 4 1 2854.03
4 85 5 1 1341.63
4 85 6 1 6.55021e-05
4 85 7 1 64874.9
4 85 8 1 1762.83
4 85 9 1 2898.86
4 85 10 1 2984.14
4 86 1 1 0.125391
4 86 2 1 15121.8
4 86 3 1 134.278
4 86 4 1 2854.03
4 86 5 1 1023.38
4 86 6 1 4.65154e-05
4 86 7 1 64675.3
4 86 8 1 1696.76
4 86 9 1 2898.85
4 86 10 1 3083.91
4 87 1 1 0.0924824
4 87 2 1 14026.2
4 87 3 1 114.868
4 87 4 1 2854.04
4 87 5 1 784.499
4 87 6 1 2.79988e-05
4 87 7 1 64438.8
4 87 8 1 1590.58
4 87 9 1 2898.84
4 87 10 1 2953.61
4 88 1 1 0.0710974
4 88 2 1 13177.4
4 88 3 1 95.6199
4 88 4 1 2854.05
4 88 5 1 606.747
4 88 6 1 1.60514e-05
4 88 7 1 64248.7
4 88 8 1 1494.1
4 88 9 1 2898.83
4 88 10 1 2805.66
4 89 1 1 0.0577702
4 89 2 1 12978.8
4 89 3 1 79.2975
4 89 4 1 2854.06
4 89 5 1 521.831
4 89 6 1 9.7332e-06
4 89 7 1 64257.2
4 89 8 1 1476.47
4 89 9 1 2898.83
4 89 10 1 2773.6
4 90 1 1 0.0477894
4 90 2 1 13306
4 90 3 1 65.1831
4 90 4 1 2854.07
4 90 5 1 502.404
4 90 6 1 5.97192e-06
4 90 7 1 64395
4 90 8 1 1518.37
4 90 9 1 2898.83
4 90 10 1 2878.33
4 91 1 1 0.0380982
4 91 2 1 13755.8
4 91 3 1 62.5056
4 91 4 1 2854.08
4 91 5 1 443.477
4 91 6 1 3.75468e-06
4 91 7 1 64577.2
4 91 8 1 1570.16
4 91 9 1 2898.82
4 91 10 1 3095.16
4 92 1 1 0.0282291
4 92 2 1 13973.3
4 92 3 1 67.8094
4 92 4 1 2854.09
4 92 5 1 357.891
4 92 6 1 2.63601e-06
4 92 7 1 64746.3
4 92 8 1 1596.57
4 92 9 1 2898.82
4 92 10 1 3353.8
4 93 1 1 0.0205895
4 93 2 1 13250.5
4 93 3 1 65.5617
4 93 4 1 2854.1
4 93 5 1 279.376
4 93 6 1 1.77016e-06
4 93 7 1 64726.2
4 93 8 1 1524.99
4 93 9 1 2898.82
4 93 10 1 3381
4 94 1 1 0.0153494
4 94 2 1 12590.9
4 94 3 1 57.3965
4 94 4 1 2854.11
4 94 5 1 219.5
4 94 6 1 1.15786e-06
4 94 7 1 64797.6
4 94 8 1 1461.71
4 94 9 1 2898.82
4 94 10 1 3268.74
4 95 1 1 0.0114664
4 95 2 1 11920.2
4 95 3 1 51.1518
4 95 4 1 2854.12
4 95 5 1 170.593
4 95 6 1 7.55916e-07
4 95 7 1 64778.2
4 95 8 1 1390.61
4 95 9 1 2898.82
4 95 10 1 3189.39
4 96 1 1 0.00857114
4 96 2 1 11168.3
4 96 3 1 44.8347
4 96 4 1 2854.12
4 96 5 1 131.984
4 96 6 1 4.55366e-07
4 96 7 1 64706.3
4 96 8 1 1311.56
4 96 9 1 2898.82
4 96 10 1 3066.59
4 97 1 1 0.00638821
4 97 2 1 10538.7
4 97 3 1 39.2358
4 97 4 1 2854.12
4 97 5 1 101.721
4 97 6 1 2.71813e-07
4 97 7 1 64617.2
4 97 8 1 1242.77
4 97 9 1 2898.82
4 97 10 1 2943.44
4 98 1 1 0.00474324
4 98 2 1 10211.4
4 98 3 1 35.7497
4 98 4 1 2854.12
4 98 5 1 77.9448
4 98 6 1 1.85279e-07
4 98 7 1 64580.1
4 98 8 1 1210.23
4 98 9 1 2898.82
4 98 10 1 2920.71
4 99 1 1 0.00350979
4 99 2 1 9658.17
4 99 3 1 32.5435
4 99 4 1 2854.11
4 99 5 1 58.8661
4 99 6 1 1.22388e-07
4 99 7 1 64401.4
4 99 8 1 1152.94
4 99 9 1 2898.82
4 99 10 1 2872.68
4 100 1 1 0.00256791
4 100 2 1 9095.34
4 100 3 1 30.2439
4 100 4 1 2854.11
4 100 5 1 43.7128
4 100 6 1 8.632e-08
4 100 7 1 64210.4
4 100 8 1 1091.86
4 100 9 1 2898.82
4 100 10 1 2807.52
4 101 1 1 0.00188962
4 101 2 1 8323.15
4 101 3 1 25.9199
4 101 4 1 2854.11
4 101 5 1 32.4656
4 101 6 1 5.54873e-08
4 101 7 1 63919.3
4 101 8 1 1010.73
4 101 9 1 2898.82
4 101 10 1 2624.12
4 102 1 1 0.0013962
4 102 2 1 7584.49
4 102 3 1 21.3863
4 102 4 1 2854.12
4 102 5 1 24.2939
4 102 6 1 3.30684e-08
4 102 7 1 63597.7
4 102 8 1 926.2
4 102 9 1 2898.82
4 102 10 1 2400.45
4 103 1 1 0.0010371
4 103 2 1 7242.53
4 103 3 1 17.9415
4 103 4 1 2854.12
4 103 5 1 18.4237
4 103 6 1 2.00778e-08
4 103 7 1 63441.6
4 103 8 1 888.854
4 103 9 1 2898.82
4 103 10 1 2276.84
4 104 1 1 0.000856462
4 104 2 1 7320.4
4 104 3 1 14.3005
4 104 4 1 2854.13
4 104 5 1 16.4806
4 104 6 1 1.22734e-08
4 104 7 1 63481.6
4 104 8 1 907.757
4 104 9 1 2898.82
4 104 10 1 2266.04
4 105 1 1 0.000651543
4 105 2 1 7730.49
4 105 3 1 14.7042
4 105 4 1 2854.14
4 105 5 1 13.9675
4 105 6 1 8.84407e-09
4 105 7 1 63620.5
4 105 8 1 958.004
4 105 9 1 2898.82
4 105 10 1 2495.83
4 106 1 1 0.000480595
4 106 2 1 7565.81
4 106 3 1 13.8857
4 106 4 1 2854.15
4 106 5 1 10.9747
4 106 6 1 5.443e-09
4 106 7 1 63588.6
4 106 8 1 949.474
4 106 9 1 2898.82
4 106 10 1 2561.61
4 107 1 1 0.000360651
4 107 2 1 7420.81
4 107 3 1 12.2825
4 107 4 1 2854.16
4 107 5 1 8.67029
4 107 6 1 3.29281e-09
4 107 7 1 63676.7
4 107 8 1 937.194
4 107 9 1 2898.82
4 107 10 1 2525.58
4 108 1 1 0.000284607
4 108 2 1 7216.94
4 108 3 1 10.5247
4 108 4 1 2854.17
4 108 5 1 6.83481
4 108 6 1 1.9392e-09
4 108 7 1 63747.9
4 108 8 1 917.684
4 108 9 1 2898.82
4 108 10 1 2471.97
4 109 1 1 0.000230625
4 109 2 1 7402.21
4 109 3 1 9.11342
4 109 4 1 2854.18
4 109 5 1 5.47805
4 109 6 1 1.21878e-09
4 109 7 1 64045
4 109 8 1 947.164
4 109 9 1 2898.82
4 109 10 1 2522.03
4 110 1 1 0.000185334
4 110 2 1 7786.4
4 110 3 1 8.31833
4 110 4 1 2854.19
4 110 5 1 4.38817
4 110 6 1 7.86891e-10
4 110 7 1 64407.1
4 110 8 1 1003.81
4 110 9 1 2898.82
4 110 10 1 2694.56
4 111 1 1 0.000139101
4 111 2 1 8179.84
4 111 3 1 8.76157
4 111 4 1 2854.19
4 111 5 1 3.40972
4 111 6 1 5.66529e-10
4 111 7 1 64765
4 111 8 1 1059.89
4 111 9 1 2898.82
4 111 10 1 2974.8
4 112 1 1 0.000103795
4 112 2 1 8067.3
4 112 3 1 8.14697
4 112 4 1 2854.19
4 112 5 1 2.61221
4 112 6 1 3.54145e-10
4 112 7 1 64957
4 112 8 1 1059.44
4 112 9 1 2898.82
4 112 10 1 3039.71
4 113 1 1 8.15367e-05
4 113 2 1 7865.4
4 113 3 1 7.03544
4 113 4 1 2854.18
4 113 5 1 2.01096
4 113 6 1 2.09318e-10
4 113 7 1 65130.5
4 113 8 1 1040.37
4 113 9 1 2898.82
4 113 10 1 2971.05
4 114 1 1 6.74545e-05
4 114 2 1 7958.71
4 114 3 1 5.75022
4 114 4 1 2854.17
4 114 5 1 1.80275
4 114 6 1 1.27017e-10
4 114 7 1 65413.9
4 114 8 1 1060.92
4 114 9 1 2898.82
4 114 10 1 2955.32
4 115 1 1 5.37721e-05
4 115 2 1 8398.16
4 115 3 1 5.42261
4 115 4 1 2854.16
4 115 5 1 1.5593
4 115 6 1 8.26837e-11
4 115 7 1 65741.6
4 115 8 1 1122.19
4 115 9 1 2898.82
4 115 10 1 3164.45
4 116 1 1 3.95729e-05
4 116 2 1 8526.66
4 116 3 1 5.93583
4 116 4 1 2854.15
4 116 5 1 1.21451
4 116 6 1 6.04306e-11
4 116 7 1 65864.3
4 116 8 1 1142.7
4 116 9 1 2898.82
4 116 10 1 3437.01
4 117 1 1 2.90706e-05
4 117 2 1 8099.35
4 117 3 1 5.41319
4 117 4 1 2854.13
4 117 5 1 0.936602
4 117 6 1 3.87436e-11
4 117 7 1 65807.7
4 117 8 1 1100
4 117 9 1 2898.82
4 117 10 1 3366.11
4 118 1 1 2.24671e-05
4 118 2 1 7668.93
4 118 3 1 4.43677
4 118 4 1 2854.11
4 118 5 1 0.73328
4 118 6 1 2.25148e-11
4 118 7 1 65717.1
4 118 8 1 1049.23
4 118 9 1 2898.82
4 118 10 1 3141.83
4 119 1 1 1.68088e-05
4 119 2 1 7540.19
4 119 3 1 4.06517
4 119 4 1 2854.1
4 119 5 1 0.567399
4 119 6 1 1.51531e-11
4 119 7 1 65646.9
4 119 8 1 1031.79
4 119 9 1 2898.82
4 119 10 1 3120.41
4 120 1 1 1.22325e-05
4 120 2 1 7206.51
4 120 3 1 3.90228
4 120 4 1 2854.08
4 120 5 1 0.425698
4 120 6 1 1.06412e-11
4 120 7 1 65393
4 120 8 1 991.571
4 120 9 1 2898.82
4 120 10 1 3121.05
4 121 1 1 9.82588e-06
4 121 2 1 6667.12
4 121 3 1 3.02091
4 121 4 1 2854.07
4 121 5 1 0.358398
4 121 6 1 5.95333e-12
4 121 7 1 65075.5
4 121 8 1 930.254
4 121 9 1 2898.82
4 121 10 1 2837.73
4 122 1 1 8.12413e-06
4 122 2 1 6659.1
4 122 3 1 2.29364
4 122 4 1 2854.06
4 122 5 1 0.340328
4 122 6 1 3.39954e-12
4 122 7 1 64962.4
4 122 8 1 928.101
4 122 9 1 2898.82
4 122 10 1 2707.58
4 123 1 1 6.49049e-06
4 123 2 1 7076.58
4 123 3 1 2.08235
4 123 4 1 2854.05
4 123 5 1 0.301791
4 123 6 1 2.17628e-12
4 123 7 1 64992.4
4 123 8 1 986.234
4 123 9 1 2898.82
4 123 10 1 2882.2
full time series of predicted catch
fleet year spp area pred_catch
1 1 1 1 15286.2
1 1 3 1 756.062
1 1 4 1 2204.31
1 1 5 1 8510.76
1 1 6 1 17782.8
1 1 7 1 2280.71
1 1 8 1 5489.95
1 1 9 1 8972.53
1 1 10 1 3867.71
1 2 1 1 15594.9
1 2 3 1 412.547
1 2 4 1 1691.65
1 2 5 1 6737.66
1 2 6 1 3926.5
1 2 7 1 2164.3
1 2 8 1 5216.31
1 2 9 1 7909.11
1 2 10 1 4950.49
1 3 1 1 21520
1 3 3 1 374.609
1 3 4 1 2371.15
1 3 5 1 9454.66
1 3 6 1 4445.96
1 3 7 1 3086.42
1 3 8 1 6424.27
1 3 9 1 9647.29
1 3 10 1 7229.29
1 4 1 1 18275.9
1 4 3 1 334.928
1 4 4 1 2355.4
1 4 5 1 8564.83
1 4 6 1 4434.96
1 4 7 1 2819.71
1 4 8 1 5156.05
1 4 9 1 8276.92
1 4 10 1 5949.5
1 5 1 1 22987.4
1 5 3 1 1018.14
1 5 4 1 3138.78
1 5 5 1 9964.9
1 5 6 1 6622.35
1 5 7 1 3478.61
1 5 8 1 5864.03
1 5 9 1 9691.36
1 5 10 1 6986.74
1 6 1 1 18880.7
1 6 3 1 1792.36
1 6 4 1 2737.29
1 6 5 1 7164.35
1 6 6 1 6676.49
1 6 7 1 2953.87
1 6 8 1 4923.08
1 6 9 1 7677.54
1 6 10 1 5591.69
1 7 1 1 14117
1 7 3 1 1646.4
1 7 4 1 2191.85
1 7 5 1 4665.04
1 7 6 1 4131.85
1 7 7 1 2305.87
1 7 8 1 4058.83
1 7 9 1 6022.51
1 7 10 1 4040.01
1 8 1 1 16660.6
1 8 3 1 2321.85
1 8 4 1 2746.47
1 8 5 1 5244.6
1 8 6 1 5673.73
1 8 7 1 2947.98
1 8 8 1 4806.9
1 8 9 1 7791.83
1 8 10 1 4180.45
1 9 1 1 14671.1
1 9 3 1 2085.64
1 9 4 1 2507.22
1 9 5 1 4573.8
1 9 6 1 7013.01
1 9 7 1 2919.64
1 9 8 1 4163.18
1 9 9 1 7229.15
1 9 10 1 3569.67
1 10 1 1 13586.7
1 10 3 1 1847.06
1 10 4 1 2242.37
1 10 5 1 4168.82
1 10 6 1 6575.53
1 10 7 1 2849.56
1 10 8 1 3746.42
1 10 9 1 6459.43
1 10 10 1 3028.58
1 11 1 1 17826.5
1 11 3 1 1885.2
1 11 4 1 2556.69
1 11 5 1 5544.95
1 11 6 1 7002.41
1 11 7 1 3689.62
1 11 8 1 4181.19
1 11 9 1 7537.46
1 11 10 1 2869.74
1 12 1 1 11818.9
1 12 3 1 950.768
1 12 4 1 1495.78
1 12 5 1 3529.38
1 12 6 1 5520.46
1 12 7 1 2421.81
1 12 8 1 2725.93
1 12 9 1 5055.53
1 12 10 1 2735.72
1 13 1 1 20302.4
1 13 3 1 1405.63
1 13 4 1 2282.1
1 13 5 1 5838.1
1 13 6 1 7768.33
1 13 7 1 4224.47
1 13 8 1 4358.13
1 13 9 1 8475.05
1 13 10 1 5800.58
1 14 1 1 14466.4
1 14 3 1 1137.37
1 14 4 1 1859.71
1 14 5 1 4906.88
1 14 6 1 6929.3
1 14 7 1 3821.75
1 14 8 1 3504.18
1 14 9 1 6441.57
1 14 10 1 4279.3
1 15 1 1 10877
1 15 3 1 1211.31
1 15 4 1 2042.74
1 15 5 1 4419.59
1 15 6 1 7867.95
1 15 7 1 3504.95
1 15 8 1 3206.42
1 15 9 1 4995.86
1 15 10 1 3298.31
1 16 1 1 10015.7
1 16 3 1 1406.91
1 16 4 1 2611.27
1 16 5 1 5015.9
1 16 6 1 10377.7
1 16 7 1 3590.51
1 16 8 1 2986.36
1 16 9 1 4418.48
1 16 10 1 2559.89
1 17 1 1 9939.38
1 17 3 1 3228.96
1 17 4 1 4333.02
1 17 5 1 7327.67
1 17 6 1 15799.4
1 17 7 1 5384.93
1 17 8 1 3613.74
1 17 9 1 5263.87
1 17 10 1 2463.57
1 18 1 1 2742.77
1 18 3 1 1200.42
1 18 4 1 1796.42
1 18 5 1 2326.98
1 18 6 1 4506.93
1 18 7 1 1947.54
1 18 8 1 1711.35
1 18 9 1 1822.49
1 18 10 1 1151.6
1 19 1 1 3080.43
1 19 3 1 994.285
1 19 4 1 2377.34
1 19 5 1 2528.39
1 19 6 1 4134.58
1 19 7 1 2069.61
1 19 8 1 2510.46
1 19 9 1 2463.09
1 19 10 1 2020.81
1 20 1 1 2884.34
1 20 3 1 716.485
1 20 4 1 2486.58
1 20 5 1 2707.4
1 20 6 1 4179.06
1 20 7 1 1871.6
1 20 8 1 2642.03
1 20 9 1 2739.69
1 20 10 1 2329.82
1 21 1 1 3189.6
1 21 3 1 691.882
1 21 4 1 2663.67
1 21 5 1 3424.68
1 21 6 1 4860.17
1 21 7 1 1842.42
1 21 8 1 2918.16
1 21 9 1 3387.31
1 21 10 1 3077.89
1 22 1 1 3524.16
1 22 3 1 773.638
1 22 4 1 2823.68
1 22 5 1 3966.07
1 22 6 1 5578.91
1 22 7 1 1885.29
1 22 8 1 3264.52
1 22 9 1 4508.36
1 22 10 1 5090.44
1 23 1 1 2917.09
1 23 3 1 750.853
1 23 4 1 2505.43
1 23 5 1 2941.8
1 23 6 1 5776.85
1 23 7 1 1588.05
1 23 8 1 3330.22
1 23 9 1 5025.1
1 23 10 1 6527.01
1 24 1 1 3512.36
1 24 3 1 833.435
1 24 4 1 3096.31
1 24 5 1 3457.48
1 24 6 1 4905.76
1 24 7 1 1863.96
1 24 8 1 4347.62
1 24 9 1 7400.27
1 24 10 1 7597.91
1 25 1 1 2490.64
1 25 3 1 571.221
1 25 4 1 2298.66
1 25 5 1 2709.95
1 25 6 1 3419.37
1 25 7 1 1353.13
1 25 8 1 3235.21
1 25 9 1 6634.06
1 25 10 1 5108.93
1 26 1 1 3093.2
1 26 3 1 451.632
1 26 4 1 3138.78
1 26 5 1 4515.55
1 26 6 1 5667.69
1 26 7 1 1970.67
1 26 8 1 4014.51
1 26 9 1 10350.8
1 26 10 1 6288.39
1 27 1 1 1912.92
1 27 3 1 132.693
1 27 4 1 2234.2
1 27 5 1 5753.91
1 27 6 1 3828.98
1 27 7 1 1578.72
1 27 8 1 2543.49
1 27 9 1 7880.23
1 27 10 1 3641.75
1 28 1 1 1368.45
1 28 3 1 66.0135
1 28 4 1 1667.11
1 28 5 1 6892.16
1 28 6 1 2539.2
1 28 7 1 1272.01
1 28 8 1 1953.89
1 28 9 1 7081.5
1 28 10 1 2411.07
1 29 1 1 1041.97
1 29 3 1 63.4355
1 29 4 1 1076.8
1 29 5 1 4793.95
1 29 6 1 1954.55
1 29 7 1 848.085
1 29 8 1 1463.41
1 29 9 1 6557.01
1 29 10 1 1704.14
1 30 1 1 1575.61
1 30 3 1 185.683
1 30 4 1 1428.56
1 30 5 1 6254.88
1 30 6 1 2802.16
1 30 7 1 1145.69
1 30 8 1 2164.41
1 30 9 1 11108.4
1 30 10 1 2544.59
1 31 1 1 2128.72
1 31 3 1 168.147
1 31 4 1 1602.37
1 31 5 1 8631.81
1 31 6 1 3147.71
1 31 7 1 1447.44
1 31 8 1 2423.66
1 31 9 1 14675.7
1 31 10 1 2621.21
1 32 1 1 2354.15
1 32 3 1 117.584
1 32 4 1 1669.05
1 32 5 1 9072.94
1 32 6 1 3682.8
1 32 7 1 1806.77
1 32 8 1 2449.2
1 32 9 1 16568.3
1 32 10 1 2180.77
1 33 1 1 1589.39
1 33 3 1 75.9956
1 33 4 1 1407.68
1 33 5 1 6556.16
1 33 6 1 3890.47
1 33 7 1 1770.9
1 33 8 1 2097.67
1 33 9 1 13764.9
1 33 10 1 1365.37
1 34 1 1 1190.55
1 34 3 1 65.9171
1 34 4 1 1469.27
1 34 5 1 6094.8
1 34 6 1 4886.53
1 34 7 1 2109.48
1 34 8 1 2176.31
1 34 9 1 13506.1
1 34 10 1 927.522
1 35 1 1 703.219
1 35 3 1 66.2178
1 35 4 1 1086.32
1 35 5 1 4148.67
1 35 6 1 5244.33
1 35 7 1 1762.45
1 35 8 1 1571.1
1 35 9 1 9773.48
1 35 10 1 435.111
1 36 1 1 425.222
1 36 3 1 47.6602
1 36 4 1 659.868
1 36 5 1 2175.39
1 36 6 1 4195.32
1 36 7 1 1147.57
1 36 8 1 985.838
1 36 9 1 7059.91
1 36 10 1 210.24
1 37 1 1 775.51
1 37 3 1 197.018
1 37 4 1 1164.7
1 37 5 1 4538.42
1 37 6 1 5405.75
1 37 7 1 2116.45
1 37 8 1 1536.38
1 37 9 1 16591.8
1 37 10 1 242.866
1 38 1 1 750.021
1 38 3 1 269.104
1 38 4 1 1188.23
1 38 5 1 5479.12
1 38 6 1 4390.33
1 38 7 1 2260.41
1 38 8 1 1244.93
1 38 9 1 19782.6
1 38 10 1 136.64
1 39 1 1 524.972
1 39 3 1 87.1864
1 39 4 1 852.518
1 39 5 1 3582.5
1 39 6 1 2748.38
1 39 7 1 1664.64
1 39 8 1 800.239
1 39 9 1 15758.8
1 39 10 1 69.6414
1 40 1 1 528.358
1 40 3 1 103.998
1 40 4 1 864.786
1 40 5 1 3035.63
1 40 6 1 2454.03
1 40 7 1 1694.36
1 40 8 1 772.001
1 40 9 1 16926.1
1 40 10 1 57.0282
1 41 1 1 429.368
1 41 3 1 113.613
1 41 4 1 717.629
1 41 5 1 2415.65
1 41 6 1 2545.48
1 41 7 1 1377.09
1 41 8 1 630.802
1 41 9 1 14064.1
1 41 10 1 38.7252
1 42 1 1 255.683
1 42 3 1 141.745
1 42 4 1 410.532
1 42 5 1 1232.74
1 42 6 1 1642.25
1 42 7 1 741.168
1 42 8 1 390.418
1 42 9 1 8156.5
1 42 10 1 22.3282
1 43 1 1 950.679
1 43 3 1 1768.25
1 43 4 1 1666.9
1 43 5 1 4475.98
1 43 6 1 6753.29
1 43 7 1 2954.05
1 43 8 1 1534.74
1 43 9 1 32862.9
1 43 10 1 87.9987
1 44 1 1 678.589
1 44 3 1 3103.07
1 44 4 1 1549.16
1 44 5 1 3693.49
1 44 6 1 4093.49
1 44 7 1 2868.3
1 44 8 1 1400.56
1 44 9 1 28399.6
1 44 10 1 92.2432
1 45 1 1 498.964
1 45 3 1 4457.98
1 45 4 1 1426.5
1 45 5 1 2873.63
1 45 6 1 2278.4
1 45 7 1 2770.83
1 45 8 1 1385.14
1 45 9 1 24351.6
1 45 10 1 108.911
1 46 1 1 381.569
1 46 3 1 4033.27
1 46 4 1 1308.63
1 46 5 1 2247.35
1 46 6 1 1326.5
1 46 7 1 2668.12
1 46 8 1 1368.45
1 46 9 1 20525.3
1 46 10 1 119.41
1 47 1 1 307.742
1 47 3 1 2935.7
1 47 4 1 1201.95
1 47 5 1 1963.31
1 47 6 1 725.104
1 47 7 1 2565.9
1 47 8 1 1320.33
1 47 9 1 16918.2
1 47 10 1 124.584
1 48 1 1 255.697
1 48 3 1 1908.68
1 48 4 1 1109.44
1 48 5 1 1899.71
1 48 6 1 391.047
1 48 7 1 2470.63
1 48 8 1 1283.12
1 48 9 1 13643.2
1 48 10 1 128.387
1 49 1 1 215.989
1 49 3 1 1187.91
1 49 4 1 1031.56
1 49 5 1 1914.93
1 49 6 1 213.636
1 49 7 1 2386.69
1 49 8 1 1283.92
1 49 9 1 10805.1
1 49 10 1 137.582
1 50 1 1 178.56
1 50 3 1 832.536
1 50 4 1 967.367
1 50 5 1 1852.93
1 50 6 1 122.348
1 50 7 1 2316.1
1 50 8 1 1289.55
1 50 9 1 8448.8
1 50 10 1 152.735
1 51 1 1 144.942
1 51 3 1 790.465
1 51 4 1 915.238
1 51 5 1 1727.62
1 51 6 1 75.0094
1 51 7 1 2261.79
1 51 8 1 1308.25
1 51 9 1 6561.39
1 51 10 1 171.67
1 52 1 1 116.697
1 52 3 1 975.52
1 52 4 1 873.365
1 52 5 1 1553.64
1 52 6 1 50.2663
1 52 7 1 2223.66
1 52 8 1 1357.68
1 52 9 1 5092.49
1 52 10 1 200.972
1 53 1 1 94.4695
1 53 3 1 1005.93
1 53 4 1 840.003
1 53 5 1 1395.47
1 53 6 1 31.8244
1 53 7 1 2200.22
1 53 8 1 1375.01
1 53 9 1 3975.27
1 53 10 1 228.784
1 54 1 1 74.3884
1 54 3 1 1045.24
1 54 4 1 813.587
1 54 5 1 1202.62
1 54 6 1 21.1905
1 54 7 1 2189.64
1 54 8 1 1389.15
1 54 9 1 3141
1 54 10 1 261.231
1 55 1 1 57.7598
1 55 3 1 998.992
1 55 4 1 792.775
1 55 5 1 1010.95
1 55 6 1 13.4617
1 55 7 1 2188.6
1 55 8 1 1360.27
1 55 9 1 2527.16
1 55 10 1 288.074
1 56 1 1 49.2563
1 56 3 1 683.741
1 56 4 1 776.444
1 56 5 1 1007.44
1 56 6 1 7.71292
1 56 7 1 2197.93
1 56 8 1 1334.07
1 56 9 1 2080.89
1 56 10 1 298.786
1 57 1 1 41.7644
1 57 3 1 449.83
1 57 4 1 763.672
1 57 5 1 1017.5
1 57 6 1 4.83839
1 57 7 1 2216.23
1 57 8 1 1373.96
1 57 9 1 1759.65
1 57 10 1 336.783
1 58 1 1 34.6409
1 58 3 1 330.362
1 58 4 1 753.712
1 58 5 1 988.093
1 58 6 1 3.00965
1 58 7 1 2239.23
1 58 8 1 1399.47
1 58 9 1 1530.29
1 58 10 1 387.538
1 59 1 1 28.311
1 59 3 1 324.304
1 59 4 1 745.962
1 59 5 1 931.981
1 59 6 1 1.89137
1 59 7 1 2265.24
1 59 8 1 1408.88
1 59 9 1 1367.66
1 59 10 1 433.366
1 60 1 1 23.6637
1 60 3 1 323.475
1 60 4 1 739.944
1 60 5 1 929.159
1 60 6 1 1.12594
1 60 7 1 2291.92
1 60 8 1 1413.32
1 60 9 1 1253.02
1 60 10 1 471.726
1 61 1 1 19.9358
1 61 3 1 249.826
1 61 4 1 735.28
1 61 5 1 950.346
1 61 6 1 0.630426
1 61 7 1 2317.33
1 61 8 1 1400.11
1 61 9 1 1172.62
1 61 10 1 510.919
1 62 1 1 16.0756
1 62 3 1 228.023
1 62 4 1 731.669
1 62 5 1 886.564
1 62 6 1 0.403782
1 62 7 1 2340.61
1 62 8 1 1399.75
1 62 9 1 1116.47
1 62 10 1 574.56
1 63 1 1 13.0754
1 63 3 1 197.015
1 63 4 1 728.879
1 63 5 1 838.932
1 63 6 1 0.246157
1 63 7 1 2360.22
1 63 8 1 1391.26
1 63 9 1 1077.4
1 63 10 1 632.634
1 64 1 1 10.4155
1 64 3 1 245.089
1 64 4 1 726.723
1 64 5 1 736.37
1 64 6 1 0.157507
1 64 7 1 2375.78
1 64 8 1 1379.28
1 64 9 1 1050.31
1 64 10 1 702.98
1 65 1 1 8.10446
1 65 3 1 271.426
1 65 4 1 725.061
1 65 5 1 581.837
1 65 6 1 0.106105
1 65 7 1 2386.74
1 65 8 1 1371.7
1 65 9 1 1031.58
1 65 10 1 789.662
1 66 1 1 6.15552
1 66 3 1 271.759
1 66 4 1 723.779
1 66 5 1 455.397
1 66 6 1 0.0705814
1 66 7 1 2392.11
1 66 8 1 1342.65
1 66 9 1 1018.67
1 66 10 1 872.76
1 67 1 1 4.61689
1 67 3 1 256.798
1 67 4 1 722.792
1 67 5 1 355.193
1 67 6 1 0.0461607
1 67 7 1 2392.46
1 67 8 1 1297.6
1 67 9 1 1009.78
1 67 10 1 931.852
1 68 1 1 3.79155
1 68 3 1 196.401
1 68 4 1 722.032
1 68 5 1 340.899
1 68 6 1 0.0272238
1 68 7 1 2389.42
1 68 8 1 1257.02
1 68 9 1 1003.68
1 68 10 1 944.805
1 69 1 1 3.3566
1 69 3 1 134.54
1 69 4 1 721.449
1 69 5 1 390.1
1 69 6 1 0.0154781
1 69 7 1 2386.46
1 69 8 1 1263.67
1 69 9 1 999.499
1 69 10 1 989.564
1 70 1 1 2.76934
1 70 3 1 136.9
1 70 4 1 721.001
1 70 5 1 372.732
1 70 6 1 0.0109022
1 70 7 1 2384.2
1 70 8 1 1341.8
1 70 9 1 996.639
1 70 10 1 1177.06
1 71 1 1 2.29224
1 71 3 1 116.879
1 71 4 1 720.658
1 71 5 1 362.276
1 71 6 1 0.00687323
1 71 7 1 2380.7
1 71 8 1 1377.8
1 71 9 1 994.685
1 71 10 1 1335.32
1 72 1 1 1.82591
1 72 3 1 126.896
1 72 4 1 720.396
1 72 5 1 335.646
1 72 6 1 0.0049667
1 72 7 1 2377.73
1 72 8 1 1400.91
1 72 9 1 993.352
1 72 10 1 1509.32
1 73 1 1 1.34879
1 73 3 1 173.23
1 73 4 1 720.195
1 73 5 1 262.479
1 73 6 1 0.00406035
1 73 7 1 2373.57
1 73 8 1 1435.41
1 73 9 1 992.444
1 73 10 1 1801.39
1 74 1 1 1.06256
1 74 3 1 150.173
1 74 4 1 720.043
1 74 5 1 207.52
1 74 6 1 0.00234149
1 74 7 1 2366.08
1 74 8 1 1367.91
1 74 9 1 991.826
1 74 10 1 1865.03
1 75 1 1 0.886648
1 75 3 1 116.342
1 75 4 1 719.927
1 75 5 1 175.115
1 75 6 1 0.00133028
1 75 7 1 2356.82
1 75 8 1 1283.75
1 75 9 1 991.406
1 75 10 1 1808.48
1 76 1 1 0.720676
1 76 3 1 98.0382
1 76 4 1 719.839
1 76 5 1 164.4
1 76 6 1 0.000788521
1 76 7 1 2347.55
1 76 8 1 1224.97
1 76 9 1 991.121
1 76 10 1 1838.55
1 77 1 1 0.581422
1 77 3 1 86.9311
1 77 4 1 719.773
1 77 5 1 154.714
1 77 6 1 0.000493781
1 77 7 1 2339.31
1 77 8 1 1211.55
1 77 9 1 990.927
1 77 10 1 1942.28
1 78 1 1 0.458374
1 78 3 1 85.0816
1 78 4 1 719.724
1 78 5 1 136.626
1 78 6 1 0.000315767
1 78 7 1 2332.03
1 78 8 1 1205.42
1 78 9 1 990.796
1 78 10 1 2102.43
1 79 1 1 0.350649
1 79 3 1 87.3016
1 79 4 1 719.687
1 79 5 1 107.56
1 79 6 1 0.000211093
1 79 7 1 2324.79
1 79 8 1 1196.98
1 79 9 1 990.707
1 79 10 1 2275.61
1 80 1 1 0.263987
1 80 3 1 89.1198
1 80 4 1 719.66
1 80 5 1 83.0808
1 80 6 1 0.000154991
1 80 7 1 2316.62
1 80 8 1 1153.52
1 80 9 1 990.647
1 80 10 1 2406.61
1 81 1 1 0.200916
1 81 3 1 81.6687
1 81 4 1 719.641
1 81 5 1 67.3025
1 81 6 1 0.000107488
1 81 7 1 2306.34
1 81 8 1 1087.2
1 81 9 1 990.606
1 81 10 1 2407.21
1 82 1 1 0.159051
1 82 3 1 63.8272
1 82 4 1 719.628
1 82 5 1 58.43
1 82 6 1 5.1472e-05
1 82 7 1 2294.36
1 82 8 1 987.132
1 82 9 1 990.579
1 82 10 1 2220.08
1 83 1 1 0.11918
1 83 3 1 56.6945
1 83 4 1 719.619
1 83 5 1 45.381
1 83 6 1 3.15093e-05
1 83 7 1 2283.72
1 83 8 1 930.901
1 83 9 1 990.56
1 83 10 1 2165.04
1 84 1 1 0.0951955
1 84 3 1 48.1522
1 84 4 1 719.613
1 84 5 1 35.6371
1 84 6 1 1.88768e-05
1 84 7 1 2274.79
1 84 8 1 903.816
1 84 9 1 990.548
1 84 10 1 2174.73
1 85 1 1 0.0746061
1 85 3 1 43.5918
1 85 4 1 719.61
1 85 5 1 27.8044
1 85 6 1 1.15196e-05
1 85 7 1 2267.33
1 85 8 1 884.696
1 85 9 1 990.539
1 85 10 1 2227.24
1 86 1 1 0.0556025
1 86 3 1 44.8436
1 86 4 1 719.61
1 86 5 1 21.1481
1 86 6 1 8.48279e-06
1 86 7 1 2260.65
1 86 8 1 863.328
1 86 9 1 990.534
1 86 10 1 2334.52
1 87 1 1 0.0402808
1 87 3 1 43.0067
1 87 4 1 719.611
1 87 5 1 15.8917
1 87 6 1 5.92554e-06
1 87 7 1 2253.79
1 87 8 1 825.195
1 87 9 1 990.53
1 87 10 1 2353.53
1 88 1 1 0.0306348
1 88 3 1 34.2274
1 88 4 1 719.612
1 88 5 1 12.182
1 88 6 1 3.01349e-06
1 88 7 1 2246.82
1 88 8 1 771.067
1 88 9 1 990.527
1 88 10 1 2191.52
1 89 1 1 0.0243977
1 89 3 1 27.7056
1 89 4 1 719.615
1 89 5 1 10.2685
1 89 6 1 1.71172e-06
1 89 7 1 2241.92
1 89 8 1 732.646
1 89 9 1 990.525
1 89 10 1 2082.87
1 90 1 1 0.0201951
1 90 3 1 21.2752
1 90 4 1 719.618
1 90 5 1 10.6541
1 90 6 1 9.95991e-07
1 90 7 1 2241.15
1 90 8 1 730.615
1 90 9 1 990.524
1 90 10 1 2063.87
1 91 1 1 0.0163777
1 91 3 1 18.5669
1 91 4 1 719.621
1 91 5 1 10.2893
1 91 6 1 6.16245e-07
1 91 7 1 2244.31
1 91 8 1 754.09
1 91 9 1 990.523
1 91 10 1 2195.01
1 92 1 1 0.0124558
1 92 3 1 21.3112
1 92 4 1 719.625
1 92 5 1 8.04379
1 92 6 1 4.5184e-07
1 92 7 1 2249.86
1 92 8 1 779.912
1 92 9 1 990.523
1 92 10 1 2438.85
1 93 1 1 0.00902289
1 93 3 1 23.2248
1 93 4 1 719.627
1 93 5 1 6.16158
1 93 6 1 3.55178e-07
1 93 7 1 2254.76
1 93 8 1 782.146
1 93 9 1 990.523
1 93 10 1 2633.71
1 94 1 1 0.00667418
1 94 3 1 21.029
1 94 4 1 719.629
1 94 5 1 4.7115
1 94 6 1 2.30405e-07
1 94 7 1 2258.06
1 94 8 1 746.599
1 94 9 1 990.522
1 94 10 1 2580.73
1 95 1 1 0.00499972
1 95 3 1 18.2181
1 95 4 1 719.631
1 95 5 1 3.61188
1 95 6 1 1.47339e-07
1 95 7 1 2260.25
1 95 8 1 712.819
1 95 9 1 990.522
1 95 10 1 2480.85
1 96 1 1 0.00373601
1 96 3 1 16.2704
1 96 4 1 719.632
1 96 5 1 2.75242
1 96 6 1 9.16885e-08
1 96 7 1 2260.38
1 96 8 1 676.751
1 96 9 1 990.522
1 96 10 1 2424.88
1 97 1 1 0.00279166
1 97 3 1 14.1072
1 97 4 1 719.632
1 97 5 1 2.09631
1 97 6 1 5.11914e-08
1 97 7 1 2258.61
1 97 8 1 638.54
1 97 9 1 990.522
1 97 10 1 2313.95
1 98 1 1 0.00207314
1 98 3 1 12.6357
1 98 4 1 719.632
1 98 5 1 1.58582
1 98 6 1 3.40878e-08
1 98 7 1 2256.08
1 98 8 1 609.748
1 98 9 1 990.522
1 98 10 1 2248.21
1 99 1 1 0.00153566
1 99 3 1 11.6632
1 99 4 1 719.631
1 99 5 1 1.19069
1 99 6 1 2.48992e-08
1 99 7 1 2252.46
1 99 8 1 591.056
1 99 9 1 990.522
1 99 10 1 2247.55
1 100 1 1 0.00112945
1 100 3 1 10.934
1 100 4 1 719.631
1 100 5 1 0.882146
1 100 6 1 1.75642e-08
1 100 7 1 2246.93
1 100 8 1 563.379
1 100 9 1 990.522
1 100 10 1 2229.4
1 101 1 1 0.000826982
1 101 3 1 9.81801
1 101 4 1 719.631
1 101 5 1 0.648918
1 101 6 1 1.22019e-08
1 101 7 1 2239.45
1 101 8 1 530.068
1 101 9 1 990.522
1 101 10 1 2139.78
1 102 1 1 0.00061226
1 102 3 1 8.06776
1 102 4 1 719.631
1 102 5 1 0.483353
1 102 6 1 7.09825e-09
1 102 7 1 2229.8
1 102 8 1 488.233
1 102 9 1 990.522
1 102 10 1 1960.34
1 103 1 1 0.00045339
1 103 3 1 6.58345
1 103 4 1 719.632
1 103 5 1 0.36197
1 103 6 1 3.92397e-09
1 103 7 1 2220.26
1 103 8 1 451.946
1 103 9 1 990.522
1 103 10 1 1790.07
1 104 1 1 0.000356475
1 104 3 1 5.11586
1 104 4 1 719.634
1 104 5 1 0.318336
1 104 6 1 2.17095e-09
1 104 7 1 2214.27
1 104 8 1 439.632
1 104 9 1 990.522
1 104 10 1 1685.92
1 105 1 1 0.00028785
1 105 3 1 4.52302
1 105 4 1 719.636
1 105 5 1 0.31157
1 105 6 1 1.4663e-09
1 105 7 1 2213.19
1 105 8 1 454.348
1 105 9 1 990.522
1 105 10 1 1761.95
1 106 1 1 0.00020947
1 106 3 1 4.88611
1 106 4 1 719.639
1 106 5 1 0.238269
1 106 6 1 1.08475e-09
1 106 7 1 2214.4
1 106 8 1 473.283
1 106 9 1 990.522
1 106 10 1 1957.23
1 107 1 1 0.000156883
1 107 3 1 4.33841
1 107 4 1 719.641
1 107 5 1 0.18397
1 107 6 1 6.01525e-10
1 107 7 1 2216.28
1 107 8 1 467.872
1 107 9 1 990.522
1 107 10 1 1948.35
1 108 1 1 0.000121098
1 108 3 1 3.72577
1 108 4 1 719.644
1 108 5 1 0.142257
1 108 6 1 3.58335e-10
1 108 7 1 2219.29
1 108 8 1 459.8
1 108 9 1 990.522
1 108 10 1 1895.21
1 109 1 1 9.79953e-05
1 109 3 1 3.10371
1 109 4 1 719.647
1 109 5 1 0.110982
1 109 6 1 2.08069e-10
1 109 7 1 2224.63
1 109 8 1 456.005
1 109 9 1 990.522
1 109 10 1 1858.94
1 110 1 1 7.90607e-05
1 110 3 1 2.68732
1 110 4 1 719.648
1 110 5 1 0.0872182
1 110 6 1 1.30368e-10
1 110 7 1 2233.75
1 110 8 1 473.975
1 110 9 1 990.522
1 110 10 1 1918.62
1 111 1 1 6.11151e-05
1 111 3 1 2.75518
1 111 4 1 719.65
1 111 5 1 0.0674247
1 111 6 1 9.53409e-11
1 111 7 1 2245.43
1 111 8 1 503.797
1 111 9 1 990.522
1 111 10 1 2127.21
1 112 1 1 4.50238e-05
1 112 3 1 2.86652
1 112 4 1 719.65
1 112 5 1 0.0511819
1 112 6 1 6.88106e-11
1 112 7 1 2256.79
1 112 8 1 524.868
1 112 9 1 990.522
1 112 10 1 2318.28
1 113 1 1 3.47601e-05
1 113 3 1 2.48377
1 113 4 1 719.649
1 113 5 1 0.0391237
1 113 6 1 3.85017e-11
1 113 7 1 2266
1 113 8 1 520.886
1 113 9 1 990.522
1 113 10 1 2293.6
1 114 1 1 2.83469e-05
1 114 3 1 1.99858
1 114 4 1 719.647
1 114 5 1 0.0346781
1 114 6 1 2.20858e-11
1 114 7 1 2274.56
1 114 8 1 514.935
1 114 9 1 990.522
1 114 10 1 2203.45
1 115 1 1 2.31463e-05
1 115 3 1 1.68282
1 115 4 1 719.645
1 115 5 1 0.0343002
1 115 6 1 1.3427e-11
1 115 7 1 2284.08
1 115 8 1 530.362
1 115 9 1 990.522
1 115 10 1 2243.11
1 116 1 1 1.74925e-05
1 116 3 1 1.9003
1 116 4 1 719.641
1 116 5 1 0.026341
1 116 6 1 1.07098e-11
1 116 7 1 2292.72
1 116 8 1 558.463
1 116 9 1 990.522
1 116 10 1 2522.51
1 117 1 1 1.26839e-05
1 117 3 1 1.9937
1 117 4 1 719.637
1 117 5 1 0.0198877
1 117 6 1 8.14201e-12
1 117 7 1 2297.32
1 117 8 1 561.374
1 117 9 1 990.522
1 117 10 1 2680.85
1 118 1 1 9.63608e-06
1 118 3 1 1.63998
1 118 4 1 719.633
1 118 5 1 0.0152681
1 118 6 1 4.46613e-12
1 118 7 1 2297.64
1 118 8 1 536.676
1 118 9 1 990.522
1 118 10 1 2503.42
1 119 1 1 7.38933e-06
1 119 3 1 1.40012
1 119 4 1 719.628
1 119 5 1 0.0116877
1 119 6 1 2.74474e-12
1 119 7 1 2295.47
1 119 8 1 515.665
1 119 9 1 990.522
1 119 10 1 2378.44
1 120 1 1 5.38286e-06
1 120 3 1 1.38116
1 120 4 1 719.624
1 120 5 1 0.00873706
1 120 6 1 2.1501e-12
1 120 7 1 2290.66
1 120 8 1 505.775
1 120 9 1 990.522
1 120 10 1 2436.09
1 121 1 1 4.12986e-06
1 121 3 1 1.17526
1 121 4 1 719.621
1 121 5 1 0.00718858
1 121 6 1 1.31865e-12
1 121 7 1 2282.31
1 121 8 1 481.692
1 121 9 1 990.522
1 121 10 1 2320.98
1 122 1 1 3.44795e-06
1 122 3 1 0.803184
1 122 4 1 719.618
1 122 5 1 0.00732459
1 122 6 1 6.03043e-13
1 122 7 1 2273.4
1 122 8 1 456.428
1 122 9 1 990.522
1 122 10 1 2044.73
1 123 1 1 2.78609e-06
1 123 3 1 0.640811
1 123 4 1 719.616
1 123 5 1 0.00696588
1 123 6 1 3.5254e-13
1 123 7 1 2267.68
1 123 8 1 463.671
1 123 9 1 990.522
1 123 10 1 2031.06
2 1 1 1 2507.99
2 1 5 1 786.794
2 1 7 1 1203.8
2 1 9 1 374.473
2 2 1 1 3001.1
2 2 5 1 653.663
2 2 7 1 1313.26
2 2 9 1 381.886
2 3 1 1 5583.55
2 3 5 1 1125.68
2 3 7 1 2509.24
2 3 9 1 594.533
2 4 1 1 6191.39
2 4 5 1 1327.2
2 4 7 1 3104.48
2 4 9 1 639.042
2 5 1 1 6540.25
2 5 5 1 1361.11
2 5 7 1 3322.14
2 5 9 1 644.91
2 6 1 1 5820.67
2 6 5 1 1050.26
2 6 7 1 2991.47
2 6 9 1 556.447
2 7 1 1 5119.6
2 7 5 1 754.395
2 7 7 1 2630.34
2 7 9 1 499.318
2 8 1 1 4719.41
2 8 5 1 617.06
2 8 7 1 2602.77
2 8 9 1 501.593
2 9 1 1 4500.03
2 9 5 1 538.245
2 9 7 1 2830.37
2 9 9 1 520.996
2 10 1 1 6836.24
2 10 5 1 820.254
2 10 7 1 4692.49
2 10 9 1 808.953
2 11 1 1 7058.27
2 11 5 1 935.747
2 11 7 1 4870.53
2 11 9 1 743.004
2 12 1 1 8932.71
2 12 5 1 1181.17
2 12 7 1 6128.82
2 12 9 1 913.08
2 13 1 1 9016.04
2 13 5 1 1165.38
2 13 7 1 6331.39
2 13 9 1 918.353
2 14 1 1 9716.55
2 14 5 1 1460.68
2 14 7 1 8739.55
2 14 9 1 1090.59
2 15 1 1 6617.2
2 15 5 1 1157.76
2 15 7 1 7341.09
2 15 9 1 785.232
2 16 1 1 2402.1
2 16 5 1 496.257
2 16 7 1 2804.56
2 16 9 1 254.813
2 17 1 1 3910.61
2 17 5 1 1134.34
2 17 7 1 6794.95
2 17 9 1 476.563
2 18 1 1 2360.69
2 18 5 1 787.453
2 18 7 1 5761.53
2 18 9 1 372.715
2 19 1 1 3200.62
2 19 5 1 1025.3
2 19 7 1 7208.88
2 19 9 1 590.022
2 20 1 1 2329.38
2 20 5 1 862.071
2 20 7 1 4981.72
2 20 9 1 510.031
2 21 1 1 2836.45
2 21 5 1 1172.03
2 21 7 1 5466.5
2 21 9 1 699.621
2 22 1 1 2587.53
2 22 5 1 1183.91
2 22 7 1 4607.33
2 22 9 1 748.637
2 23 1 1 4909.1
2 23 5 1 1999.51
2 23 7 1 9423.76
2 23 9 1 2030.62
2 24 1 1 4125.79
2 24 5 1 1580.7
2 24 7 1 8032.64
2 24 9 1 2209.97
2 25 1 1 4007.68
2 25 5 1 1534.86
2 25 7 1 7764.6
2 25 9 1 2667.55
2 26 1 1 1821.4
2 26 5 1 896.776
2 26 7 1 3841.79
2 26 9 1 1468.93
2 27 1 1 2434.55
2 27 5 1 2649.45
2 27 7 1 6290.38
2 27 9 1 2368.87
2 28 1 1 1314.05
2 28 5 1 2700.28
2 28 7 1 3947.32
2 28 9 1 1576.26
2 29 1 1 2054.27
2 29 5 1 4152.59
2 29 7 1 5718.34
2 29 9 1 3011.16
2 30 1 1 1884.91
2 30 5 1 3168.8
2 30 7 1 4596.99
2 30 9 1 3211.65
2 31 1 1 899.545
2 31 5 1 1491.16
2 31 7 1 1909.84
2 31 9 1 1484.53
2 32 1 1 1185.43
2 32 5 1 1796.04
2 32 7 1 2709.5
2 32 9 1 1978.82
2 33 1 1 1536
2 33 5 1 2371.45
2 33 7 1 5018.64
2 33 9 1 3169.41
2 34 1 1 881.491
2 34 5 1 1619.53
2 34 7 1 4623.22
2 34 9 1 2400.01
2 35 1 1 523.573
2 35 5 1 1064.07
2 35 7 1 3995.79
2 35 9 1 1755.54
2 36 1 1 75.0706
2 36 5 1 122.882
2 36 7 1 628.374
2 36 9 1 284.032
2 37 1 1 536.87
2 37 5 1 890.298
2 37 7 1 4632.98
2 37 9 1 2522.18
2 38 1 1 439.754
2 38 5 1 876.695
2 38 7 1 4364.74
2 38 9 1 2739.2
2 39 1 1 215.073
2 39 5 1 379.104
2 39 7 1 2206.66
2 39 9 1 1563.34
2 40 1 1 156.753
2 40 5 1 217.123
2 40 7 1 1562.38
2 40 9 1 1205.69
2 41 1 1 218.228
2 41 5 1 292.354
2 41 7 1 2111.51
2 41 9 1 1699.93
2 42 1 1 86.7305
2 42 5 1 99.0829
2 42 7 1 751.509
2 42 9 1 647.562
2 43 1 1 579.811
2 43 5 1 652.663
2 43 7 1 5439.48
2 43 9 1 4628.6
2 44 1 1 401.486
2 44 5 1 534.886
2 44 7 1 5311.4
2 44 9 1 3995.82
2 45 1 1 286.498
2 45 5 1 409.093
2 45 7 1 5150.45
2 45 9 1 3453.81
2 46 1 1 215.103
2 46 5 1 313.62
2 46 7 1 4969.94
2 46 9 1 2942.59
2 47 1 1 173.85
2 47 5 1 273.463
2 47 7 1 4781.83
2 47 9 1 2449.58
2 48 1 1 145.784
2 48 5 1 267.378
2 48 7 1 4598.17
2 48 9 1 1990.75
2 49 1 1 124.283
2 49 5 1 272.341
2 49 7 1 4428.89
2 49 9 1 1585.03
2 50 1 1 103.07
2 50 5 1 264.078
2 50 7 1 4280.43
2 50 9 1 1243.06
2 51 1 1 83.2529
2 51 5 1 245.026
2 51 7 1 4158.55
2 51 9 1 966.018
2 52 1 1 66.3541
2 52 5 1 218.021
2 52 7 1 4065.97
2 52 9 1 748.574
2 53 1 1 53.4431
2 53 5 1 194.204
2 53 7 1 4001.89
2 53 9 1 582.117
2 54 1 1 41.6429
2 54 5 1 165.199
2 54 7 1 3964.47
2 54 9 1 457.19
2 55 1 1 32.0492
2 55 5 1 136.781
2 55 7 1 3948.97
2 55 9 1 364.903
2 56 1 1 27.7725
2 56 5 1 138.42
2 56 7 1 3953.76
2 56 9 1 297.595
2 57 1 1 23.7169
2 57 5 1 141.322
2 57 7 1 3976.71
2 57 9 1 249.016
2 58 1 1 19.727
2 58 5 1 137.727
2 58 7 1 4012.14
2 58 9 1 214.257
2 59 1 1 16.0992
2 59 5 1 129.577
2 59 7 1 4056.06
2 59 9 1 189.565
2 60 1 1 13.4973
2 60 5 1 129.667
2 60 7 1 4104.36
2 60 9 1 172.132
2 61 1 1 11.4533
2 61 5 1 133.85
2 61 7 1 4152.98
2 61 9 1 159.889
2 62 1 1 9.19224
2 62 5 1 123.99
2 62 7 1 4199.35
2 62 9 1 151.329
2 63 1 1 7.46095
2 63 5 1 116.951
2 63 7 1 4240.65
2 63 9 1 145.367
2 64 1 1 5.90703
2 64 5 1 101.151
2 64 7 1 4275.22
2 64 9 1 141.23
2 65 1 1 4.54314
2 65 5 1 77.2038
2 65 7 1 4301.93
2 65 9 1 138.367
2 66 1 1 3.40009
2 66 5 1 58.6726
2 66 7 1 4319.24
2 66 9 1 136.391
2 67 1 1 2.51017
2 67 5 1 44.5664
2 67 7 1 4327.08
2 67 9 1 135.031
2 68 1 1 2.08716
2 68 5 1 44.0847
2 68 7 1 4327.03
2 68 9 1 134.097
2 69 1 1 1.89939
2 69 5 1 53.3647
2 69 7 1 4323.07
2 69 9 1 133.456
2 70 1 1 1.56456
2 70 5 1 50.9661
2 70 7 1 4318.07
2 70 9 1 133.018
2 71 1 1 1.29691
2 71 5 1 49.6909
2 71 7 1 4311.31
2 71 9 1 132.718
2 72 1 1 1.02481
2 72 5 1 46.0095
2 72 7 1 4304.57
2 72 9 1 132.514
2 73 1 1 0.734897
2 73 5 1 34.861
2 73 7 1 4297.3
2 73 9 1 132.375
2 74 1 1 0.578997
2 74 5 1 26.6774
2 74 7 1 4286.49
2 74 9 1 132.28
2 75 1 1 0.493975
2 75 5 1 22.1871
2 75 7 1 4272.71
2 75 9 1 132.215
2 76 1 1 0.40621
2 76 5 1 21.3303
2 76 7 1 4257.29
2 76 9 1 132.171
2 77 1 1 0.328806
2 77 5 1 20.4134
2 77 7 1 4242.04
2 77 9 1 132.142
2 78 1 1 0.25814
2 78 5 1 18.0022
2 78 7 1 4227.51
2 78 9 1 132.121
2 79 1 1 0.195112
2 79 5 1 13.7423
2 79 7 1 4213.56
2 79 9 1 132.108
2 80 1 1 0.145384
2 80 5 1 10.3722
2 80 7 1 4198.99
2 80 9 1 132.099
2 81 1 1 0.110325
2 81 5 1 8.38441
2 81 7 1 4182.46
2 81 9 1 132.092
2 82 1 1 0.0885341
2 82 5 1 7.37668
2 82 7 1 4163.19
2 82 9 1 132.088
2 83 1 1 0.0659348
2 83 5 1 5.5938
2 83 7 1 4144.02
2 83 9 1 132.085
2 84 1 1 0.0531876
2 84 5 1 4.2832
2 84 7 1 4126.28
2 84 9 1 132.083
2 85 1 1 0.0418189
2 85 5 1 3.2693
2 85 7 1 4110.52
2 85 9 1 132.082
2 86 1 1 0.0308688
2 86 5 1 2.4498
2 86 7 1 4096.56
2 86 9 1 132.081
2 87 1 1 0.0219953
2 87 5 1 1.81875
2 87 7 1 4083.44
2 87 9 1 132.081
2 88 1 1 0.0167433
2 88 5 1 1.37302
2 88 7 1 4070.73
2 88 9 1 132.08
2 89 1 1 0.0135376
2 89 5 1 1.19111
2 89 7 1 4060.19
2 89 9 1 132.08
2 90 1 1 0.011404
2 90 5 1 1.35017
2 90 7 1 4054.6
2 90 9 1 132.08
2 91 1 1 0.00929647
2 91 5 1 1.34847
2 91 7 1 4055.02
2 91 9 1 132.08
2 92 1 1 0.00698005
2 92 5 1 1.0252
2 92 7 1 4060.65
2 92 9 1 132.079
2 93 1 1 0.00494009
2 93 5 1 0.768795
2 93 7 1 4068.43
2 93 9 1 132.079
2 94 1 1 0.00361454
2 94 5 1 0.576595
2 94 7 1 4075.76
2 94 9 1 132.079
2 95 1 1 0.00269695
2 95 5 1 0.433614
2 95 7 1 4082.07
2 95 9 1 132.079
2 96 1 1 0.00201425
2 96 5 1 0.324926
2 96 7 1 4085.64
2 96 9 1 132.079
2 97 1 1 0.00150755
2 97 5 1 0.243621
2 97 7 1 4085.85
2 97 9 1 132.079
2 98 1 1 0.00111887
2 98 5 1 0.181888
2 98 7 1 4083.46
2 98 9 1 132.079
2 99 1 1 0.000826927
2 99 5 1 0.135009
2 99 7 1 4078.7
2 99 9 1 132.079
2 100 1 1 0.000607235
2 100 5 1 0.099208
2 100 7 1 4070.76
2 100 9 1 132.079
2 101 1 1 0.000443885
2 101 5 1 0.0724717
2 101 7 1 4059.57
2 101 9 1 132.079
2 102 1 1 0.000329882
2 102 5 1 0.0534953
2 102 7 1 4044.74
2 102 9 1 132.079
2 103 1 1 0.000245121
2 103 5 1 0.0397
2 103 7 1 4028.24
2 103 9 1 132.079
2 104 1 1 0.000195634
2 104 5 1 0.0369586
2 104 7 1 4014.3
2 104 9 1 132.079
2 105 1 1 0.00016035
2 105 5 1 0.0391107
2 105 7 1 4006.22
2 105 9 1 132.079
2 106 1 1 0.000114437
2 106 5 1 0.0293193
2 106 7 1 4003.31
2 106 9 1 132.079
2 107 1 1 8.51227e-05
2 107 5 1 0.0221682
2 107 7 1 4003.66
2 107 9 1 132.079
2 108 1 1 6.60824e-05
2 108 5 1 0.0167977
2 108 7 1 4007.19
2 108 9 1 132.079
2 109 1 1 5.44816e-05
2 109 5 1 0.0128417
2 109 7 1 4014.41
2 109 9 1 132.079
2 110 1 1 4.43342e-05
2 110 5 1 0.00988882
2 110 7 1 4027.08
2 110 9 1 132.079
2 111 1 1 3.402e-05
2 111 5 1 0.0075257
2 111 7 1 4044.63
2 111 9 1 132.079
2 112 1 1 2.45519e-05
2 112 5 1 0.00564327
2 112 7 1 4064.25
2 112 9 1 132.079
2 113 1 1 1.89593e-05
2 113 5 1 0.00425996
2 113 7 1 4082.8
2 113 9 1 132.079
2 114 1 1 1.57506e-05
2 114 5 1 0.00400192
2 114 7 1 4100.24
2 114 9 1 132.079
2 115 1 1 1.30168e-05
2 115 5 1 0.00427788
2 115 7 1 4117.92
2 115 9 1 132.079
2 116 1 1 9.72204e-06
2 116 5 1 0.00321948
2 116 7 1 4134.7
2 116 9 1 132.079
2 117 1 1 6.91207e-06
2 117 5 1 0.00239339
2 117 7 1 4147
2 117 9 1 132.079
2 118 1 1 5.24891e-06
2 118 5 1 0.00180355
2 118 7 1 4153.07
2 118 9 1 132.079
2 119 1 1 4.04705e-06
2 119 5 1 0.00135808
2 119 7 1 4153.78
2 119 9 1 132.079
2 120 1 1 2.91885e-06
2 120 5 1 0.00100409
2 120 7 1 4149.31
2 120 9 1 132.079
2 121 1 1 2.25909e-06
2 121 5 1 0.000848648
2 121 7 1 4138.68
2 121 9 1 132.079
2 122 1 1 1.94383e-06
2 122 5 1 0.00093431
2 122 7 1 4124.45
2 122 9 1 132.079
2 123 1 1 1.58532e-06
2 123 5 1 0.000912956
2 123 7 1 4111.56
2 123 9 1 132.079
3 1 2 1 1310.33
3 1 3 1 0.365774
3 2 2 1 847.554
3 2 3 1 0.218486
3 3 2 1 1689.63
3 3 3 1 0.271845
3 4 2 1 1128.98
3 4 3 1 0.0415379
3 5 2 1 618.322
3 5 3 1 0.0285007
3 6 2 1 737.613
3 6 3 1 0.107501
3 7 2 1 424.21
3 7 3 1 0.108163
3 8 2 1 1759.82
3 8 3 1 30.8965
3 9 2 1 855.967
3 9 3 1 2.14969
3 10 2 1 599.912
3 10 3 1 0.354336
3 11 2 1 995.023
3 11 3 1 0.235248
3 12 2 1 1363.05
3 12 3 1 0.201746
3 13 2 1 1607.77
3 13 3 1 0.247107
3 14 2 1 3440.1
3 14 3 1 133.713
3 15 2 1 1392.25
3 15 3 1 0.725741
3 16 2 1 1755.22
3 16 3 1 103.028
3 17 2 1 756.341
3 17 3 1 37.8088
3 18 2 1 447.622
3 18 3 1 51.0859
3 19 2 1 4268.26
3 19 3 1 393.096
3 20 2 1 7875.41
3 20 3 1 84.3678
3 21 2 1 12829.5
3 21 3 1 80.2508
3 22 2 1 10882.6
3 22 3 1 3.85441
3 23 2 1 9652.31
3 23 3 1 18.8391
3 24 2 1 10747.6
3 24 3 1 11.7148
3 25 2 1 18508.7
3 25 3 1 440.062
3 26 2 1 19629.2
3 26 3 1 1834.88
3 27 2 1 10927.8
3 27 3 1 1928.04
3 28 2 1 13654
3 28 3 1 329.515
3 29 2 1 11387
3 29 3 1 1066.73
3 30 2 1 8288.66
3 30 3 1 955.113
3 31 2 1 11780.9
3 31 3 1 844.382
3 32 2 1 16074.7
3 32 3 1 421.642
3 33 2 1 9491.42
3 33 3 1 83.4586
3 34 2 1 18707.6
3 34 3 1 71.3001
3 35 2 1 22834.7
3 35 3 1 104.261
3 36 2 1 23244.3
3 36 3 1 1862.81
3 37 2 1 18774.3
3 37 3 1 1237.6
3 38 2 1 11564.1
3 38 3 1 448.723
3 39 2 1 12961.9
3 39 3 1 1609.96
3 40 2 1 8305.44
3 40 3 1 1022.11
3 41 2 1 7286.51
3 41 3 1 546.882
3 42 2 1 412.362
3 42 3 1 0.0200514
3 43 2 1 10244.8
3 43 3 1 97.516
3 44 2 1 6971.31
3 44 3 1 153.191
3 45 2 1 6625.29
3 45 3 1 175.339
3 46 2 1 6262.82
3 46 3 1 150.973
3 47 2 1 5879.62
3 47 3 1 113.158
3 48 2 1 5531.48
3 48 3 1 79.7889
3 49 2 1 5559.98
3 49 3 1 56.467
3 50 2 1 5816.84
3 50 3 1 44.1214
3 51 2 1 6172.45
3 51 3 1 40.1805
3 52 2 1 6721.95
3 52 3 1 42.6742
3 53 2 1 7080.57
3 53 3 1 41.0082
3 54 2 1 7587.79
3 54 3 1 40.7716
3 55 2 1 7575.3
3 55 3 1 38.1883
3 56 2 1 7286.04
3 56 3 1 28.0976
3 57 2 1 7570.55
3 57 3 1 21.3744
3 58 2 1 8017.65
3 58 3 1 17.6542
3 59 2 1 8274.7
3 59 3 1 16.4574
3 60 2 1 8175.31
3 60 3 1 15.0225
3 61 2 1 8395.28
3 61 3 1 11.9316
3 62 2 1 8609.92
3 62 3 1 10.7436
3 63 2 1 8749.74
3 63 3 1 9.30158
3 64 2 1 8950.24
3 64 3 1 10.0266
3 65 2 1 9150.84
3 65 3 1 10.3019
3 66 2 1 9211.04
3 66 3 1 10.0306
3 67 2 1 8906.86
3 67 3 1 9.39055
3 68 2 1 8082.71
3 68 3 1 7.46501
3 69 2 1 7969.99
3 69 3 1 5.5858
3 70 2 1 8611.56
3 70 3 1 5.68978
3 71 2 1 8931.39
3 71 3 1 5.00824
3 72 2 1 9581.44
3 72 3 1 5.16635
3 73 2 1 10217.6
3 73 3 1 6.3352
3 74 2 1 9616.33
3 74 3 1 5.45295
3 75 2 1 8861.26
3 75 3 1 4.36288
3 76 2 1 8398.67
3 76 3 1 3.75773
3 77 2 1 8277.3
3 77 3 1 3.3812
3 78 2 1 8428.74
3 78 3 1 3.26384
3 79 2 1 8536.94
3 79 3 1 3.26496
3 80 2 1 8623.08
3 80 3 1 3.23469
3 81 2 1 7939.01
3 81 3 1 2.95193
3 82 2 1 7225.99
3 82 3 1 2.33327
3 83 2 1 6704.03
3 83 3 1 2.0776
3 84 2 1 6412.2
3 84 3 1 1.79338
3 85 2 1 6324.34
3 85 3 1 1.63012
3 86 2 1 6461.93
3 86 3 1 1.63353
3 87 2 1 6105.96
3 87 3 1 1.53858
3 88 2 1 5590.87
3 88 3 1 1.24004
3 89 2 1 5139.19
3 89 3 1 1.0229
3 90 2 1 4923.72
3 90 3 1 0.820983
3 91 2 1 5106.81
3 91 3 1 0.73598
3 92 2 1 5528.26
3 92 3 1 0.80148
3 93 2 1 5735.84
3 93 3 1 0.83681
3 94 2 1 5436.9
3 94 3 1 0.747306
3 95 2 1 5138.66
3 95 3 1 0.65253
3 96 2 1 4846.7
3 96 3 1 0.583334
3 97 2 1 4537.19
3 97 3 1 0.506226
3 98 2 1 4317.88
3 98 3 1 0.452507
3 99 2 1 4189.29
3 99 3 1 0.417406
3 100 2 1 4070.1
3 100 3 1 0.386544
3 101 2 1 3782.42
3 101 3 1 0.345542
3 102 2 1 3419.91
3 102 3 1 0.285176
3 103 2 1 3084.35
3 103 3 1 0.23429
3 104 2 1 2806.76
3 104 3 1 0.187276
3 105 2 1 2931.55
3 105 3 1 0.169175
3 106 2 1 3095.08
3 106 3 1 0.178636
3 107 2 1 3044.32
3 107 3 1 0.157279
3 108 2 1 2933.5
3 108 3 1 0.13608
3 109 2 1 2823.69
3 109 3 1 0.11489
3 110 2 1 2860.5
3 110 3 1 0.101457
3 111 2 1 3120.44
3 111 3 1 0.102853
3 112 2 1 3266.32
3 112 3 1 0.104623
3 113 2 1 3198.97
3 113 3 1 0.0906953
3 114 2 1 3031.64
3 114 3 1 0.0744317
3 115 2 1 3081.33
3 115 3 1 0.0642866
3 116 2 1 3419.7
3 116 3 1 0.0702352
3 117 2 1 3487.03
3 117 3 1 0.0712203
3 118 2 1 3240.98
3 118 3 1 0.0587614
3 119 2 1 3118.01
3 119 3 1 0.050541
3 120 2 1 3133.46
3 120 3 1 0.0493294
3 121 2 1 2853.92
3 121 3 1 0.0420335
3 122 2 1 2556.73
3 122 3 1 0.0299145
3 123 2 1 2548.7
3 123 3 1 0.0248383
full time series of survey length comp
survey year spp area catch-at-size
1 1 1 2  1184.3 1044.38 1658.96 1059.97 129.674
1 1 2 2  0.0104939 593.404 1232.77 195.504 0.50159
1 1 3 2  194.233 157.307 73.1928 21.2853 40.0524
1 1 4 2  129.113 49.5759 9.21925 0.636841 65.5478
1 1 5 2  1104.45 1158.23 3792.6 1237.08 1683.11
1 1 6 2  8000.62 6833.6 6114.68 1472.64 187.791
1 1 7 2  1.23912e-30 22185.3 7163.82 29742.7 3150.71
1 1 8 2  5954.66 4746.67 3833.36 1165.1 93.3938
1 1 9 2  1863.86 766.83 1565.65 6736.74 2659.47
1 1 10 2  4072.5 4051.14 3240.77 1527.89 463.022
1 2 1 2  1023.87 1337.36 1288.69 1046.44 355.367
1 2 2 2  10082.5 4159.54 1348.68 148.146 3.70681e-06
1 2 3 2  75.7796 93.3095 173.851 16.8528 17.6639
1 2 4 2  95.6161 73.809 40.4814 11.4008 51.8334
1 2 5 2  1710.62 2395.29 3100.03 2581.02 1181.78
1 2 6 2  10688.3 9602.96 3466.97 197.695 24.2676
1 2 7 2  17085.8 16261.7 11399.3 23390.9 6319.37
1 2 8 2  4473.96 4270.86 3512.71 1475.32 158.718
1 2 9 2  2182.11 1322.25 1142.4 3232.33 3934.44
1 2 10 2  4108.95 3786.03 3888.21 2339.86 679.671
1 3 1 2  1016.55 1291.49 1150.63 865.986 401.631
1 3 2 2  7691.84 4641 2719.71 302.328 1.3852e-11
1 3 3 2  19.6965 31.0296 128.845 44.2269 7.33761
1 3 4 2  71.8302 69.022 56.3894 27.9537 47.9697
1 3 5 2  1684.34 2604.74 3521.21 3311.11 823.822
1 3 6 2  16192.9 15047.2 4519.97 25.7937 3.01981
1 3 7 2  22022.9 15415.1 12658.6 19240 8058.95
1 3 8 2  4564.47 4031.71 2978.07 1266.98 160.74
1 3 9 2  10350.8 4791.1 1878.03 1758.88 3445.32
1 3 10 2  3052.52 2970.74 3405.67 2285.56 760.014
1 4 1 2  1766.06 1971.46 1275.14 744.983 373.534
1 4 2 2  3590.05 2866.5 2818.4 629.267 1.27779e-16
1 4 3 2  446.048 354.316 213.459 33.2298 2.9687
1 4 4 2  55.016 57.7005 57.4058 38.5068 53.5153
1 4 5 2  734.313 1593.82 3364.41 4175.58 572.324
1 4 6 2  12658.1 12304 4666.68 3.23667 0.360055
1 4 7 2  25101.4 15993.1 13247.8 16340 8865.77
1 4 8 2  4575.02 4021.16 2850.05 1123.87 139.843
1 4 9 2  7186.28 5267.84 3707.33 1887.59 2751.91
1 4 10 2  5219.59 4355.99 3516.47 2003.65 686.058
1 5 1 2  1624.97 2008.36 1498.95 760.791 320.604
1 5 2 2  1791.6 1503.49 1984.59 803.823 1.20012e-17
1 5 3 2  1352.8 1149.78 753.164 83.6351 1.13374
1 5 4 2  43.216 45.766 49.606 39.6113 59.576
1 5 5 2  412.505 871.006 2403.39 4443.45 395.258
1 5 6 2  27960.6 24584.3 6333.24 0.390917 0.0411566
1 5 7 2  28353.4 17200.2 13774.6 14303.8 9065.98
1 5 8 2  4959.41 4213.3 2747.23 978.77 112.389
1 5 9 2  5077.13 4048.31 3770.93 2344.37 2361.7
1 5 10 2  3095.16 3129.11 3597.19 2103.46 586.354
1 6 1 2  977.767 1436.79 1407.84 813.029 300.208
1 6 2 2  984.681 776.021 1163.29 682.455 2.37028e-18
1 6 3 2  251.577 389.769 996.336 386.552 0.434655
1 6 4 2  34.9641 36.7525 41.2491 36.3557 64.1191
1 6 5 2  635.915 917.888 1791.39 3863.9 273.29
1 6 6 2  11775.6 13424.7 6823.24 0.0464804 0.00463681
1 6 7 2  30667.6 18691.1 14606.6 13097.6 9024.47
1 6 8 2  4322.6 3903.33 2792.39 1002.36 108.476
1 6 9 2  3632.28 2994.68 3155.89 2400.15 2294.74
1 6 10 2  1762.98 1853.8 2509.78 1877.58 649.012
1 7 1 2  774.12 1109.64 1180.68 831.203 328.238
1 7 2 2  944.742 597.036 709.22 500.485 5.00826e-19
1 7 3 2  777.461 684.831 794.057 546.668 0.187594
1 7 4 2  29.2387 30.8156 35.5878 33.372 69.5588
1 7 5 2  1039.65 1397.44 1776.38 3213.57 190.66
1 7 6 2  13823.8 13734.2 5618.71 0.00607118 0.000583937
1 7 7 2  31992.2 20149.8 15822.6 12672.2 8999.75
1 7 8 2  3461.65 3305.07 2717.98 1145.84 137.227
1 7 9 2  6082.26 3717.34 2958.15 2346.56 2459.14
1 7 10 2  1600.76 1519.43 1796.77 1494.43 689.775
1 8 1 2  1196.84 1341.25 1030.48 719.672 307.168
1 8 2 2  3512.81 1633.52 745.738 80.6071 6.25407e-49
1 8 3 2  155.974 216.511 654.177 714.554 0.0792108
1 8 4 2  25.1738 25.8339 29.7664 28.9108 70.3041
1 8 5 2  1775.97 2217.01 2335.8 2380.79 132.785
1 8 6 2  11260.2 12327.6 5381.8 495.431 7.3546e-05
1 8 7 2  34299.6 21553 17051 12661.8 8942.81
1 8 8 2  3489.28 3114.07 2359.02 1032.65 141.729
1 8 9 2  4411.2 3426.17 3132.92 2308.73 2477.19
1 8 10 2  2124.27 1877.31 1728.27 1156.77 548.75
1 9 1 2  865.426 1176.71 1043.68 644.664 259.72
1 9 2 2  4364.43 2361.02 1271.15 156.018 1.66183e-109
1 9 3 2  494.005 441.432 472.755 671.172 0.0324113
1 9 4 2  22.2613 22.073 24.7629 24.1912 67.1516
1 9 5 2  954.034 1924.54 3057.27 1642.54 92.3151
1 9 6 2  17974.7 18609.7 6553.43 725.065 8.87913e-06
1 9 7 2  35782.8 22829.1 18250.3 12902.5 8874.24
1 9 8 2  3241.33 2921.91 2180.53 906.344 125.72
1 9 9 2  3310.39 2696.68 2798.46 2237.59 2427.3
1 9 10 2  1238.78 1275.82 1621.84 1161.45 475.567
1 10 1 2  1734.06 1867.61 1143.59 596.665 232.653
1 10 2 2  7436.86 3769.58 1907.47 352.827 3.13309e-114
1 10 3 2  305.51 313.383 515.691 554.902 0.0135796
1 10 4 2  20.1094 19.4454 21.2042 20.4548 62.8652
1 10 5 2  627.853 1310.23 2906.16 1909.71 64.0821
1 10 6 2  10069.6 10982 5805.72 252.238 1.09433e-06
1 10 7 2  36944.4 23804.1 19175.4 13113.8 8679.57
1 10 8 2  3014.46 2724.6 2050.26 848.896 112.758
1 10 9 2  2554.62 2091.11 2292.9 2011.52 2339.53
1 10 10 2  933.676 916.653 1147.15 933.07 414.166
1 11 1 2  1124.2 1538.62 1271.7 611.816 200.773
1 11 2 2  3352.53 2609.47 2344.09 600.48 1.50359e-115
1 11 3 2  103.569 133.904 386.619 430.544 0.00527061
1 11 4 2  18.4392 17.0762 17.7211 16.5889 54.5695
1 11 5 2  618.04 1055.55 2302.62 2322.06 44.1292
1 11 6 2  24289.4 22139.9 6427.49 31.113 1.26364e-07
1 11 7 2  38516.6 24597.1 19782.9 13222.7 8384.86
1 11 8 2  3066.31 2654.84 1814.7 687.282 85.3016
1 11 9 2  7813.66 3909.68 2167.47 1587.95 1993.02
1 11 10 2  3364.24 2640.08 1625.8 691.207 247.367
1 12 1 2  1746.14 1988.92 1329.61 639.829 198.452
1 12 2 2  4264.97 2442.02 1992.52 631.969 7.93981e-117
1 12 3 2  269.826 239.244 298.544 339.376 0.00222637
1 12 4 2  17.2027 15.8813 16.1377 14.5907 49.5474
1 12 5 2  635.013 1015.57 1932.73 2381.75 30.5371
1 12 6 2  14990 15974.2 7292.66 4.01006 1.53592e-08
1 12 7 2  38971.6 25325.5 20395.5 13371.1 8115.45
1 12 8 2  2875.18 2590.33 1901.69 735.747 87.3852
1 12 9 2  5469.55 4114.87 3169.67 1778.73 1819.77
1 12 10 2  3262.34 2990.33 2814.44 1419.95 358.028
1 13 1 2  1341 1694.97 1283.47 592.305 167.057
1 13 2 2  3766.23 2280.51 1846.14 511.237 2.09809e-118
1 13 3 2  72.6467 97.3209 260.305 276.293 0.000842787
1 13 4 2  16.2454 14.3122 13.854 12.0927 41.1659
1 13 5 2  645.023 1018.95 1754.42 2238.08 20.899
1 13 6 2  11477.9 12026.5 5634.49 0.491806 1.75154e-09
1 13 7 2  38591.5 25373.2 20578.6 13314.2 7747.7
1 13 8 2  3084.15 2604.51 1675.44 589.121 67.5257
1 13 9 2  3897.32 3024.18 2831.98 1863.47 1610.72
1 13 10 2  1805.08 1877.51 2341.07 1472.96 408.297
1 14 1 2  1192.47 1403.16 976.489 432.66 105.976
1 14 2 2  3250.42 2066.61 1628.94 208.869 0
1 14 3 2  314.115 280.445 261.673 253.932 0.000280694
1 14 4 2  190.129 79.2675 23.923 10.622 32.5023
1 14 5 2  913.583 1237.95 1807.87 1688.97 14.1461
1 14 6 2  8782.69 10020.2 4708.16 520.321 1.75003e-10
1 14 7 2  38552.2 25031.9 20107.1 12816.7 7157.39
1 14 8 2  2941.69 2525.47 1598.39 499.137 50.561
1 14 9 2  2834.44 2140.54 2053.88 1527.29 1351.55
1 14 10 2  1788.54 1652.26 1687.08 1080.08 365.251
1 15 1 2  837.856 1093.15 829.244 359.971 85.7113
1 15 2 2  1152.46 1133.15 1419.99 222.734 0
1 15 3 2  186.576 197.037 329.781 232.316 9.84063e-05
1 15 4 2  138.845 105.432 59.9711 21.8418 28.6073
1 15 5 2  815.663 1334.36 1948.82 1734.96 9.59816
1 15 6 2  24256.6 21547.9 5875.41 179.498 1.81851e-11
1 15 7 2  37591.1 24645.7 19728.9 12398.3 6666.25
1 15 8 2  2495.73 2220.95 1504.83 485.113 45.2874
1 15 9 2  2720.79 1826.43 1561.87 1184.09 1131.57
1 15 10 2  1283.81 1239.77 1374.57 857.588 263.593
1 16 1 2  431.995 662.857 664.477 357.081 93.0949
1 16 2 2  352.747 443.766 835.419 120.334 0
1 16 3 2  930.152 795.437 572.954 237.329 3.43094e-05
1 16 4 2  102.426 95.1376 75.6597 38.8806 34.0982
1 16 5 2  1012.53 1493.12 2071.8 1867.71 6.58011
1 16 6 2  26673.5 26102.3 8824.44 20.3607 1.8895e-12
1 16 7 2  36649.9 24564.2 20178.7 12774.1 6697.73
1 16 8 2  2360.61 2049.35 1349.59 441.321 42.3002
1 16 9 2  3614.14 2116.32 1440.73 973.462 961.49
1 16 10 2  1114.93 1039.19 1075.72 660.658 203.474
1 17 1 2  496.127 523.295 355.066 197.59 56.0887
1 17 2 2  176.575 179.811 416.101 67.9669 0
1 17 3 2  142.297 203.826 589.973 469.886 9.42742e-06
1 17 4 2  76.4227 72.4497 64.699 41.3138 39.0818
1 17 5 2  773.679 1341.6 2257.5 1433.04 4.41315
1 17 6 2  7109.41 9623.6 6378.44 768.085 1.5955e-13
1 17 7 2  35057.3 23478.5 19548.1 12511.8 6456.49
1 17 8 2  3042.9 2354.07 1175.43 290.291 24.7376
1 17 9 2  2668.89 1716.45 1224.61 728.002 653.099
1 17 10 2  1156.1 1023.45 875.234 421.625 105.692
1 18 1 2  424.05 524.346 362.131 154.491 38.6992
1 18 2 2  10623 4561.58 1214.51 81.1575 0
1 18 3 2  113.995 114.148 265.565 523.866 3.39132e-06
1 18 4 2  58.33 59.9328 60.0716 44.3077 50.848
1 18 5 2  794.579 1303.8 2377.46 979.303 3.01594
1 18 6 2  9240.51 9966.4 4326.23 732.704 1.58986e-14
1 18 7 2  32671 22637.2 19160.2 12373.6 6321.58
1 18 8 2  2563.42 2317.99 1587.54 480.962 39.4465
1 18 9 2  3739.59 2224.31 1414.05 774.704 607.84
1 18 10 2  1524.41 1348.7 1176.28 620.18 184.233
1 19 1 2  240.987 377.433 361.748 175.783 43.7104
1 19 2 2  24561.1 12036.3 4245.31 309.232 0
1 19 3 2  167.166 152.532 213.458 352.041 1.49963e-06
1 19 4 2  45.7098 50.0413 56.1741 47.2082 66.8561
1 19 5 2  502.51 986.979 2120.29 1471.42 2.08665
1 19 6 2  12543.5 11678.1 4154.5 221.745 2.16515e-15
1 19 7 2  29914.1 21439.5 18649 12196.5 6205.51
1 19 8 2  2655.19 2360.51 1740.44 678.439 71.567
1 19 9 2  3002.13 2246.34 1844.14 1050.11 723.748
1 19 10 2  1461.2 1345.57 1381.76 869.475 287.788
1 20 1 2  427.222 479.378 335.919 176.048 49.1554
1 20 2 2  27002.5 15914.6 8840.16 909.786 0
1 20 3 2  241.487 226.279 262.508 282.533 6.66568e-07
1 20 4 2  36.9007 41.0438 49.2174 45.818 80.5602
1 20 5 2  2352.19 2573.02 2342.01 1470.83 1.44659
1 20 6 2  16963.4 17125.2 5797.53 371.77 2.92801e-16
1 20 7 2  27976.2 20250.8 18140.2 12151.3 6215.24
1 20 8 2  2918.92 2562.55 1866.12 776.595 98.8063
1 20 9 2  3969.54 2590.39 2047.62 1315.55 930.837
1 20 10 2  2145.12 1875.32 1662.92 1018.87 401.475
1 21 1 2  349.217 474.061 390.313 193.856 58.0003
1 21 2 2  12549 10606.1 10122.4 1155.56 0
1 21 3 2  334.883 306.412 385.231 184.766 3.0526e-07
1 21 4 2  30.8969 33.9229 41.8347 41.7837 90.3538
1 21 5 2  851.4 1861.96 3161.06 2266.06 1.00413
1 21 6 2  16449.6 15531.4 5801.5 156.5 3.99589e-17
1 21 7 2  26154.4 19068.4 17498.8 12063.4 6261.36
1 21 8 2  2957.11 2645.85 1994.7 856.294 113.662
1 21 9 2  5553.63 3460.99 2490.04 1563.19 1177.15
1 21 10 2  5087.73 4106.65 2878.74 1361.26 461.565
1 22 1 2  456.827 530.803 393.751 201.438 55.148
1 22 2 2  10248.1 7465.92 8461.56 1251.91 0
1 22 3 2  95.6718 114.564 316.152 331.308 1.40217e-07
1 22 4 2  26.869 28.5319 34.989 36.3045 94.714
1 22 5 2  1228.44 1736.64 2969 2128.78 0.696857
1 22 6 2  14465.8 16550.1 6972.02 840.751 5.39218e-18
1 22 7 2  24995.6 18053.9 16795.4 11915.6 6322.37
1 22 8 2  3638.93 3115.6 2171.35 909.454 130.207
1 22 9 2  8800.2 5214.31 3381 1940.07 1449.73
1 22 10 2  3411.72 3417.02 3981.85 2516.78 855.252
1 23 1 2  566.899 645.115 407.994 170.07 40.3681
1 23 2 2  23953.2 12368.5 8046.26 1022.06 0
1 23 3 2  118.722 111.356 172.309 353.318 6.61353e-08
1 23 4 2  24.1482 24.8644 29.8804 31.3611 96.1641
1 23 5 2  939.89 1672.37 3047.23 1461.63 0.478791
1 23 6 2  7198.76 8738.7 5308 1074.45 7.38289e-19
1 23 7 2  23775.4 16795.4 15323.6 10943.6 5912.27
1 23 8 2  3540.92 3209.71 2454.99 1053.21 151.758
1 23 9 2  6169.21 4971.23 4342.96 2555.58 1764.66
1 23 10 2  2427.81 2437.38 3214.71 2783 1374.72
1 24 1 2  506.21 619.88 418.111 155.48 30.2874
1 24 2 2  9944.29 8764.86 9370.48 1243.09 0
1 24 3 2  142.966 134.531 170.118 289.554 2.97545e-08
1 24 4 2  22.1045 21.8273 25.1587 26.0834 91.0306
1 24 5 2  1743.25 2294.62 3354.62 996.16 0.325772
1 24 6 2  6437.96 7054.47 3456.52 641.166 9.73864e-20
1 24 7 2  22855.9 15661.9 13779.5 9713.6 5301.78
1 24 8 2  2918.33 2760.22 2275 1028.95 150.105
1 24 9 2  9998.76 6044.22 4429.53 2850.68 2047.62
1 24 10 2  2381.89 2224.81 2489.77 2071.53 1161.69
1 25 1 2  257.667 406.958 362.051 147.791 25.3621
1 25 2 2  13380 8490.86 6271.39 784.339 0
1 25 3 2  34.4307 44.0082 131.041 254.33 1.24608e-08
1 25 4 2  20.435 19.8339 22.1171 22.2912 85.4578
1 25 5 2  1021.09 2033.15 3695.19 680.64 0.221963
1 25 6 2  9106.52 9879 3855.63 568.69 1.28936e-20
1 25 7 2  22649.8 14976.9 12605.8 8653.24 4725.69
1 25 8 2  2463.54 2351.19 2023.8 986.743 154.257
1 25 9 2  7044.68 5610.29 4993.81 3185.58 2348.75
1 25 10 2  2645.81 2435.85 2509.59 1856.56 1019.84
1 26 1 2  137.531 225.817 247.17 135.611 30.0834
1 26 2 2  8358.87 6593.25 2064.58 35.042 0
1 26 3 2  234.258 198.302 132.023 83.2392 2.14892e-09
1 26 4 2  19.1371 17.7826 18.8316 18.2709 74.1354
1 26 5 2  1905.02 2689.83 3712.36 1306.77 0.151816
1 26 6 2  12908.3 12529.2 4526.16 183.015 1.60394e-21
1 26 7 2  22796.4 14844.4 12209.2 8197.48 4458.87
1 26 8 2  2035.56 1905.48 1557.91 731.37 113.349
1 26 9 2  5175.03 4206.1 4310.2 3189.7 2526.24
1 26 10 2  1567.26 1618.25 2090.06 1550.48 670.81
1 27 1 2  108.53 152.935 148.298 92.6246 29.5968
1 27 2 2  17773.7 9678.25 2081.28 0.0021625 0
1 27 3 2  66.5541 100.737 100.691 1.49757 2.0056e-11
1 27 4 2  18.1902 16.4781 16.6546 15.3709 63.4987
1 27 5 2  2274.22 3525.26 4342.54 3123.06 0.103607
1 27 6 2  8973.88 8947.45 3828.39 23.4973 1.91436e-22
1 27 7 2  23721.2 14911.4 11809.1 7694.42 4128.22
1 27 8 2  1807.71 1656.88 1291.09 568.262 80.0573
1 27 9 2  3816.58 3119.42 3339.97 2761.06 2514.47
1 27 10 2  971.308 1017.66 1405.87 1145.06 459.278
1 28 1 2  221.645 243.553 147.881 72.3984 25.9853
1 28 2 2  9825.78 8116.02 2390.78 15.6357 0
1 28 3 2  21.4649 35.9397 68.2717 8.23528 6.85845e-14
1 28 4 2  17.5473 15.9027 15.8723 14.1308 57.3656
1 28 5 2  1863.3 3131.36 4838.6 4686.7 0.0714332
1 28 6 2  9063.86 8911.62 3421.71 3.30177 2.53217e-23
1 28 7 2  25332.1 15585.9 11930.1 7512.6 3943.5
1 28 8 2  1781.3 1606.7 1233.87 544.053 75.191
1 28 9 2  20610.5 9769.14 4313.62 2526.34 2550.1
1 28 10 2  906.752 867.365 1044.07 881.309 405.601
1 29 1 2  250.968 305.745 204.493 79.2173 20.8207
1 29 2 2  6950.56 5765.06 1718.09 0.00537907 0
1 29 3 2  284.88 248.628 135.038 10.9467 7.86611e-16
1 29 4 2  17.2851 15.9132 16.1606 14.2618 55.9713
1 29 5 2  1433.2 2574.96 5241.9 4002.26 0.0495923
1 29 6 2  6350.12 7265.49 3506.82 329.218 3.78042e-24
1 29 7 2  27298.9 16535.8 12237.3 7404.02 3766.83
1 29 8 2  1927.54 1732.29 1358.21 637.826 96.5535
1 29 9 2  14138.5 11146.9 8489.6 4031.21 2894.42
1 29 10 2  1448.64 1280.52 1198.76 880.625 491.798
1 30 1 2  188.62 271.13 232.267 102.099 23.6207
1 30 2 2  11367 6765.63 1671.68 13.743 0
1 30 3 2  79.5063 114.266 196.112 29.4591 4.69008e-18
1 30 4 2  17.3186 15.7821 16.0709 14.2494 54.3066
1 30 5 2  2645.27 3781.27 5183.41 4575.12 0.0344015
1 30 6 2  11377.1 10480.7 3536.63 136.843 5.71062e-25
1 30 7 2  28291.6 17438.3 12767.2 7441.55 3640.21
1 30 8 2  1955.64 1768.98 1402.17 671.844 104.765
1 30 9 2  9968.09 8885.87 9291.52 5980.88 3862.16
1 30 10 2  1012.57 1023.45 1289.61 993.057 479.743
1 31 1 2  145.099 214.357 218.333 125.685 34.1217
1 31 2 2  21387.4 11612.1 2692.79 20.6987 0
1 31 3 2  26.5615 38.8646 106.888 36.702 4.54981e-19
1 31 4 2  17.5256 15.5333 15.4038 13.5453 50.3955
1 31 5 2  1297.79 2712.95 5363.67 5234.97 0.0240182
1 31 6 2  8157.07 8717.24 3915.77 19.9479 7.9132e-26
1 31 7 2  29758.6 18646.5 13950.1 8066.08 3814.62
1 31 8 2  1872.22 1700.22 1328.52 612.954 94.0525
1 31 9 2  6968.42 6367.35 7755.04 6467.59 5040.59
1 31 10 2  618.695 657.483 949.839 844.667 417.288
1 32 1 2  98.4049 150.63 168.907 115.881 36.3913
1 32 2 2  9827.08 8728.53 3050.46 67.3499 0
1 32 3 2  8.95981 11.6903 39.9593 31.8011 5.1787e-20
1 32 4 2  17.9405 15.3832 14.6066 12.4926 45.0373
1 32 5 2  703.761 1711.88 5075.21 4198.79 0.0167499
1 32 6 2  5977.37 6855.54 3411.03 352.828 1.02203e-26
1 32 7 2  32086.3 19967 15166 8842.93 4085.84
1 32 8 2  1826.72 1632.83 1216.83 523.756 77.5393
1 32 9 2  6896.42 5198.45 5778.64 5534.11 5526.01
1 32 10 2  351.948 379.402 578.621 560.443 311.159
1 33 1 2  69.1808 103.178 111.534 79.4014 25.857
1 33 2 2  24308.5 13334.9 4708.56 315.012 0
1 33 3 2  8.88335 8.73393 16.6113 27.0176 1.16129e-20
1 33 4 2  18.5115 15.6164 14.3412 11.821 40.5156
1 33 5 2  929.583 1542.11 4420.06 2910.75 0.0115955
1 33 6 2  6263.48 7258.53 3341.61 577.972 1.30572e-27
1 33 7 2  34840 21244.9 15912.5 9259.3 4197.4
1 33 8 2  1719.42 1552.83 1165.95 487.036 69.7115
1 33 9 2  4879.52 4055.21 4509.71 4326.69 5221.69
1 33 10 2  193.037 209.389 330.866 344.996 222.694
1 34 1 2  62.1604 82.1832 75.6344 50.5 17.0007
1 34 2 2  20485.3 13957.4 6401.03 496.438 0
1 34 3 2  4.34707 4.66016 10.144 19.4145 3.6426e-21
1 34 4 2  19.0898 15.8569 14.1541 11.2664 36.0427
1 34 5 2  2061.14 2529.88 4200.54 2012.24 0.00799534
1 34 6 2  7764.88 8419.39 3525.26 545.284 1.63638e-28
1 34 7 2  35997 22336.6 16659.5 9604.39 4278.43
1 34 8 2  1411.64 1315.25 1030.47 431.375 59.4632
1 34 9 2  9210.97 5254.7 3831.52 3282.33 4433.9
1 34 10 2  97.3714 107.713 175.841 186.425 123.928
1 35 1 2  60.7646 76.6531 63.8858 37.954 10.4992
1 35 2 2  15770.2 11669.7 5244 373.013 0
1 35 3 2  38.9128 36.2017 31.1345 16.1164 3.30048
1 35 4 2  19.3251 16.3362 14.624 11.384 33.5705
1 35 5 2  1856.65 3208.16 3449.32 1400.58 0.0055543
1 35 6 2  9505.28 11935.9 5422.89 1065.35 2.11242e-29
1 35 7 2  36858.1 23426.5 17757.1 10234.5 4496.85
1 35 8 2  1187.05 1120.34 920.263 412.008 60.8597
1 35 9 2  6517.04 5046.8 4368.08 3067.54 3900.27
1 35 10 2  53.6999 58.1909 94.557 107.383 84.015
1 36 1 2  51.4717 75.7796 75.0908 45.8706 11.0517
1 36 2 2  21378.4 12869.1 3313.84 2.91559e-10 0
1 36 3 2  241.797 220.515 132.863 4.66495 0.00340829
1 36 4 2  19.4614 17.214 16.1865 12.7859 35.0824
1 36 5 2  5415.93 5961.13 3518.8 993.726 0.00394788
1 36 6 2  5950.93 7601.98 4769.78 1465.19 3.18776e-30
1 36 7 2  35755.4 24530.8 19817.4 11741.7 5155.73
1 36 8 2  916.118 918.393 876.631 468.642 79.8542
1 36 9 2  30234.8 15088.1 7178.32 3859.23 4310.27
1 36 10 2  38.142 39.1625 59.1564 73.4268 74.6556
1 37 1 2  95.1783 104.046 75.7913 45.1189 10.5842
1 37 2 2  14188 10509.8 3219.21 19.2314 0
1 37 3 2  44.1592 52.0873 118.256 67.4195 1.83753
1 37 4 2  19.4143 17.2829 16.6678 13.5698 35.8715
1 37 5 2  8587.22 10044.7 4716.29 700.148 0.00278441
1 37 6 2  4687.81 5907.47 3422.67 1130.83 4.74264e-31
1 37 7 2  33601.1 24213.6 20829 12860.6 5708.46
1 37 8 2  859.826 804.782 709.48 398.331 77.2094
1 37 9 2  20621.5 16154.1 12683.8 6292.82 4840.14
1 37 10 2  31.1001 30.6826 40.3875 44.2205 46.3348
1 38 1 2  64.1784 92.0365 80.0242 41.6619 8.41757
1 38 2 2  8422.13 7025.8 3222.89 209.328 0
1 38 3 2  31.4589 30.7499 49.8247 65.0174 13.047
1 38 4 2  19.224 17.009 16.3819 13.538 35.4218
1 38 5 2  4544.84 10320.4 5755 489.162 0.00194506
1 38 6 2  4372.6 5516.29 2951.92 904.21 6.42222e-32
1 38 7 2  31891.9 23258.1 20884.2 13494.8 6125.03
1 38 8 2  787.988 727.696 596.765 304.39 59.2375
1 38 9 2  14082.8 12335.6 12880.8 8547.52 5964.31
1 38 10 2  20.0915 20.6315 28.6657 28.4686 24.9754
1 39 1 2  37.6678 67.0837 79.0437 48.4153 8.48757
1 39 2 2  8052.75 5673.22 1665.49 0.0538158 0
1 39 3 2  112.628 104.914 82.754 18.6224 1.79671
1 39 4 2  18.4523 16.9265 16.7796 14.0777 36.9068
1 39 5 2  3789.79 10236.7 4750.74 345.057 0.00137453
1 39 6 2  2678.07 3621.8 2366.34 865.646 9.30718e-33
1 39 7 2  29633.3 22430.2 21185.8 14447.2 6803.54
1 39 8 2  684.5 652.971 569.232 294.9 56.3729
1 39 9 2  9727.86 9213.42 11472.8 9763.04 8097.54
1 39 10 2  15.5592 15.5788 21.0266 21.9412 19.7722
1 40 1 2  24.8198 46.6626 69.2317 56.0413 11.6186
1 40 2 2  6248.78 4588.23 1381.31 5.52373 0
1 40 3 2  109.04 104.162 111.563 48.0799 0.0734043
1 40 4 2  17.2536 16.5092 17.1745 14.8815 39.7117
1 40 5 2  2065.18 8018.27 5418.16 244.99 0.000979435
1 40 6 2  6812.12 7848.65 3087.76 701.486 1.44985e-33
1 40 7 2  28066.6 21631.6 21478.3 15557.9 7694.64
1 40 8 2  709.904 651.586 552.215 300.304 59.7079
1 40 9 2  6799.92 6764.09 9563.59 9890.24 10492
1 40 10 2  12.2714 12.2176 16.4114 17.509 16.9416
1 41 1 2  28.1912 42.0148 57.9463 58.0841 16.2057
1 41 2 2  19930.1 10038.9 2601.79 87.1605 0
1 41 3 2  37.887 40.4245 82.5445 83.4016 0.00954093
1 41 4 2  16.2008 15.9636 17.4249 15.7731 43.8531
1 41 5 2  2065.81 5800.72 6471.27 174.42 0.000700202
1 41 6 2  7872.09 9248.47 4244.55 908.54 2.35878e-34
1 41 7 2  26445.4 20728.2 21432.3 16456.1 8612.46
1 41 8 2  767.506 699.76 587.513 325.432 67.2634
1 41 9 2  4905.96 5012.07 7704.45 9270.42 12704.2
1 41 10 2  16.4319 15.0638 16.0394 15.1588 15.4095
1 42 1 2  34.7266 49.214 59.8176 64.0461 23.9974
1 42 2 2  7275.03 6728.71 5519.2 1151.34 0
1 42 3 2  922.3 813.436 539.802 162.919 0.00431677
1 42 4 2  15.3419 15.6122 17.9793 17.1281 50.8517
1 42 5 2  1667.94 4229.71 7072.14 125.069 0.00050485
1 42 6 2  12870.9 14191.6 5706.97 1058.49 4.20889e-35
1 42 7 2  25073.3 19950.3 21413.2 17407.4 9697.93
1 42 8 2  895.884 814.256 697.667 410.765 89.716
1 42 9 2  19013 10535.6 8023.69 8889.82 15456
1 42 10 2  33.1166 28.9353 25.5258 19.0029 17.9995
1 43 1 2  42.4515 53.247 52.3232 50.7724 20.875
1 43 2 2  8584.23 5516.72 5100.48 752.553 0
1 43 3 2  240.818 263.798 621.857 731.738 0.00207109
1 43 4 2  14.614 14.3334 16.3362 16.0599 51.7756
1 43 5 2  1846.29 3424.66 6415.32 88.3384 0.000357529
1 43 6 2  4936.18 6118.93 4151.01 1351 6.60024e-36
1 43 7 2  23906.7 18684.6 20266.7 17195.7 10169.8
1 43 8 2  1289.58 1073.64 736.086 362.12 77.0423
1 43 9 2  13059.7 10603.4 9837.19 8194.02 14665.7
1 43 10 2  50.6458 44.7916 39.4975 24.5723 14.9644
1 44 1 2  35.4284 48.2003 45.2221 35.7269 13.1776
1 44 2 2  7280.84 4930.44 4651.31 702.005 0
1 44 3 2  128.914 128.018 257.129 663.306 208.209
1 44 4 2  14.0829 13.1942 14.2879 13.9062 48.46
1 44 5 2  1739.09 3167.01 5063.15 61.8284 0.000250262
1 44 6 2  2511.97 3017.41 1854 906.712 8.9152e-37
1 44 7 2  22698.2 17413.8 18703.9 16296.4 10184
1 44 8 2  1192.47 1079.8 803.764 337.914 58.1389
1 44 9 2  8986.13 7939.45 8872.69 7610.66 12509
1 44 10 2  46.072 43.4251 46.5934 32.8638 15.9384
1 45 1 2  28.8064 40.5139 39.2153 27.9311 7.81136
1 45 2 2  6995.36 4665.2 4349.05 671.097 0
1 45 3 2  134.713 129.257 174.059 379.459 331.087
1 45 4 2  13.7062 12.5123 12.9653 12.2109 44.7479
1 45 5 2  1694.43 3153.55 3668.24 43.3188 0.000175271
1 45 6 2  1495.6 1835.7 1024.08 523.252 1.20907e-37
1 45 7 2  22125 16494.4 17361.4 15343 10075.2
1 45 8 2  1184.39 1065.05 804.897 344.674 54.2812
1 45 9 2  6256.35 5660.39 7001.63 6706.31 10876.3
1 45 10 2  51.8628 47.8295 48.6736 35.9272 19.5859
1 46 1 2  21.5647 31.9797 32.9483 22.8254 5.35342
1 46 2 2  6411.97 4371.76 4158.96 627.368 0
1 46 3 2  120.833 116.258 160.472 279.856 272.741
1 46 4 2  13.4391 12.081 12.1299 11.0066 41.0235
1 46 5 2  1427.6 2919.53 2874.35 30.3786 0.000122812
1 46 6 2  869.725 1033.29 587.606 293.393 1.64539e-38
1 46 7 2  21697.8 15852.6 16269.6 14407.1 9866.6
1 46 8 2  1097.95 1004.37 782.83 343.153 53.3868
1 46 9 2  4427.04 4004.82 5185.17 5467.3 9417.71
1 46 10 2  53.2021 49.3478 51.622 38.4525 21.0926
1 47 1 2  16.7158 24.8466 26.5559 18.7885 4.41703
1 47 2 2  6348.97 4262 3999.74 588.812 0
1 47 3 2  107.785 104.108 148.222 262.239 174.531
1 47 4 2  13.2499 11.7968 11.5987 10.1948 37.5632
1 47 5 2  1234.72 2465.4 2658.98 21.3216 8.60933e-05
1 47 6 2  533.997 612.566 336.56 153.589 2.2459e-39
1 47 7 2  21813 15498 15423.5 13540.2 9584.46
1 47 8 2  1084.12 976.84 748.167 330.814 51.7415
1 47 9 2  3201.17 2862.04 3746.27 4210.19 7981.75
1 47 10 2  58.6296 53.7221 54.627 39.9876 21.6236
1 48 1 2  13.8317 20.0623 21.2307 15.3826 4.13903
1 48 2 2  6860.7 4470.65 3984.06 553.746 0
1 48 3 2  100.745 97.4711 140.07 259.236 86.6743
1 48 4 2  13.1161 11.6045 11.2546 9.65962 34.5122
1 48 5 2  1139.47 2048.81 2794.84 14.9759 6.03771e-05
1 48 6 2  357.711 384.046 198.402 75.0867 3.07352e-40
1 48 7 2  22594.2 15497.8 14835.1 12777.4 9255.32
1 48 8 2  1157.74 1019.07 745.061 319.082 48.7524
1 48 9 2  2379.68 2087.58 2701.14 3135.49 6587.81
1 48 10 2  70.3215 63.2191 61.3068 42.4523 21.3379
1 49 1 2  11.2733 16.3375 17.1898 12.5161 3.74363
1 49 2 2  6914.73 4607.54 4123.62 571.858 0
1 49 3 2  73.4847 73.5328 123.486 255.278 37.7655
1 49 4 2  13.0214 11.4721 11.027 9.30829 31.9158
1 49 5 2  1083.34 1788.93 2854.04 10.5254 4.23571e-05
1 49 6 2  192.692 212.191 117.006 40.4892 4.21528e-41
1 49 7 2  23315.9 15733 14517.6 12146.8 8904.1
1 49 8 2  1136.12 1019.16 761.117 320.693 47.168
1 49 9 2  1829.17 1566.33 1972.55 2302.4 5306.53
1 49 10 2  73.4505 67.4178 68.827 47.9887 22.7313
1 50 1 2  9.31759 13.413 13.9915 10.153 3.14419
1 50 2 2  7074.39 4725.55 4266.86 600.159 0
1 50 3 2  55.2973 55.1195 94.9145 238.315 16.5578
1 50 4 2  12.9546 11.3801 10.8737 9.07625 29.7596
1 50 5 2  1068.92 1676.31 2747.95 7.40135 2.97241e-05
1 50 6 2  108.014 120.323 66.6107 23.8168 5.79156e-42
1 50 7 2  24149.4 16117.1 14432.3 11666.1 8553.71
1 50 8 2  1130.55 1013.34 760.672 323.701 47.4337
1 50 9 2  1460.26 1216.45 1474.75 1692.93 4193.06
1 50 10 2  79.6293 72.9247 74.2454 52.7795 25.6146
1 51 1 2  8.41079 11.5982 11.548 8.22144 2.4156
1 51 2 2  8061.22 5208.27 4497.28 646.703 0
1 51 3 2  49.2152 48.0934 74.96 191.884 37.4155
1 51 4 2  12.9074 11.3158 10.7688 8.92132 27.9994
1 51 5 2  1178.98 1724.33 2463.9 5.20682 2.0864e-05
1 51 6 2  70.8287 81.2117 41.8806 15.5685 7.96892e-43
1 51 7 2  25593.3 16731.7 14546.7 11337.8 8223.73
1 51 8 2  1262.37 1099.52 784.135 326.11 48.4272
1 51 9 2  1213.05 981.833 1137.99 1262.35 3269.91
1 51 10 2  99.3847 89.8814 86.4319 58.9646 29.3842
1 52 1 2  6.61205 9.57873 9.74286 6.74965 1.8069
1 52 2 2  7717.39 5259.85 4802.57 702.599 0
1 52 3 2  40.5998 39.7048 62.0417 145.251 59.9265
1 52 4 2  12.874 11.2706 10.6964 8.81665 26.5801
1 52 5 2  1070.21 1730.11 2153.52 3.66425 1.46478e-05
1 52 6 2  39.5196 46.516 26.1609 10.7368 1.09776e-43
1 52 7 2  26178.6 17326.6 14842.5 11159.4 7929.51
1 52 8 2  1171.84 1066.55 811.712 340.437 49.9542
1 52 9 2  1047.38 824.569 911.29 964.541 2532.54
1 52 10 2  98.7375 92.0278 96.9435 69.8284 34.7676
1 53 1 2  5.54606 7.91844 8.07637 5.59669 1.39016
1 53 2 2  8383.45 5532.61 4977 731.138 0
1 53 3 2  43.7231 42.0931 58.0206 114.079 63.9062
1 53 4 2  12.8505 11.2389 10.646 8.74517 25.4458
1 53 5 2  1040.21 1704.44 1902.18 2.57938 1.02853e-05
1 53 6 2  27.1715 31.484 16.4196 6.80857 1.51362e-44
1 53 7 2  27208.9 17940.3 15232.7 11117.4 7682.52
1 53 8 2  1244.9 1100.14 809.974 344.518 51.6898
1 53 9 2  936.362 719.172 759.034 761.178 1960.44
1 53 10 2  120.735 109.656 107.439 76.0722 39.8342
1 54 1 2  4.32191 6.33477 6.6095 4.79042 0.767624
1 54 2 2  7853.41 5429.31 5147.99 797.279 0
1 54 3 2  33.25 32.502 51.2346 92.6208 78.8252
1 54 4 2  12.8339 11.2165 10.6108 8.69592 24.5456
1 54 5 2  950.335 1702.36 1463.1 1.81609 7.22289e-06
1 54 6 2  14.3799 18.1195 10.5314 4.93927 2.08849e-45
1 54 7 2  27440.7 18418.2 15677.3 11187.4 7489.28
1 54 8 2  1134.47 1040.93 808.801 349.349 53.4845
1 54 9 2  861.966 648.54 656.896 623.38 1526.58
1 54 10 2  116.577 109.92 118.257 87.9292 47.1236
1 55 1 2  3.28033 4.93574 5.32052 3.9195 0.655449
1 55 2 2  7840.22 5339.69 5113.47 758.126 0
1 55 3 2  35.3113 33.851 46.076 83.4628 61.9308
1 55 4 2  12.8221 11.2008 10.5862 8.66175 23.8351
1 55 5 2  777.587 1531.64 1334.23 1.27888 5.0728e-06
1 55 6 2  10.034 11.4727 6.19518 2.87699 2.88327e-46
1 55 7 2  27762.8 18775.1 16099.2 11339.1 7351.55
1 55 8 2  1109.27 1002.58 772.261 341.39 53.0748
1 55 9 2  812.11 601.206 588.417 530.436 1203.43
1 55 10 2  131.763 120.521 122.664 91.3768 50.3851
1 56 1 2  2.89426 4.1003 4.26178 3.13602 0.68907
1 56 2 2  9219.69 5918.97 5198.8 741.342 0
1 56 3 2  39.0093 37.478 50.3676 89.63 32.2109
1 56 4 2  12.8138 11.1896 10.5688 8.63792 23.2766
1 56 5 2  777.205 1348.55 1411.39 0.900688 3.56299e-06
1 56 6 2  7.51033 8.30815 4.08082 1.55708 3.98212e-47
1 56 7 2  28951.5 19271.5 16494.2 11538.8 7266.4
1 56 8 2  1285.25 1110.14 784.171 330.456 50.8457
1 56 9 2  778.701 569.486 542.516 467.916 966.183
1 56 10 2  175.282 156.598 146.293 98.3788 50.5787
1 57 1 2  2.3403 3.3849 3.5092 2.53014 0.636643
1 57 2 2  9062.99 6108.45 5517.53 786.223 0
1 57 3 2  27.6932 27.5999 46.4026 99.27 14.3689
1 57 4 2  12.8079 11.1817 10.5566 8.62124 22.8393
1 57 5 2  728.279 1222.6 1445.54 0.634391 2.50267e-06
1 57 6 2  4.23963 4.81819 2.63225 0.975879 5.50141e-48
1 57 7 2  29216.3 19705.3 16911.8 11770.4 7227.73
1 57 8 2  1232.55 1110.09 827.686 342.507 50.1237
1 57 9 2  756.312 548.23 511.753 425.929 794.025
1 57 10 2  178.269 164.925 170.415 118.903 56.71
1 58 1 2  1.91898 2.77168 2.88012 2.0593 0.534946
1 58 2 2  9143.54 6170.57 5693.39 828.457 0
1 58 3 2  21.1466 20.898 35.1832 97.6824 6.41153
1 58 4 2  12.8036 11.1761 10.5479 8.60952 22.4978
1 58 5 2  712.634 1156.45 1388.21 0.446857 1.75797e-06
1 58 6 2  2.52802 2.9074 1.59007 0.625376 7.60202e-49
1 58 7 2  29336.7 19993.8 17300.1 12025.1 7229.36
1 58 8 2  1219.35 1095.81 826.717 351.826 51.7775
1 58 9 2  741.309 533.986 491.137 397.757 670.292
1 58 10 2  196.069 180.084 183.695 132.311 66.6897
1 59 1 2  1.61657 2.30548 2.36605 1.68022 0.431756
1 59 2 2  9596.03 6385.42 5825.6 851.698 0
1 59 3 2  17.7649 17.386 27.5451 77.0641 16.049
1 59 4 2  12.8005 11.1721 10.5418 8.60126 22.2319
1 59 5 2  710.814 1133.11 1292.84 0.314775 1.2349e-06
1 59 6 2  1.63418 1.88022 0.995407 0.397363 1.05064e-49
1 59 7 2  29561 20214.2 17627.7 12285 7264.79
1 59 8 2  1262.79 1121.1 829.302 352.77 52.9021
1 59 9 2  731.255 524.44 477.321 378.865 582.069
1 59 10 2  227.617 207.644 206.296 145.648 74.7776
1 60 1 2  1.25974 1.86517 1.96556 1.39565 0.399504
1 60 2 2  9349.7 6352.89 5927.92 816.611 0
1 60 3 2  17.2052 16.6871 24.7446 61.7094 11.6128
1 60 4 2  12.7983 11.1692 10.5374 8.59541 22.0252
1 60 5 2  606.692 1027.33 1406.21 0.221742 8.6748e-07
1 60 6 2  1.00897 1.07181 0.58308 0.207893 1.45219e-50
1 60 7 2  29289.8 20292.1 17889.7 12534.2 7326.59
1 60 8 2  1205.09 1089.99 828.95 354.126 51.9176
1 60 9 2  724.518 518.043 468.062 366.199 519.586
1 60 10 2  240.905 219.951 224.941 159.954 77.4426
1 61 1 2  1.07694 1.53474 1.59724 1.14705 0.328084
1 61 2 2  9662.61 6474.79 5980.6 875.16 0
1 61 3 2  13.5801 13.4487 21.995 52.0192 12.0308
1 61 4 2  12.7967 11.1672 10.5343 8.59125 21.8649
1 61 5 2  666.184 997.218 1353.74 0.156209 6.09389e-07
1 61 6 2  0.54436 0.634032 0.350953 0.130818 2.00736e-51
1 61 7 2  29243.1 20301.7 18064.4 12758.3 7406.97
1 61 8 2  1227.18 1095.33 819.258 351.731 52.5927
1 61 9 2  720.003 513.756 461.858 357.71 475.583
1 61 10 2  264.679 243.434 247.21 175.607 87.8592
1 62 1 2  0.881921 1.27086 1.31334 0.935514 0.260705
1 62 2 2  9632.53 6505.65 6055.68 877.972 0
1 62 3 2  12.2337 11.9176 18.2034 47.2842 7.79663
1 62 4 2  12.7955 11.1656 10.532 8.58828 21.7408
1 62 5 2  641.258 1001.14 1265.61 0.110045 4.28089e-07
1 62 6 2  0.339263 0.384896 0.209275 0.0829413 2.77492e-52
1 62 7 2  29006.6 20249 18167.3 12945.8 7497.96
1 62 8 2  1211.09 1087.47 818.682 350.59 52.6685
1 62 9 2  716.977 510.884 457.7 352.02 444.747
1 62 10 2  288.225 264.484 269.7 193.833 98.3432
1 63 1 2  0.715162 1.03655 1.07851 0.765561 0.204017
1 63 2 2  9462.62 6438.67 6075.72 898.647 0
1 63 3 2  9.24387 9.11623 14.9809 38.1079 11.0633
1 63 4 2  12.7947 11.1645 10.5304 8.58614 21.6448
1 63 5 2  620.521 987.737 1164.24 0.0775244 3.00731e-07
1 63 6 2  0.195672 0.228455 0.126913 0.0522522 3.83611e-53
1 63 7 2  28642.3 20116.9 18201 13092.1 7592.18
1 63 8 2  1176.9 1062.44 808.61 349.185 52.8762
1 63 9 2  714.949 508.959 454.914 348.207 423.228
1 63 10 2  305.057 281.91 291.521 212.033 109.873
1 64 1 2  0.596075 0.852548 0.879131 0.625061 0.146167
1 64 2 2  9625.44 6482.52 6072.5 924.463 0
1 64 3 2  9.06229 8.77403 12.6994 26.7773 17.668
1 64 4 2  12.794 11.1637 10.5292 8.5846 21.5706
1 64 5 2  620.945 1059.73 900.898 0.0546149 2.11263e-07
1 64 6 2  0.121585 0.14703 0.0801696 0.0353268 5.30324e-54
1 64 7 2  28453.3 19970.5 18170.9 13194 7683.32
1 64 8 2  1192.84 1066.32 799.953 345.404 53.3793
1 64 9 2  713.591 507.669 453.047 345.651 408.267
1 64 10 2  340.04 313.769 319.412 232.035 125.006
1 65 1 2  0.470352 0.686976 0.71599 0.513907 0.0937178
1 65 2 2  9156.31 6299.56 6056.19 942.684 0
1 65 3 2  8.44262 8.17529 11.7203 20.3442 20.1073
1 65 4 2  12.7936 11.1631 10.5283 8.58348 21.5134
1 65 5 2  540.852 1071.62 637.979 0.0384757 1.48413e-07
1 65 6 2  0.0729469 0.0907033 0.051087 0.0246324 7.33161e-55
1 65 7 2  27960.1 19761.4 18095 13252.6 7766.18
1 65 8 2  1129.11 1026.77 790.312 343.801 53.7424
1 65 9 2  712.68 506.804 451.796 343.939 397.898
1 65 10 2  348.494 325.754 343.885 257.375 142.772
1 66 1 2  0.364646 0.540344 0.57394 0.427242 0.0477911
1 66 2 2  8695.65 6015.41 5907.51 944.547 0
1 66 3 2  7.64947 7.41203 10.6386 16.9939 20.6532
1 66 4 2  12.7933 11.1627 10.5277 8.58267 21.4692
1 66 5 2  453.977 984.86 451.793 0.0271059 1.0426e-07
1 66 6 2  0.0447115 0.0571413 0.0324311 0.0169312 1.01359e-55
1 66 7 2  27433.3 19484.4 17965.2 13270.3 7836.96
1 66 8 2  1069.95 975.43 759.474 336.957 53.986
1 66 9 2  712.07 506.225 450.957 342.791 390.733
1 66 10 2  361.345 338.484 358.68 274.718 160.934
1 67 1 2  0.281413 0.420596 0.453867 0.354124 0.0214493
1 67 2 2  8605.64 5869.46 5708.1 899.941 0
1 67 3 2  7.71417 7.43775 10.1443 15.2809 18.8472
1 67 4 2  12.7931 11.1625 10.5272 8.58209 21.4352
1 67 5 2  368.852 880.591 319.946 0.0190961 7.32435e-08
1 67 6 2  0.0308248 0.0382493 0.0208591 0.010815 1.40131e-56
1 67 7 2  27144.9 19222.1 17787.9 13247.5 7892.89
1 67 8 2  1060.48 955.179 730.542 324.012 52.6389
1 67 9 2  711.661 505.837 450.395 342.022 385.794
1 67 10 2  399.757 370.289 381.227 287.231 169.935
1 68 1 2  0.214203 0.325126 0.358724 0.27978 0.0397474
1 68 2 2  8888.92 5937.51 5581.32 788.945 0
1 68 3 2  8.47043 8.06283 10.6427 16.7365 10.7357
1 68 4 2  12.793 11.1623 10.5269 8.58168 21.409
1 68 5 2  269.701 648.443 470.02 0.0134532 5.1454e-08
1 68 6 2  0.0232942 0.0248523 0.0127684 0.00535102 1.93736e-57
1 68 7 2  27128.1 19050.1 17597.6 13188.4 7931.96
1 68 8 2  1090.62 969.126 721.071 312.062 48.6067
1 68 9 2  711.387 505.577 450.019 341.507 382.398
1 68 10 2  466.698 420.921 416.157 298.284 158.986
1 69 1 2  0.200665 0.276631 0.284159 0.216971 0.0450428
1 69 2 2  10444 6679.13 5757.52 834.696 0
1 69 3 2  7.82337 7.63434 11.2187 17.8895 8.0467
1 69 4 2  12.793 11.1622 10.5268 8.58139 21.3889
1 69 5 2  334.286 556.115 521.252 0.00947781 3.61469e-08
1 69 6 2  0.0153014 0.0176728 0.00886705 0.00323835 2.67851e-58
1 69 7 2  27923.7 19136.8 17450.3 13105.6 7953.52
1 69 8 2  1280.21 1100.85 763.729 312.323 47.134
1 69 9 2  711.203 505.402 449.766 341.162 380.067
1 69 10 2  591.803 534.718 507.96 338.823 169.408
1 70 1 2  0.161344 0.231782 0.236207 0.171388 0.0387966
1 70 2 2  9978.11 6777.41 6153.98 898.644 0
1 70 3 2  6.18126 6.06029 9.6082 17.644 8.43764
1 70 4 2  12.7929 11.1621 10.5266 8.58121 21.3734
1 70 5 2  314.889 532.162 495.215 0.00667717 2.53935e-08
1 70 6 2  0.00901529 0.0105592 0.00579572 0.00232174 3.70324e-59
1 70 7 2  27778 19217.8 17400.9 13023.5 7959.22
1 70 8 2  1213.02 1095.83 818.52 335.072 48.4465
1 70 9 2  711.08 505.285 449.597 340.93 378.47
1 70 10 2  589.846 549.324 577.143 413.077 203.137
1 71 1 2  0.128669 0.188165 0.195896 0.1394 0.0340269
1 71 2 2  9894.48 6715.89 6275.24 909.184 0
1 71 3 2  5.69946 5.5358 8.26111 17.8504 5.09449
1 71 4 2  12.7929 11.1621 10.5266 8.58109 21.3616
1 71 5 2  288.095 492.603 503.102 0.00470412 1.78392e-08
1 71 6 2  0.00572419 0.00647373 0.0034982 0.00141336 5.12008e-60
1 71 7 2  27612.3 19212.1 17387 12960 7953.67
1 71 8 2  1192.86 1073.9 813.679 346.788 50.7053
1 71 9 2  710.998 505.207 449.484 340.775 377.378
1 71 10 2  645.722 592.176 606.714 444.197 229.568
1 72 1 2  0.116696 0.159844 0.159474 0.114556 0.0195737
1 72 2 2  10875.7 7156.66 6439.41 1026.13 0
1 72 3 2  4.65421 4.53353 7.00669 13.2181 11.1671
1 72 4 2  12.793 11.1621 10.5266 8.58103 21.3525
1 72 5 2  342.948 485.214 407.135 0.0033141 1.25323e-08
1 72 6 2  0.00357072 0.00470764 0.00254216 0.00109155 7.56849e-05
1 72 7 2  28051 19295.7 17383 12913.9 7941.8
1 72 8 2  1317.43 1153.81 831.862 350.204 54.1224
1 72 9 2  710.943 505.155 449.408 340.671 376.632
1 72 10 2  768.007 712.202 709.978 503.384 278.929
1 73 1 2  0.0832095 0.12595 0.131569 0.0950193 0.00878506
1 73 2 2  8963.63 6471.58 6518.46 1050.57 0
1 73 3 2  3.97129 3.84784 5.55229 9.63619 13.3568
1 73 4 2  12.793 11.1621 10.5265 8.581 21.3456
1 73 5 2  269.098 478.478 288.328 0.00233482 8.80408e-09
1 73 6 2  0.0021576 0.00279725 0.00163361 0.000878354 2.73589e-05
1 73 7 2  27065.6 19152.4 17392.4 12884.1 7927.15
1 73 8 2  1073.66 1016.26 826.242 361.65 56.3263
1 73 9 2  710.906 505.119 449.357 340.602 376.123
1 73 10 2  651.523 626.622 721.107 579.026 335.351
1 74 1 2  0.0619344 0.0950942 0.104635 0.0771111 0.00857849
1 74 2 2  8872.22 6107.12 6125.97 948.177 0
1 74 3 2  4.47892 4.28564 5.56424 8.49582 10.3913
1 74 4 2  12.793 11.1622 10.5266 8.58099 21.3403
1 74 5 2  208.76 466.638 204.192 0.00164491 6.18498e-09
1 74 6 2  0.0015655 0.00185397 0.000997695 0.000510916 3.78273e-06
1 74 7 2  26777 18924.9 17327.3 12860.2 7912.25
1 74 8 2  1062.3 961.812 753.022 343.936 55.5983
1 74 9 2  710.881 505.096 449.323 340.555 375.776
1 74 10 2  748.724 686.835 703.781 547.887 336.382
1 75 1 2  0.0473243 0.0719511 0.0807297 0.0611419 0.00946592
1 75 2 2  8429.65 5834.11 5810.28 890.151 0
1 75 3 2  3.73991 3.6413 5.45424 8.64223 7.88215
1 75 4 2  12.7931 11.1622 10.5266 8.58099 21.3362
1 75 5 2  161.544 400.195 185.63 0.00115886 4.34504e-09
1 75 6 2  0.000902223 0.00107872 0.00061341 0.000292685 5.23018e-07
1 75 7 2  26473.6 18706.2 17208.7 12823.4 7896.94
1 75 8 2  1001.66 913.003 712.246 320.835 52.1792
1 75 9 2  710.864 505.08 449.3 340.524 375.541
1 75 10 2  740.54 691.986 739.024 560.494 321.438
1 76 1 2  0.0399141 0.0577258 0.0623295 0.0477523 0.00887461
1 76 2 2  9000.59 5985.1 5632.43 849.675 0
1 76 3 2  3.80616 3.67199 5.13626 8.31334 6.56662
1 76 4 2  12.7931 11.1622 10.5266 8.58101 21.3332
1 76 5 2  149.044 332.521 188.46 0.000816439 3.05246e-09
1 76 6 2  0.000621655 0.000729938 0.000384958 0.000172367 7.23156e-08
1 76 7 2  26834.2 18643.4 17074.9 12768.1 7879.23
1 76 8 2  1071.58 945.628 697.461 304.219 48.883
1 76 9 2  710.853 505.07 449.285 340.503 375.381
1 76 10 2  863.125 789.718 792.152 579.276 324.959
1 77 1 2  0.0317963 0.0465036 0.0495124 0.0373057 0.00765309
1 77 2 2  8671.02 5927.6 5635.99 846.427 0
1 77 3 2  3.19316 3.11205 4.71616 8.02052 5.78551
1 77 4 2  12.7932 11.1623 10.5267 8.58104 21.3309
1 77 5 2  133.807 282.976 185.383 0.000575196 2.1444e-09
1 77 6 2  0.000366022 0.000434545 0.000242583 0.000108013 9.99891e-09
1 77 7 2  26817.7 18635.5 16983.5 12702.2 7857.4
1 77 8 2  1026.3 928.006 704.063 301.959 46.8667
1 77 9 2  710.846 505.062 449.275 340.489 375.272
1 77 10 2  860.353 802.736 851.803 633.159 342.115
1 78 1 2  0.0264466 0.0379206 0.0395864 0.0297123 0.00525649
1 78 2 2  8861.72 5975.58 5625.26 872.772 0
1 78 3 2  2.94287 2.85451 4.16993 6.97061 6.31214
1 78 4 2  12.7933 11.1624 10.5267 8.58109 21.3292
1 78 5 2  131.905 263.829 146.358 0.000405237 1.50648e-09
1 78 6 2  0.000230105 0.000285193 0.000156277 7.31185e-05 1.38254e-09
1 78 7 2  27049.9 18683 16930.6 12639.2 7831.63
1 78 8 2  1050.35 937.134 700.43 301.341 46.9957
1 78 9 2  710.841 505.058 449.268 340.479 375.198
1 78 10 2  938.806 871.66 902.217 673.787 380.967
1 79 1 2  0.0197205 0.0296467 0.0317784 0.0238958 0.00336732
1 79 2 2  7917.27 5583.44 5555.28 872.504 0
1 79 3 2  2.38806 2.32125 3.50717 6.01626 6.43046
1 79 4 2  12.7933 11.1624 10.5268 8.58114 21.3279
1 79 5 2  105.853 244.519 103.652 0.000285498 1.05833e-09
1 79 6 2  0.00012914 0.000161678 9.52521e-05 4.93143e-05 1.91165e-10
1 79 7 2  26607.2 18627.1 16907.4 12587.2 7803.57
1 79 8 2  932.365 862.906 683.188 300.751 47.1984
1 79 9 2  710.837 505.055 449.263 340.473 375.148
1 79 10 2  859.916 816.125 908.89 716.231 415.173
1 80 1 2  0.0155115 0.0229799 0.0248099 0.0187632 0.00175116
1 80 2 2  7659.02 5307.83 5308.91 894.505 0
1 80 3 2  2.13079 2.07177 2.99973 4.73395 7.24525
1 80 4 2  12.7934 11.1625 10.5269 8.58119 21.3269
1 80 5 2  92.4279 204.913 73.4071 0.00020114 7.43493e-10
1 80 6 2  7.64163e-05 0.000105165 6.12982e-05 3.23429e-05 3.97944e-06
1 80 7 2  26495.4 18533.6 16864.3 12544.9 7775.24
1 80 8 2  906.918 823.882 642.265 289.758 47.9332
1 80 9 2  710.835 505.052 449.26 340.469 375.114
1 80 10 2  880.553 834.089 901.452 719.23 461.566
1 81 1 2  0.0105973 0.0168891 0.0192596 0.0146609 0.00172818
1 81 2 2  6358.83 4636.17 4949.69 770.798 0
1 81 3 2  1.7836 1.72018 2.47614 4.33632 5.61805
1 81 4 2  12.7935 11.1626 10.5269 8.58125 21.3262
1 81 5 2  61.9255 165.914 67.2187 0.000141708 5.22318e-10
1 81 6 2  5.23325e-05 6.17949e-05 3.52541e-05 1.89571e-05 1.35814e-06
1 81 7 2  25635.2 18275.6 16788.9 12504.1 7747.61
1 81 8 2  745.566 707.252 588.586 272.77 45.0205
1 81 9 2  710.833 505.051 449.258 340.466 375.091
1 81 10 2  757.693 721.322 833.11 695.657 435.141
1 82 1 2  0.00848769 0.0127302 0.0144443 0.0117088 0.00110546
1 82 2 2  6546.33 4469.92 4517.95 731.609 0
1 82 3 2  1.7138 1.66061 2.36498 3.70961 4.79256
1 82 4 2  12.7935 11.1626 10.527 8.5813 21.3257
1 82 5 2  56.1225 138.676 53.974 9.98373e-05 3.66939e-10
1 82 6 2  3.10027e-05 3.95215e-05 2.23103e-05 1.15194e-05 1.87797e-07
1 82 7 2  25799.9 18099.6 16652.7 12452.6 7720.23
1 82 8 2  770.843 690.792 532.814 246.601 42.0109
1 82 9 2  710.832 505.05 449.257 340.464 375.076
1 82 10 2  834.466 776.979 813.521 640.114 411.823
1 83 1 2  0.00660178 0.00987757 0.0109829 0.00897863 0.000932631
1 83 2 2  6532.77 4438.4 4321.35 672.085 0
1 83 3 2  1.68992 1.62884 2.24811 3.45879 4.03826
1 83 4 2  12.7936 11.1627 10.5271 8.58136 21.3254
1 83 5 2  45.7741 121.463 38.2253 7.03383e-05 2.57782e-10
1 83 6 2  2.07664e-05 2.52398e-05 1.3921e-05 7.11585e-06 2.5968e-08
1 83 7 2  26063.4 18077.2 16529.1 12385.4 7691.18
1 83 8 2  772.906 692.166 521.84 230.365 38.3127
1 83 9 2  710.832 505.049 449.256 340.463 375.065
1 83 10 2  872.345 811.372 852.738 651.034 391.306
1 84 1 2  0.0051421 0.00767773 0.00846562 0.00678875 0.000933647
1 84 2 2  6370.18 4361.41 4226.06 651.293 0
1 84 3 2  1.48436 1.4398 2.1081 3.34518 3.39823
1 84 4 2  12.7937 11.1628 10.5272 8.58143 21.3252
1 84 5 2  36.2673 104.988 27.072 4.95555e-05 1.81097e-10
1 84 6 2  1.25606e-05 1.52725e-05 8.6166e-06 4.27271e-06 3.59081e-09
1 84 7 2  26233 18126 16457.6 12314.8 7659.22
1 84 8 2  753.116 679.481 516.756 224.864 35.9838
1 84 9 2  710.831 505.049 449.255 340.462 375.058
1 84 10 2  875.778 818.961 876.055 672.92 391.538
1 85 1 2  0.00401832 0.00597977 0.00655399 0.00521827 0.00072783
1 85 2 2  6147.34 4234.21 4134.43 646.958 0
1 85 3 2  1.2639 1.22797 1.83444 3.04096 3.19039
1 85 4 2  12.7938 11.1629 10.5272 8.5815 21.3251
1 85 5 2  28.7888 87.6508 19.173 3.49134e-05 1.27225e-10
1 85 6 2  7.33241e-06 9.12336e-06 5.24478e-06 2.67536e-06 4.96537e-10
1 85 7 2  26314.2 18185.7 16433.9 12254.2 7625.22
1 85 8 2  726.784 658.325 505.306 221.23 35.1355
1 85 9 2  710.831 505.049 449.255 340.461 375.053
1 85 10 2  867.382 814.907 881.065 687.009 405.998
1 86 1 2  0.00310384 0.00462493 0.0050527 0.00398355 0.000390307
1 86 2 2  5689.3 3988.63 4005.89 673.775 0
1 86 3 2  0.992548 0.965765 1.46612 2.43501 3.66394
1 86 4 2  12.7938 11.163 10.5273 8.58156 21.325
1 86 5 2  23.63 68.2558 13.5788 2.45977e-05 8.93785e-11
1 86 6 2  3.91103e-06 5.41678e-06 3.28389e-06 1.77516e-06 2.1775e-07
1 86 7 2  26176.3 18193.6 16435.4 12210.1 7591.32
1 86 8 2  674.975 619.011 486.003 216.688 35.4897
1 86 9 2  710.831 505.048 449.254 340.461 375.05
1 86 10 2  806.154 772.311 865.971 703.082 448.011
1 87 1 2  0.00224715 0.00348075 0.00389922 0.00316649 0.000175178
1 87 2 2  5213.12 3673.07 3776.23 602.595 0
1 87 3 2  0.974225 0.937383 1.26496 2.0344 3.12591
1 87 4 2  12.7939 11.163 10.5274 8.58163 21.325
1 87 5 2  16.7643 54.3083 9.61693 1.733e-05 6.27905e-11
1 87 6 2  3.01749e-06 3.70333e-06 2.00436e-06 1.09186e-06 7.47262e-08
1 87 7 2  25905.6 18124.3 16429.1 12180.3 7559.66
1 87 8 2  620.615 570.938 453.998 206.462 34.1498
1 87 9 2  710.831 505.048 449.254 340.461 375.048
1 87 10 2  786.605 739.443 813.227 668.679 434.584
1 88 1 2  0.00165795 0.00257206 0.00295188 0.00246898 0.000142982
1 88 2 2  4997.54 3472.48 3526.54 561.205 0
1 88 3 2  0.86087 0.834236 1.20688 1.88025 2.48659
1 88 4 2  12.794 11.1631 10.5275 8.58169 21.3251
1 88 5 2  12.5524 43.3415 6.811 1.22096e-05 4.41119e-11
1 88 6 2  1.72361e-06 2.15583e-06 1.2534e-06 6.63811e-07 1.03334e-08
1 88 7 2  25859.2 18052.9 16398 12156.3 7531.28
1 88 8 2  595.077 541.484 423.529 192.589 32.0569
1 88 9 2  710.831 505.048 449.254 340.46 375.046
1 88 10 2  776.96 730.277 793.783 634.046 402.425
1 89 1 2  0.00132254 0.00197816 0.00222494 0.00184642 0.000212067
1 89 2 2  5347.9 3560.22 3385.3 513.475 0
1 89 3 2  0.924671 0.887832 1.19381 1.82842 1.87751
1 89 4 2  12.794 11.1631 10.5275 8.58175 21.3251
1 89 5 2  9.77991 32.3016 8.66354 8.60212e-06 3.09897e-11
1 89 6 2  1.22544e-06 1.43854e-06 7.67363e-07 3.72973e-07 1.42895e-09
1 89 7 2  26437.3 18142.4 16370.8 12131.9 7505.87
1 89 8 2  641.47 564.843 415.186 181.365 29.5678
1 89 9 2  710.831 505.048 449.254 340.46 375.045
1 89 10 2  886.67 813.09 825.943 620.951 371.147
1 90 1 2  0.00109178 0.00158931 0.00172093 0.00138119 0.000250447
1 90 2 2  5665.04 3750.18 3423.37 501.376 0
1 90 3 2  0.873594 0.846048 1.21175 1.95609 1.30034
1 90 4 2  12.794 11.1632 10.5276 8.5818 21.3252
1 90 5 2  8.91613 23.2992 12.5369 6.06053e-06 2.1771e-11
1 90 6 2  7.97531e-07 9.169e-07 4.88699e-07 2.10458e-07 1.97604e-10
1 90 7 2  27080.4 18387.5 16408.1 12113.5 7482.87
1 90 8 2  681.36 599.356 432.952 180.661 27.8332
1 90 9 2  710.831 505.048 449.254 340.46 375.045
1 90 10 2  964.288 886.56 905.601 658.149 358.839
1 91 1 2  0.000898531 0.00129477 0.0013658 0.00105589 0.000212493
1 91 2 2  5745.27 3861.33 3543.07 533.269 0
1 91 3 2  0.697847 0.68276 1.06975 1.86668 1.29932
1 91 4 2  12.794 11.1632 10.5276 8.58185 21.3253
1 91 5 2  9.23781 20.5119 10.8401 4.26988e-06 1.52947e-11
1 91 6 2  4.59389e-07 5.56599e-07 3.10756e-07 1.37618e-07 2.73258e-11
1 91 7 2  27452.1 18661.3 16524.8 12116.8 7463.27
1 91 8 2  692.061 616.103 453.07 188.009 28.1281
1 91 9 2  710.83 505.048 449.254 340.46 375.044
1 91 10 2  980.567 915.361 967.587 719.696 390.557
1 92 1 2  0.000720399 0.00104338 0.00109138 0.00083301 0.000116708
1 92 2 2  5590.16 3828.36 3627.59 583.377 0
1 92 3 2  0.582565 0.566452 0.855821 1.47568 1.71728
1 92 4 2  12.794 11.1632 10.5276 8.58188 21.3254
1 92 5 2  8.435 18.2418 7.67732 3.0083e-06 1.07449e-11
1 92 6 2  2.59712e-07 3.43801e-07 1.99936e-07 9.90883e-08 6.9938e-09
1 92 7 2  27494.8 18852.6 16684.1 12151.1 7449.76
1 92 8 2  677.437 610.693 461.105 195.745 30.0104
1 92 9 2  710.83 505.048 449.254 340.46 375.044
1 92 10 2  960.49 910.191 991.428 773.408 456.899
1 93 1 2  0.000517829 0.000795136 0.000864434 0.000659837 5.23812e-05
1 93 2 2  4844.5 3470.15 3551.02 588.279 0
1 93 3 2  0.468421 0.454951 0.671231 1.13563 1.82233
1 93 4 2  12.794 11.1632 10.5276 8.5819 21.3255
1 93 5 2  6.53953 15.3123 5.43732 2.11946e-06 7.54858e-12
1 93 6 2  1.54452e-07 2.06489e-07 1.2258e-07 6.70592e-08 8.74324e-09
1 93 7 2  26807.9 18803.6 16821.2 12211.5 7445.03
1 93 8 2  587.561 548.683 442.385 197.328 31.4774
1 93 9 2  710.83 505.048 449.254 340.46 375.044
1 93 10 2  834.793 803.458 928.958 779.246 501.417
1 94 1 2  0.000390065 0.000597352 0.000666039 0.000524941 2.35098e-05
1 94 2 2  4856.61 3330.26 3335.22 545.02 0
1 94 3 2  0.502865 0.485349 0.642559 0.939764 1.5837
1 94 4 2  12.794 11.1631 10.5276 8.58191 21.3256
1 94 5 2  5.16788 12.8206 3.85087 1.49324e-06 5.30307e-12
1 94 6 2  1.18799e-07 1.52244e-07 8.13375e-08 4.23092e-08 4.41817e-09
1 94 7 2  26742 18704 16873 12277.6 7449.84
1 94 8 2  595.907 535.561 412.167 186.751 31.1278
1 94 9 2  710.83 505.048 449.254 340.46 375.044
1 94 10 2  908.04 847.314 894.368 720.018 484.772
1 95 1 2  0.000285629 0.000443049 0.000504516 0.000410724 1.05517e-05
1 95 2 2  4484.24 3138.33 3174.76 522.392 0
1 95 3 2  0.409373 0.397456 0.583125 0.892353 1.39638
1 95 4 2  12.7939 11.1631 10.5276 8.5819 21.3256
1 95 5 2  3.95434 10.4909 2.72729 1.05204e-06 3.72554e-12
1 95 6 2  7.01867e-08 9.26107e-08 5.39581e-08 2.84252e-08 3.11448e-09
1 95 7 2  26415.8 18568.9 16866.8 12329.6 7461.8
1 95 8 2  552.253 505.854 396.296 177.725 29.7359
1 95 9 2  710.83 505.048 449.254 340.46 375.044
1 95 10 2  836.812 797.772 891.555 721.071 466.862
1 96 1 2  0.000208315 0.000325539 0.000376998 0.000318522 4.73585e-06
1 96 2 2  4182.82 2928.49 2988.55 486.671 0
1 96 3 2  0.361792 0.350274 0.498853 0.789393 1.22385
1 96 4 2  12.7939 11.1631 10.5276 8.58188 21.3257
1 96 5 2  2.94619 8.49608 1.93154 7.412e-07 2.61728e-12
1 96 6 2  4.62812e-08 5.93322e-08 3.36108e-08 1.86768e-08 8.62535e-10
1 96 7 2  26115.2 18398.4 16809.8 12359.1 7477.04
1 96 8 2  517.537 473.761 373.202 168.983 28.2535
1 96 9 2  710.83 505.048 449.254 340.46 375.044
1 96 10 2  803.283 760.299 842.652 692.577 453.996
1 97 1 2  0.000154486 0.000239798 0.000279008 0.000243499 2.12555e-06
1 97 2 2  3994.43 2774.4 2807.92 457.998 0
1 97 3 2  0.322576 0.312528 0.446379 0.694449 1.0661
1 97 4 2  12.7939 11.1631 10.5275 8.58186 21.3257
1 97 5 2  2.24396 6.78683 1.36797 5.22201e-07 1.8387e-12
1 97 6 2  2.7398e-08 3.55401e-08 2.08147e-08 1.19712e-08 1.19273e-10
1 97 7 2  25967.2 18245.7 16715.7 12362.3 7491.69
1 97 8 2  496.973 451.924 352.237 159.244 26.7403
1 97 9 2  710.83 505.048 449.254 340.46 375.043
1 97 10 2  786.642 743.221 814.591 660.706 433.298
1 98 1 2  0.000118875 0.000180519 0.000206589 0.000181898 9.53994e-07
1 98 2 2  4002.45 2729.55 2681.11 440.183 0
1 98 3 2  0.306839 0.297325 0.414364 0.614666 0.97348
1 98 4 2  12.7939 11.1631 10.5275 8.58184 21.3257
1 98 5 2  1.78383 5.32863 0.968834 3.67909e-07 1.29173e-12
1 98 6 2  1.76031e-08 2.32228e-08 1.32271e-08 7.23714e-09 6.3225e-10
1 98 7 2  26130.3 18186.9 16614.9 12341.1 7502.39
1 98 8 2  503.45 451.085 341.606 151.469 25.4212
1 98 9 2  710.83 505.048 449.254 340.46 375.043
1 98 10 2  815.162 766.774 819.879 649.512 423.696
1 99 1 2  8.61178e-05 0.000133972 0.000154176 0.000134794 4.28173e-07
1 99 2 2  3586.84 2535.14 2578.96 426.714 0
1 99 3 2  0.241828 0.234882 0.347282 0.553863 0.902846
1 99 4 2  12.7939 11.1631 10.5275 8.58183 21.3257
1 99 5 2  1.31769 4.12136 0.686156 2.59205e-07 9.07474e-13
1 99 6 2  1.08783e-08 1.44486e-08 8.40711e-09 4.57734e-09 6.18707e-10
1 99 7 2  25788 18089.8 16532.7 12304.8 7507.16
1 99 8 2  452.623 417.96 330.809 147.569 24.4681
1 99 9 2  710.83 505.048 449.254 340.46 375.043
1 99 10 2  725.294 695.294 792.276 654.306 425.917
1 100 1 2  6.39554e-05 9.89988e-05 0.000114187 9.78727e-05 1.92174e-07
1 100 2 2  3368.65 2360.97 2422.17 416.387 0
1 100 3 2  0.209568 0.204006 0.291227 0.449074 0.87335
1 100 4 2  12.794 11.1631 10.5275 8.58182 21.3257
1 100 5 2  1.02164 3.08995 0.485956 1.8262e-07 6.37523e-13
1 100 6 2  6.95083e-09 9.71757e-09 5.61621e-09 3.02467e-09 6.02499e-10
1 100 7 2  25616.9 17968.5 16442.8 12260.3 7505.71
1 100 8 2  429.279 392.573 309.55 140.943 23.9914
1 100 9 2  710.83 505.048 449.254 340.46 375.043
1 100 10 2  698.864 667.581 744.259 622.302 433.24
1 101 1 2  4.55383e-05 7.21141e-05 8.44247e-05 7.23179e-05 8.62517e-08
1 101 2 2  3006.04 2139.93 2247.5 376.811 0
1 101 3 2  0.180467 0.17493 0.245183 0.383991 0.749815
1 101 4 2  12.794 11.1631 10.5276 8.58183 21.3257
1 101 5 2  0.723348 2.33932 0.34417 1.28662e-07 4.47875e-13
1 101 6 2  4.82912e-09 6.38328e-09 3.61949e-09 1.98283e-09 3.57424e-10
1 101 7 2  25230.2 17798.9 16340.5 12208.1 7498.35
1 101 8 2  385.363 357.056 287.291 132.292 22.7126
1 101 9 2  710.83 505.048 449.254 340.46 375.043
1 101 10 2  637.633 608.897 691.047 585.156 407.554
1 102 1 2  3.25267e-05 5.17973e-05 6.17489e-05 5.43604e-05 3.87117e-08
1 102 2 2  2746.82 1946.73 2053.02 340.551 0
1 102 3 2  0.15473 0.149946 0.2146 0.336758 0.607333
1 102 4 2  12.7941 11.1632 10.5276 8.58185 21.3257
1 102 5 2  0.514475 1.78622 0.243753 9.06477e-08 3.14644e-13
1 102 6 2  3.01172e-09 3.92341e-09 2.27555e-09 1.25001e-09 1.59681e-10
1 102 7 2  24961.1 17611.7 16214.4 12146.5 7485.28
1 102 8 2  353.308 326.006 261.954 121.841 21.0374
1 102 9 2  710.83 505.048 449.254 340.46 375.043
1 102 10 2  593.966 565.1 636.299 535.399 370.05
1 103 1 2  2.49616e-05 3.83478e-05 4.49597e-05 4.08599e-05 1.73746e-08
1 103 2 2  2850.02 1928.52 1909.56 308.565 0
1 103 3 2  0.161564 0.15587 0.209421 0.303952 0.488432
1 103 4 2  12.7942 11.1633 10.5277 8.58188 21.3257
1 103 5 2  0.392594 1.37698 0.172635 6.3865e-08 2.21046e-13
1 103 6 2  2.15899e-09 2.73371e-09 1.48395e-09 7.92047e-10 3.67397e-11
1 103 7 2  25391.5 17585 16087.4 12073.7 7466.37
1 103 8 2  370.879 329.76 248.294 111.857 19.1994
1 103 9 2  710.83 505.048 449.254 340.46 375.043
1 103 10 2  650.327 605.203 633.202 499.683 332.819
1 104 1 2  1.96682e-05 2.95414e-05 3.35165e-05 2.95481e-05 2.29812e-06
1 104 2 2  3118.06 2048.27 1885.05 279.936 0
1 104 3 2  0.179145 0.171286 0.223931 0.325198 0.335795
1 104 4 2  12.7942 11.1633 10.5277 8.58192 21.3257
1 104 5 2  0.2938 0.976654 0.299307 4.49956e-08 1.5529e-13
1 104 6 2  1.60394e-09 1.84587e-09 9.63267e-10 4.51613e-10 5.08068e-12
1 104 7 2  26235.8 17800.1 16031.9 11999 7441.68
1 104 8 2  409.727 357.409 255.738 108.025 17.3696
1 104 9 2  710.83 505.048 449.254 340.46 375.043
1 104 10 2  749.488 684.225 686.823 505.478 296.879
1 105 1 2  1.659e-05 2.37275e-05 2.55549e-05 2.17768e-05 1.80601e-06
1 105 2 2  3251.38 2167.47 1966.4 313.956 0
1 105 3 2  0.13917 0.135589 0.20973 0.321526 0.363372
1 105 4 2  12.7943 11.1634 10.5278 8.58197 21.3258
1 105 5 2  0.313841 0.751641 0.281596 3.17014e-08 1.09096e-13
1 105 6 2  8.83953e-10 1.17969e-09 6.74486e-10 3.17112e-10 2.54495e-11
1 105 7 2  26909.2 18143.6 16095 11945 7413.17
1 105 8 2  430.66 380.239 274.505 112.688 17.4269
1 105 9 2  710.83 505.048 449.254 340.46 375.043
1 105 10 2  759.126 716.889 762.271 569.835 328.353
1 106 1 2  1.19225e-05 1.82566e-05 2.0021e-05 1.6815e-05 8.10577e-07
1 106 2 2  2891.96 2039.58 2004.53 316.401 0
1 106 3 2  0.113434 0.109938 0.162204 0.278818 0.364481
1 106 4 2  12.7943 11.1634 10.5278 8.58202 21.3258
1 106 5 2  0.239434 0.634607 0.199438 2.2335e-08 7.66428e-14
1 106 6 2  5.64747e-10 7.11048e-10 4.09911e-10 2.22247e-10 8.8717e-12
1 106 7 2  26562.7 18309.1 16239.9 11931.8 7385.47
1 106 8 2  383.9 354.35 277.452 118.862 18.1627
1 106 9 2  710.83 505.048 449.254 340.46 375.043
1 106 10 2  674.886 643.761 732.775 598.782 362.031
1 107 1 2  8.99228e-06 1.37383e-05 1.53926e-05 1.31335e-05 3.63805e-07
1 107 2 2  2942.07 2002.74 1947.87 309.855 0
1 107 3 2  0.111984 0.108205 0.1502 0.234677 0.322816
1 107 4 2  12.7943 11.1634 10.5279 8.58207 21.3259
1 107 5 2  0.19215 0.531308 0.141251 1.5736e-08 5.38437e-14
1 107 6 2  3.56273e-10 4.50522e-10 2.54782e-10 1.3819e-10 1.22687e-12
1 107 7 2  26688.4 18399.7 16370.4 11956.3 7363.94
1 107 8 2  393.565 352.056 266.764 117.349 18.6328
1 107 9 2  710.83 505.048 449.254 340.46 375.043
1 107 10 2  722.784 674.137 713.226 566.072 361.062
1 108 1 2  6.60669e-06 1.02299e-05 1.16839e-05 9.88557e-06 6.02719e-07
1 108 2 2  2832.94 1949.86 1905.15 296.725 0
1 108 3 2  0.0979774 0.0948841 0.1376 0.219449 0.267398
1 108 4 2  12.7943 11.1634 10.5279 8.5821 21.326
1 108 5 2  0.144808 0.442694 0.100039 1.10867e-08 3.78267e-14
1 108 6 2  2.13423e-10 2.62966e-10 1.52456e-10 8.2187e-11 1.69664e-13
1 108 7 2  26613.3 18442.8 16477 12001.8 7351.43
1 108 8 2  380.271 343.852 262.736 114.778 18.2743
1 108 9 2  710.83 505.048 449.254 340.46 375.043
1 108 10 2  699.171 657.634 716.766 564.724 344.863
1 109 1 2  5.43499e-06 7.99659e-06 8.85352e-06 7.33405e-06 8.50123e-07
1 109 2 2  3164.26 2073.71 1896.09 287.34 0
1 109 3 2  0.106796 0.102669 0.137868 0.207534 0.216431
1 109 4 2  12.7942 11.1634 10.5279 8.58212 21.3261
1 109 5 2  0.1186 0.371652 0.070852 7.81106e-09 2.65743e-14
1 109 6 2  1.52767e-10 1.82236e-10 9.62085e-11 4.66586e-11 2.34627e-14
1 109 7 2  27269 18610.5 16567.5 12055.5 7348.1
1 109 8 2  429.447 373.665 267.215 112.966 17.7631
1 109 9 2  710.83 505.048 449.254 340.46 375.043
1 109 10 2  825.128 755.569 758.026 562.963 333.179
1 110 1 2  4.46471e-06 6.46496e-06 6.90734e-06 5.50942e-06 8.42923e-07
1 110 2 2  3349.94 2212.93 1981.47 297.032 0
1 110 3 2  0.0979523 0.0949168 0.136733 0.208805 0.187704
1 110 4 2  12.7942 11.1634 10.5279 8.58212 21.3262
1 110 5 2  0.0957007 0.309965 0.0501801 5.50322e-09 1.86692e-14
1 110 6 2  9.78696e-11 1.17849e-10 6.375e-11 2.92453e-11 3.24462e-15
1 110 7 2  27758.2 18869.7 16697.2 12116.1 7352.83
1 110 8 2  458.312 402.353 287.709 117.345 17.694
1 110 9 2  710.83 505.048 449.254 340.46 375.043
1 110 10 2  877.126 813.271 840.874 615.919 341.345
1 111 1 2  3.63166e-06 5.23123e-06 5.47899e-06 4.28119e-06 4.86799e-07
1 111 2 2  3406.34 2289.15 2089 332.091 0
1 111 3 2  0.0812555 0.0790101 0.118703 0.188603 0.219471
1 111 4 2  12.7941 11.1633 10.5278 8.5821 21.3262
1 111 5 2  0.0797261 0.245512 0.0355393 3.87725e-09 1.31156e-14
1 111 6 2  5.72269e-11 7.55569e-11 4.30507e-11 2.08934e-11 1.4665e-12
1 111 7 2  27938.6 19094.5 16866.1 12191.7 7365.17
1 111 8 2  470.572 418.203 305.915 125.792 18.9314
1 111 9 2  710.83 505.048 449.254 340.46 375.043
1 111 10 2  885.39 835.607 894.982 682.968 396.913
1 112 1 2  2.63903e-06 4.02809e-06 4.36517e-06 3.45034e-06 2.18486e-07
1 112 2 2  3146.7 2190.1 2124.05 333.67 0
1 112 3 2  0.0711274 0.0687998 0.0986364 0.163048 0.212311
1 112 4 2  12.794 11.1632 10.5278 8.58207 21.3262
1 112 5 2  0.056881 0.193487 0.02517 2.73167e-09 9.21405e-15
1 112 6 2  3.80578e-11 4.75853e-11 2.67908e-11 1.42111e-11 5.13334e-13
1 112 7 2  27449.3 19120.7 17026.4 12283.5 7385.62
1 112 8 2  436.575 398.869 308.099 131.867 20.0836
1 112 9 2  710.83 505.048 449.254 340.46 375.043
1 112 10 2  828.789 784.611 872.537 703.332 427.554
1 113 1 2  1.94757e-06 3.00682e-06 3.3808e-06 2.70706e-06 1.99816e-07
1 113 2 2  3101.21 2125.44 2072.56 324.184 0
1 113 3 2  0.0658715 0.0636922 0.0905153 0.144608 0.179797
1 113 4 2  12.7939 11.1632 10.5277 8.58203 21.3262
1 113 5 2  0.0418887 0.152573 0.0178261 1.92456e-09 6.4731e-15
1 113 6 2  2.3167e-11 2.86707e-11 1.63913e-11 8.664e-12 7.09857e-14
1 113 7 2  27162.7 19028.3 17113.5 12378 7414.1
1 113 8 2  432.032 389.368 297.8 130.726 20.5278
1 113 9 2  710.83 505.048 449.254 340.46 375.043
1 113 10 2  841.926 787.863 847.939 674.642 419.979
1 114 1 2  1.55188e-06 2.32008e-06 2.58486e-06 2.06334e-06 2.79826e-07
1 114 2 2  3376.76 2225.48 2051.69 304.803 0
1 114 3 2  0.0709355 0.0680467 0.0912992 0.142253 0.130753
1 114 4 2  12.7938 11.1631 10.5276 8.58197 21.3262
1 114 5 2  0.0318885 0.108325 0.0320012 1.35592e-09 4.54751e-15
1 114 6 2  1.64967e-11 1.90692e-11 1.0092e-11 4.7547e-12 9.81604e-15
1 114 7 2  27445.2 19018.3 17139.7 12456.7 7448.31
1 114 8 2  474.357 415.164 300.221 127.786 19.9519
1 114 9 2  710.83 505.048 449.254 340.46 375.043
1 114 10 2  962.167 880.211 890.421 663.87 389.093
1 115 1 2  1.30732e-06 1.87684e-06 2.00558e-06 1.57971e-06 2.50068e-07
1 115 2 2  3625.12 2386.22 2131.34 322.997 0
1 115 3 2  0.0619236 0.0602252 0.0892448 0.139263 0.121549
1 115 4 2  12.7938 11.163 10.5275 8.5819 21.3261
1 115 5 2  0.0329151 0.0868845 0.0302687 9.5529e-10 3.19473e-15
1 115 6 2  1.00706e-11 1.2368e-11 6.74031e-12 3.06104e-12 1.35736e-15
1 115 7 2  27802.4 19118.4 17167.5 12515.7 7484.52
1 115 8 2  512.834 449.271 320.693 131.442 19.9522
1 115 9 2  710.83 505.048 449.254 340.46 375.043
1 115 10 2  1025.42 953.013 985.892 722.105 402.297
1 116 1 2  1.01031e-06 1.48656e-06 1.58031e-06 1.21375e-06 1.36888e-07
1 116 2 2  3349.89 2324.58 2216.62 364.734 0
1 116 3 2  0.0449033 0.0437168 0.0686037 0.116485 0.157644
1 116 4 2  12.7937 11.1629 10.5275 8.58184 21.326
1 116 5 2  0.0286106 0.0706852 0.0214369 6.73032e-10 2.24437e-15
1 116 6 2  5.18837e-12 7.1854e-12 4.37244e-12 2.26948e-12 2.62914e-13
1 116 7 2  27363.5 19102.7 17211.5 12564.6 7520.11
1 116 8 2  476.406 434.768 332.726 140.222 21.4758
1 116 9 2  710.83 505.048 449.254 340.46 375.043
1 116 10 2  909.551 876.059 995.675 799.352 482.227
1 117 1 2  7.25402e-07 1.12231e-06 1.23755e-06 9.60431e-07 6.14385e-08
1 117 2 2  3029 2138.32 2161.63 351.885 0
1 117 3 2  0.0411383 0.0397805 0.0551674 0.0904234 0.151268
1 117 4 2  12.7936 11.1629 10.5274 8.58177 21.3259
1 117 5 2  0.0212624 0.0573606 0.015182 4.74171e-10 1.57672e-15
1 117 6 2  3.71805e-12 4.78589e-12 2.67793e-12 1.47669e-12 1.63829e-13
1 117 7 2  26631.3 18889.3 17206.8 12605.3 7554.15
1 117 8 2  432.975 399.545 317.583 141.441 22.4985
1 117 9 2  710.83 505.048 449.254 340.46 375.043
1 117 10 2  848.572 806.447 909.016 765.535 505.815
1 118 1 2  5.29637e-07 8.26688e-07 9.44644e-07 7.56814e-07 4.94284e-08
1 118 2 2  2955.89 2037.72 2040.25 323.263 0
1 118 3 2  0.0396255 0.0382171 0.0527062 0.080858 0.118573
1 118 4 2  12.7936 11.1628 10.5273 8.5817 21.3258
1 118 5 2  0.0157753 0.0473733 0.0107521 3.34067e-10 1.10768e-15
1 118 6 2  2.44499e-12 3.02283e-12 1.6893e-12 8.97308e-13 3.67818e-14
1 118 7 2  26266.2 18627 17117.1 12624.5 7585.37
1 118 8 2  424.446 384.04 297.761 134.328 21.9947
1 118 9 2  710.83 505.048 449.254 340.46 375.043
1 118 10 2  860.579 805.395 869.237 702.827 460.89
1 119 1 2  4.15063e-07 6.24889e-07 7.07209e-07 5.83722e-07 2.98246e-08
1 119 2 2  3000.2 2033.55 1967.56 321.612 0
1 119 3 2  0.0351418 0.0341131 0.049268 0.0738997 0.10867
1 119 4 2  12.7936 11.1628 10.5273 8.58165 21.3257
1 119 5 2  0.0129522 0.0377328 0.0076148 2.3536e-10 7.78168e-16
1 119 6 2  1.44324e-12 1.91538e-12 1.10394e-12 5.73467e-13 5.23439e-14
1 119 7 2  26273.7 18454.1 16978.8 12611.4 7610.92
1 119 8 2  434.486 388.014 291.509 128.257 21.2583
1 119 9 2  710.83 505.048 449.254 340.46 375.043
1 119 10 2  874.885 825.295 886.593 697.054 447.563
1 120 1 2  3.03759e-07 4.68251e-07 5.31279e-07 4.36851e-07 1.33859e-08
1 120 2 2  2682.73 1894.56 1913.86 323.332 0
1 120 3 2  0.0268024 0.0260753 0.038897 0.0630403 0.110575
1 120 4 2  12.7936 11.1628 10.5272 8.5816 21.3255
1 120 5 2  0.00989832 0.028854 0.00539292 1.65818e-10 5.46679e-16
1 120 6 2  8.62555e-13 1.19343e-12 7.07308e-13 3.87156e-13 6.74252e-14
1 120 7 2  25771 18244.5 16833.7 12569.5 7627.78
1 120 8 2  390.437 360.58 284.875 126.423 20.9429
1 120 9 2  710.83 505.048 449.254 340.46 375.043
1 120 10 2  763.38 736.604 849.15 709.954 469.935
1 121 1 2  2.14621e-07 3.41057e-07 3.98848e-07 3.26255e-07 2.82036e-08
1 121 2 2  2519.06 1759.39 1795.82 276.688 0
1 121 3 2  0.0272429 0.0260511 0.0344985 0.0569162 0.0803803
1 121 4 2  12.7937 11.1628 10.5272 8.58158 21.3254
1 121 5 2  0.00662167 0.0213188 0.00642358 1.16823e-10 3.84054e-16
1 121 6 2  6.78758e-13 7.89793e-13 4.23106e-13 2.19805e-13 1.95339e-14
1 121 7 2  25402.8 18002.9 16665.1 12505 7634.39
1 121 8 2  367.569 336.043 265.176 120.345 19.7246
1 121 9 2  710.83 505.048 449.254 340.46 375.043
1 121 10 2  761.326 709.336 774.165 640.825 419.959
1 122 1 2  1.76159e-07 2.61901e-07 2.97158e-07 2.44156e-07 3.9661e-08
1 122 2 2  2813.33 1847.15 1724.69 256.503 0
1 122 3 2  0.0285941 0.0275314 0.0374954 0.0579976 0.051365
1 122 4 2  12.7937 11.1628 10.5273 8.58157 21.3253
1 122 5 2  0.00599716 0.0155482 0.00862378 8.23056e-11 2.69806e-16
1 122 6 2  4.41776e-13 5.10038e-13 2.70982e-13 1.19073e-13 2.70112e-15
1 122 7 2  25976.8 17971 16497.6 12420.1 7630.07
1 122 8 2  411.973 359.402 260.184 113.012 18.1937
1 122 9 2  710.83 505.048 449.254 340.46 375.043
1 122 10 2  883.215 806.255 810.075 602.568 360.219
1 123 1 2  1.5278e-07 2.16414e-07 2.29513e-07 1.83372e-07 3.59905e-08
1 123 2 2  3111.83 2026.74 1787.68 265.601 0
1 123 3 2  0.0257613 0.0250455 0.036851 0.0584779 0.0438523
1 123 4 2  12.7938 11.1629 10.5273 8.58159 21.3252
1 123 5 2  0.00642159 0.0139892 0.00733556 5.7987e-11 1.89545e-16
1 123 6 2  2.78977e-13 3.33092e-13 1.78333e-13 7.64455e-14 3.73511e-16
1 123 7 2  26761.5 18181.6 16417.9 12329.1 7614.95
1 123 8 2  458.66 398.623 280.312 114.324 17.4928
1 123 9 2  710.83 505.048 449.254 340.46 375.043
1 123 10 2  968.846 894.197 910.577 655.738 358.626
2 1 1 2  1682.78 2179.2 3078.83 1777.06 200.68
2 1 2 2  0.00702393 640.1 1544.37 272.164 0.756517
2 1 3 2  270.264 364.891 188.664 58.3597 110.138
2 1 4 2  23.817 15.1798 2.68602 0.167102 15.1811
2 1 5 2  1011.9 1783.04 5744.56 1713.38 2066.83
2 1 6 2  2418.32 3626.57 3937.44 984.67 109.565
2 1 7 2  2.2164e-31 4834.47 1414.86 5438.65 528.245
2 1 8 2  1739.02 2402 2108.86 632.162 44.0295
2 1 9 2  1427.8 782.291 1462.83 5792.77 2089.04
2 1 10 2  1552.53 2633.78 2411.91 1200.02 344.848
2 2 1 2  1454.83 2790.53 2391.65 1754.37 549.955
2 2 2 2  6748.6 4486.86 1689.58 206.236 5.59076e-06
2 2 3 2  105.443 216.442 448.126 46.2068 48.5729
2 2 4 2  17.638 22.5997 11.7942 2.99148 12.0048
2 2 5 2  1567.28 3687.43 4695.54 3574.76 1451.2
2 2 6 2  3230.71 5096.26 2232.49 132.187 14.1588
2 2 7 2  3056.11 3543.63 2251.37 4277.17 1059.5
2 2 8 2  1306.59 2161.22 1932.47 800.485 74.8257
2 2 9 2  1671.59 1348.91 1067.38 2779.41 3090.55
2 2 10 2  1566.42 2461.42 2893.77 1837.75 506.203
2 3 1 2  1444.43 2694.83 2135.43 1451.84 621.552
2 3 2 2  5148.42 5006.21 3407.15 420.876 2.08922e-11
2 3 3 2  27.4066 71.9767 332.117 121.26 20.1773
2 3 4 2  13.2503 21.134 16.429 7.33484 11.11
2 3 5 2  1543.2 4009.86 5333.49 4585.95 1011.64
2 3 6 2  4894.57 7985.47 2910.55 17.2468 1.76189
2 3 7 2  3939.2 3359.15 2500.09 3518.15 1351.16
2 3 8 2  1333.02 2040.2 1638.34 687.442 75.7792
2 3 9 2  7929.18 4887.7 1754.7 1512.42 2706.34
2 3 10 2  1163.69 1931.37 2534.64 1795.09 566.041
2 4 1 2  2509.41 4113.64 2366.51 1248.97 578.07
2 4 2 2  2402.95 3092.07 3530.78 876.013 1.92721e-16
2 4 3 2  620.652 821.875 550.221 91.1088 8.16346
2 4 4 2  10.1486 17.6675 16.7251 10.1039 12.3943
2 4 5 2  672.779 2453.61 5095.99 5783.26 702.805
2 4 6 2  3826.11 6529.66 3005.02 2.16417 0.210072
2 4 7 2  4489.85 3485.1 2616.45 2987.88 1486.43
2 4 8 2  1336.1 2034.86 1567.91 609.792 65.9274
2 4 9 2  5504.99 5374.04 3463.87 1623.1 2161.65
2 4 10 2  1989.83 2831.97 2617.1 1573.68 510.96
2 5 1 2  2308.93 4190.65 2781.88 1275.48 496.157
2 5 2 2  1199.18 1621.8 2486.23 1119.02 1.81007e-17
2 5 3 2  1882.34 2667.05 1941.38 229.309 3.1176
2 5 4 2  7.97192 14.0132 14.4527 10.3937 13.798
2 5 5 2  377.938 1340.87 3640.35 6154.26 485.371
2 5 6 2  8451.54 13046.8 4078.17 0.261383 0.0240126
2 5 7 2  5071.54 3748.15 2720.49 2615.53 1519.99
2 5 8 2  1448.36 2132.09 1511.35 531.065 52.9844
2 5 9 2  3889.29 4129.93 3523.3 2015.87 1855.14
2 5 10 2  1179.95 2034.34 2677.18 1652.07 436.703
2 6 1 2  1389.32 2998 2612.79 1363.05 464.593
2 6 2 2  659.083 837.088 1457.33 950.058 3.57494e-18
2 6 3 2  350.056 904.113 2568.19 1059.84 1.19523
2 6 4 2  6.44973 11.2533 12.0179 9.53944 14.8502
2 6 5 2  582.627 1413.04 2713.38 5351.57 335.596
2 6 6 2  3559.38 7124.43 4393.7 0.0310788 0.00270531
2 6 7 2  5485.47 4073.03 2884.81 2394.98 1513.03
2 6 8 2  1262.38 1975.23 1536.19 543.863 51.1397
2 6 9 2  2782.48 3055.05 2948.65 2063.84 1802.54
2 6 10 2  672.088 1205.22 1867.88 1474.66 483.369
2 7 1 2  1099.95 2315.37 2191.2 1393.52 507.971
2 7 2 2  632.35 644.018 888.485 696.733 7.55365e-19
2 7 3 2  1081.79 1588.54 2046.79 1498.84 0.515854
2 7 4 2  5.39357 9.43551 10.3685 8.75655 16.1101
2 7 5 2  952.53 2151.28 2690.64 4450.85 234.128
2 7 6 2  4178.48 7288.69 3618.07 0.00405945 0.000340694
2 7 7 2  5722.4 4390.9 3124.98 2317.2 1508.89
2 7 8 2  1010.95 1672.49 1495.26 621.714 64.6944
2 7 9 2  4659.27 3792.28 2763.89 2017.75 1931.68
2 7 10 2  610.247 987.833 1337.23 1173.73 513.729
2 8 1 2  1700.59 2798.66 1912.46 1206.54 475.364
2 8 2 2  2351.25 1762.07 934.234 112.214 9.43263e-49
2 8 3 2  217.029 502.221 1686.23 1959.15 0.217817
2 8 4 2  4.64373 7.91013 8.67241 7.58597 16.2827
2 8 5 2  1627.15 3412.97 3537.97 3297.44 163.058
2 8 6 2  3403.58 6542.23 3465.51 331.266 4.29099e-05
2 8 7 2  6135.12 4696.67 3367.58 2315.28 1499.34
2 8 8 2  1019.02 1575.84 1297.78 560.3 66.8167
2 8 9 2  3379.16 3495.25 2927.18 1985.22 1945.86
2 8 10 2  809.82 1220.5 1286.25 908.535 408.696
2 9 1 2  1229.69 2455.33 1936.95 1080.79 401.934
2 9 2 2  2921.27 2546.82 1592.45 217.196 2.50643e-109
2 9 3 2  687.382 1023.95 1218.59 1840.21 0.0891259
2 9 4 2  4.10648 6.75857 7.21463 6.34758 15.5526
2 9 5 2  874.088 2962.73 4630.76 2274.95 113.361
2 9 6 2  5433.14 9876.09 4219.96 484.809 5.18047e-06
2 9 7 2  6400.43 4974.77 3604.44 2359.3 1487.85
2 9 8 2  946.609 1478.6 1199.58 491.768 59.2696
2 9 9 2  2535.9 2751.04 2614.69 1924.05 1906.67
2 9 10 2  472.251 829.452 1207.04 912.214 354.191
2 10 1 2  2463.93 3896.95 2122.36 1000.32 360.047
2 10 2 2  4977.76 4066.22 2389.61 491.177 4.72544e-114
2 10 3 2  425.1 726.928 1329.26 1521.42 0.0373417
2 10 4 2  3.70951 5.95402 6.17782 5.36718 14.5598
2 10 5 2  575.24 2017.03 4401.88 2644.99 78.6918
2 10 6 2  3043.7 5828.08 3738.48 168.657 6.38479e-07
2 10 7 2  6608.19 5187.22 3787.16 2397.94 1455.21
2 10 8 2  880.352 1378.75 1127.92 460.598 53.1585
2 10 9 2  1956.95 2133.27 2142.33 1729.66 1837.73
2 10 10 2  355.938 595.946 853.758 732.839 308.461
2 11 1 2  1597.38 3210.49 2360.12 1025.72 310.71
2 11 2 2  2243.97 2814.82 2936.59 835.938 2.26777e-115
2 11 3 2  144.11 310.605 996.563 1180.46 0.0144933
2 11 4 2  3.40143 5.22861 5.16303 4.35279 12.6385
2 11 5 2  566.25 1624.96 3487.72 3216.09 54.19
2 11 6 2  7341.88 11749.5 4138.86 20.8034 7.37265e-08
2 11 7 2  6889.42 5360.02 3907.14 2417.86 1405.8
2 11 8 2  895.495 1343.45 998.33 372.908 40.2145
2 11 9 2  5985.59 3988.51 2025.13 1365.44 1565.54
2 11 10 2  1282.52 1716.4 1209.99 542.879 184.234
2 12 1 2  2481.1 4150.08 2467.6 1072.68 307.119
2 12 2 2  2854.7 2634.18 2496.16 879.775 1.19751e-116
2 12 3 2  375.448 554.954 769.539 930.495 0.00612216
2 12 4 2  3.17333 4.86274 4.70169 3.8285 11.4754
2 12 5 2  581.801 1563.41 2927.45 3298.77 37.4991
2 12 6 2  4530.98 8477.45 4695.98 2.6813 8.96124e-09
2 12 7 2  6970.8 5518.76 4028.13 2444.98 1360.63
2 12 8 2  839.675 1310.8 1046.19 399.205 41.1968
2 12 9 2  4189.9 4197.83 2961.52 1529.5 1429.45
2 12 10 2  1243.68 1944.11 2094.62 1115.24 266.651
2 13 1 2  1905.43 3536.73 2381.96 993.007 258.533
2 13 2 2  2520.87 2459.97 2312.78 711.701 3.16442e-118
2 13 3 2  101.084 225.747 670.972 757.534 0.00231753
2 13 4 2  2.99673 4.38229 4.03635 3.17303 9.53417
2 13 5 2  590.971 1568.62 2657.37 3099.79 25.6636
2 13 6 2  3469.37 6382.4 3628.22 0.328842 1.02192e-09
2 13 7 2  6902.82 5529.15 4064.29 2434.59 1298.97
2 13 8 2  900.704 1317.98 921.717 319.648 31.8343
2 13 9 2  2985.51 3085.16 2646.01 1602.36 1265.24
2 13 10 2  688.138 1220.63 1742.32 1156.87 304.09
2 14 1 2  1694.38 2927.84 1812.25 725.361 164.005
2 14 2 2  2175.63 2229.23 2040.67 290.77 0
2 14 3 2  437.073 650.523 674.5 696.226 0.000771863
2 14 4 2  35.0725 24.2711 6.96995 2.78712 7.52766
2 14 5 2  837.027 1905.76 2738.34 2339.25 17.3712
2 14 6 2  2654.71 5317.67 3031.73 347.908 1.02104e-10
2 14 7 2  6895.78 5454.79 3971.17 2343.61 1200
2 14 8 2  859.1 1277.98 879.33 270.824 23.8365
2 14 9 2  2171.3 2183.7 1919 1313.28 1061.65
2 14 10 2  681.831 1074.19 1255.59 848.3 272.031
2 15 1 2  1190.52 2280.96 1538.98 603.496 132.644
2 15 2 2  771.385 1222.32 1778.91 310.072 0
2 15 3 2  259.61 457.049 850.056 636.959 0.000270602
2 15 4 2  25.6124 32.2825 17.4725 5.73112 6.62556
2 15 5 2  747.312 2054.17 2951.82 2402.95 11.7864
2 15 6 2  7331.97 11435.4 3783.36 120.02 1.061e-11
2 15 7 2  6723.88 5370.61 3896.47 2267.12 1117.66
2 15 8 2  728.859 1123.88 827.858 263.214 21.3503
2 15 9 2  2084.24 1863.25 1459.3 1018.17 888.863
2 15 10 2  489.417 806.016 1023.01 673.556 196.318
2 16 1 2  613.825 1383.12 1233.19 598.651 144.071
2 16 2 2  236.107 478.687 1046.58 167.518 0
2 16 3 2  1294.26 1845.11 1476.87 650.705 9.43453e-05
2 16 4 2  18.8942 29.1304 22.0434 10.202 7.89728
2 16 5 2  927.681 2298.58 3138.1 2586.81 8.08027
2 16 6 2  8062.49 13852.4 5682.34 13.614 1.10241e-12
2 16 7 2  6555.53 5352.86 3985.3 2335.82 1122.93
2 16 8 2  689.398 1037.05 742.455 239.453 19.942
2 16 9 2  2768.59 2158.99 1346.12 837.059 755.261
2 16 10 2  425.038 675.613 800.597 518.886 151.543
2 17 1 2  704.95 1091.91 658.961 331.262 86.8011
2 17 2 2  118.188 193.961 521.276 94.6179 0
2 17 3 2  197.999 472.798 1520.74 1288.33 2.59239e-05
2 17 4 2  14.0975 22.1835 18.85 10.8404 9.0515
2 17 5 2  708.846 2065.32 3419.38 1984.79 5.41928
2 17 6 2  2148.94 5107.21 4107.28 513.574 9.30886e-14
2 17 7 2  6270.66 5116.26 3860.75 2287.86 1082.49
2 17 8 2  888.656 1191.25 646.648 157.507 11.6623
2 17 9 2  2044.48 1751.05 1144.19 625.993 513.016
2 17 10 2  440.732 665.382 651.385 331.147 78.7169
2 18 1 2  602.536 1094.1 672.072 259.006 59.8897
2 18 2 2  7110.34 4920.54 1521.49 112.981 0
2 18 3 2  158.618 264.779 684.532 1436.33 9.3256e-06
2 18 4 2  10.7599 18.3509 17.5018 11.626 11.7766
2 18 5 2  727.995 2007.13 3601.07 1356.35 3.70353
2 18 6 2  2793.1 5289.13 2785.79 489.917 9.27594e-15
2 18 7 2  5843.82 4932.94 3784.15 2262.59 1059.87
2 18 8 2  748.63 1172.99 873.358 260.962 18.5966
2 18 9 2  2864.68 2269.15 1321.19 666.151 477.464
2 18 10 2  581.139 876.832 875.436 487.093 137.213
2 19 1 2  342.42 787.552 671.362 294.702 67.6448
2 19 2 2  16439.6 12983.5 5318.37 430.487 0
2 19 3 2  232.603 353.816 550.218 965.219 4.12374e-06
2 19 4 2  8.43194 15.3223 16.3663 12.3871 15.4841
2 19 5 2  460.4 1519.4 3211.56 2037.95 2.56238
2 19 6 2  3791.48 6197.51 2675.22 148.268 1.26324e-15
2 19 7 2  5350.7 4671.95 3683.18 2230.2 1040.41
2 19 8 2  775.431 1194.51 957.477 368.11 33.7395
2 19 9 2  2299.75 2291.63 1723.04 902.963 568.511
2 19 10 2  557.044 874.799 1028.36 682.892 214.338
2 20 1 2  607.042 1000.27 623.427 295.147 76.0713
2 20 2 2  18073.8 17166.9 11074.6 1266.53 0
2 20 3 2  336.016 524.88 676.65 774.644 1.83296e-06
2 20 4 2  6.80695 12.5673 14.3394 12.0223 18.6581
2 20 5 2  2155.08 3961.02 3547.38 2037.12 1.77639
2 20 6 2  5127.46 9088.26 3733.21 248.581 1.70833e-16
2 20 7 2  5004.06 4412.91 3582.71 2221.94 1042.04
2 20 8 2  852.451 1296.75 1026.62 421.368 46.5812
2 20 9 2  3040.83 2642.62 1913.15 1131.21 731.183
2 20 10 2  817.766 1219.21 1237.61 800.225 299.009
2 21 1 2  496.205 989.177 724.375 325.001 89.7594
2 21 2 2  8399.48 11440.7 12680.9 1608.67 0
2 21 3 2  465.971 710.757 992.986 506.588 8.39417e-07
2 21 4 2  5.69946 10.3869 12.1885 10.9637 20.9263
2 21 5 2  780.055 2866.39 4787.97 3138.53 1.23305
2 21 6 2  4972.16 8242.46 3735.77 104.643 2.33138e-17
2 21 7 2  4678.2 4155.26 3456.03 2205.86 1049.77
2 21 8 2  863.604 1338.9 1097.35 464.611 53.5849
2 21 9 2  4254.31 3530.77 2326.52 1344.15 924.666
2 21 10 2  1939.56 2669.87 2142.48 1069.14 343.763
2 22 1 2  649.108 1107.57 730.755 337.714 85.3454
2 22 2 2  6859.4 8053.43 10600.3 1742.8 0
2 22 3 2  133.122 265.744 814.925 908.375 3.85576e-07
2 22 4 2  4.95645 8.73625 10.194 9.52602 21.9361
2 22 5 2  1125.5 2673.46 4497.06 2948.4 0.855729
2 22 6 2  4372.52 8783.06 4489.5 562.161 3.14603e-18
2 22 7 2  4470.94 3934.17 3317.09 2178.84 1060
2 22 8 2  1062.72 1576.61 1194.54 493.455 61.3848
2 22 9 2  6741.33 5319.43 3158.97 1668.22 1138.78
2 22 10 2  1300.62 2221.52 2963.46 1976.7 636.972
2 23 1 2  805.511 1346.1 757.188 285.125 62.4725
2 23 2 2  16032.8 13341.8 10080.1 1422.83 0
2 23 3 2  165.195 258.304 444.15 968.72 1.81862e-07
2 23 4 2  4.45455 7.61329 8.70562 8.22892 22.272
2 23 5 2  861.13 2574.52 4615.57 2024.38 0.587947
2 23 6 2  2175.94 4637.6 3417.99 718.422 4.3075e-19
2 23 7 2  4252.67 3659.93 3026.41 2001.11 991.246
2 23 8 2  1034.1 1624.23 1350.58 571.454 71.5449
2 23 9 2  4725.87 5071.45 4057.76 2197.49 1386.15
2 23 10 2  925.534 1584.62 2392.52 2185.79 1023.86
2 24 1 2  719.278 1293.44 775.965 260.665 46.8718
2 24 2 2  6656.07 9454.58 11739 1730.52 0
2 24 3 2  198.929 312.059 438.501 793.893 8.18201e-08
2 24 4 2  4.07755 6.68336 7.32997 6.84408 21.0831
2 24 5 2  1597.17 3532.44 5081.16 1379.7 0.400043
2 24 6 2  1945.98 3743.78 2225.76 428.711 5.68194e-20
2 24 7 2  4088.21 3412.93 2721.45 1776.19 888.891
2 24 8 2  852.278 1396.77 1251.55 558.291 70.7652
2 24 9 2  7659.47 6166.08 4138.65 2451.24 1608.43
2 24 10 2  908.028 1446.42 1852.99 1626.99 865.198
2 25 1 2  366.121 849.161 671.925 247.773 39.2496
2 25 2 2  8955.73 9159.03 7856.57 1091.89 0
2 25 3 2  47.9085 102.082 337.777 697.318 3.42654e-08
2 25 4 2  3.76959 6.073 6.44378 5.84904 19.7924
2 25 5 2  935.527 3129.93 5597.01 942.699 0.272567
2 25 6 2  2752.6 5242.75 2482.76 380.25 7.52271e-21
2 25 7 2  4051.35 3263.65 2489.65 1582.3 792.305
2 25 8 2  719.459 1189.79 1113.36 535.391 72.7228
2 25 9 2  5396.52 5723.4 4665.87 2739.21 1844.97
2 25 10 2  1008.64 1583.62 1867.74 1458.16 759.554
2 26 1 2  195.418 471.191 458.718 227.353 46.5561
2 26 2 2  5594.89 7112.09 2586.43 48.7825 0
2 26 3 2  325.957 459.984 340.307 228.224 5.9092e-09
2 26 4 2  3.53016 5.4449 5.48656 4.79415 17.1701
2 26 5 2  1745.38 4140.85 5623.02 1809.9 0.186427
2 26 6 2  3901.76 6649.17 2914.53 122.371 9.35809e-22
2 26 7 2  4077.56 3234.79 2411.33 1498.96 747.57
2 26 8 2  594.471 964.246 857.062 396.83 53.4371
2 26 9 2  3964.29 4290.9 4027.15 2742.76 1984.39
2 26 10 2  597.476 1052.08 1555.51 1217.76 499.604
2 27 1 2  154.211 319.115 275.224 155.286 45.8031
2 27 2 2  11896.6 10439.9 2607.35 0.00301045 0
2 27 3 2  92.6064 233.67 259.545 4.10601 5.51508e-11
2 27 4 2  3.35549 5.04546 4.85229 4.03321 14.7066
2 27 5 2  2083.65 5426.96 6577.53 4325.5 0.127228
2 27 6 2  2712.5 4748.38 2465.22 15.7113 1.11692e-22
2 27 7 2  4242.99 3249.38 2332.31 1406.97 692.133
2 27 8 2  527.93 838.442 710.271 308.33 37.7422
2 27 9 2  2923.66 3182.32 3120.63 2374.18 1975.14
2 27 10 2  370.284 661.617 1046.3 899.336 342.06
2 28 1 2  314.938 508.198 274.45 121.377 40.2141
2 28 2 2  6576.75 8754.69 2995.08 21.7668 0
2 28 3 2  29.8672 83.3661 175.98 22.5793 1.88596e-13
2 28 4 2  3.23689 4.86927 4.62438 3.70783 13.2861
2 28 5 2  1707.16 4820.57 7328.9 6491.16 0.0877188
2 28 6 2  2739.7 4729.36 2203.34 2.2077 1.47738e-23
2 28 7 2  4531.12 3396.37 2356.2 1373.73 661.164
2 28 8 2  520.217 813.049 678.796 295.195 35.448
2 28 9 2  15788.5 9966.1 4030.35 2172.35 2003.13
2 28 10 2  345.674 563.902 777.04 692.186 302.082
2 29 1 2  356.602 637.969 379.515 132.809 32.2215
2 29 2 2  4652.26 6218.72 2152.36 0.0074883 0
2 29 3 2  396.395 576.72 348.08 30.0135 2.16306e-15
2 29 4 2  3.18853 4.8725 4.70837 3.7422 12.9632
2 29 5 2  1313.1 3964.02 7939.78 5543.2 0.0608986
2 29 6 2  1919.43 3855.76 2258.15 220.129 2.20566e-24
2 29 7 2  4882.92 3603.36 2416.88 1353.87 631.544
2 29 8 2  562.923 876.604 747.2 346.074 45.5192
2 29 9 2  10830.7 11371.6 7932.09 3466.35 2273.6
2 29 10 2  552.253 832.511 892.165 691.649 366.28
2 30 1 2  268.011 565.741 431.06 171.17 36.5546
2 30 2 2  7608.33 7298.03 2094.22 19.1319 0
2 30 3 2  110.629 265.053 505.506 80.7705 1.2897e-17
2 30 4 2  3.1947 4.83237 4.68223 3.73892 12.5776
2 30 5 2  2423.6 5821.06 7851.18 6336.63 0.0422445
2 30 6 2  3438.91 5562.09 2277.34 91.4993 3.33182e-25
2 30 7 2  5060.48 3800.02 2521.53 1360.74 610.314
2 30 8 2  571.132 895.173 771.382 364.532 49.3906
2 30 9 2  7635.98 9065.02 8681.35 5142.83 3033.76
2 30 10 2  386.013 665.38 959.782 779.954 357.301
2 31 1 2  206.173 447.279 405.199 210.713 52.8057
2 31 2 2  14315.4 12525.9 3373.43 28.815 0
2 31 3 2  36.9589 90.1508 275.518 100.629 1.25112e-18
2 31 4 2  3.2329 4.75618 4.48787 3.55419 11.6718
2 31 5 2  1189.04 4176.44 8124.21 7250.54 0.029494
2 31 6 2  2465.61 4626.21 2521.49 13.338 4.6169e-26
2 31 7 2  5322.88 4063.31 2755.14 1474.94 639.556
2 31 8 2  546.77 860.378 730.866 332.579 44.3401
2 31 9 2  5338.1 6495.72 7245.77 5561.34 3959.44
2 31 10 2  235.86 427.451 706.909 663.407 310.786
2 32 1 2  139.824 314.306 313.471 194.275 56.318
2 32 2 2  6577.62 9415.39 3821.51 93.759 0
2 32 3 2  12.4671 27.1171 103.001 87.1918 1.42406e-19
2 32 4 2  3.30943 4.71023 4.25562 3.27798 10.4308
2 32 5 2  644.787 2635.35 7687.29 5815.41 0.0205686
2 32 6 2  1806.76 3638.21 2196.47 235.916 5.96297e-27
2 32 7 2  5739.23 4351.07 2995.29 1616.99 685.027
2 32 8 2  533.481 826.275 669.421 284.182 36.5551
2 32 9 2  5282.95 5303.25 5399.16 4758.66 4340.74
2 32 10 2  134.17 246.662 430.633 440.176 231.744
2 33 1 2  98.2996 215.291 206.995 133.117 40.0155
2 33 2 2  16270.5 14384.3 5898.71 438.534 0
2 33 3 2  12.3607 20.2593 42.818 74.0763 3.19336e-20
2 33 4 2  3.41477 4.78163 4.17831 3.10174 9.38357
2 33 5 2  851.686 2374 6694.95 4031.45 0.0142391
2 33 6 2  1893.24 3852.07 2151.77 386.456 7.61813e-28
2 33 7 2  6231.79 4629.54 3142.72 1693.12 703.732
2 33 8 2  502.146 785.792 641.429 264.258 32.8648
2 33 9 2  3737.92 4136.97 4213.56 3720.42 4101.69
2 33 10 2  73.59 136.13 246.244 270.962 165.858
2 34 1 2  88.3242 171.484 140.369 84.6639 26.3097
2 34 2 2  13711.6 15055.7 8018.98 691.1 0
2 34 3 2  6.04871 10.8098 26.1475 53.2303 1.00166e-20
2 34 4 2  3.52144 4.85525 4.12379 2.95622 8.34762
2 34 5 2  1888.42 3894.61 6362.45 2786.99 0.00981814
2 34 6 2  2347.06 4468.14 2270.03 364.6 9.54733e-29
2 34 7 2  6438.73 4867.43 3290.25 1756.22 717.317
2 34 8 2  412.261 665.566 566.898 234.057 28.0333
2 34 9 2  7055.99 5360.64 3579.9 2822.4 3482.88
2 34 10 2  37.1201 70.0279 130.868 146.419 92.2989
2 35 1 2  86.3409 159.945 118.564 63.6304 16.2482
2 35 2 2  10555.5 12588 6569.5 519.278 0
2 35 3 2  54.145 83.974 80.2536 44.1877 9.07579
2 35 4 2  3.56483 5.00202 4.26069 2.98707 7.77505
2 35 5 2  1701.07 4938.8 5224.6 1939.82 0.00682059
2 35 6 2  2873.13 6334.31 3491.97 712.338 1.23248e-29
2 35 7 2  6592.76 5104.94 3507.03 1871.45 753.937
2 35 8 2  346.671 566.934 506.269 223.549 28.6917
2 35 9 2  4992.33 5148.55 4081.23 2637.71 3063.71
2 35 10 2  20.4716 37.8319 70.3732 84.3393 62.5724
2 36 1 2  73.1366 158.122 139.36 76.9026 17.1033
2 36 2 2  14309.3 13881.8 4151.46 4.05884e-10 0
2 36 3 2  336.447 511.509 342.473 12.7903 0.00937226
2 36 4 2  3.58999 5.2708 4.71591 3.35492 8.12521
2 36 5 2  4962.09 9176.85 5329.84 1376.33 0.00484793
2 36 6 2  1798.77 4034.34 3071.41 979.69 1.85988e-30
2 36 7 2  6395.53 5345.59 3913.95 2147.05 864.404
2 36 8 2  267.546 464.742 482.265 254.278 37.6464
2 36 9 2  23161.1 15392.3 6706.92 3318.47 3385.76
2 36 10 2  14.5406 25.4608 44.0266 57.6699 55.6018
2 37 1 2  135.24 217.102 140.66 75.6424 16.3798
2 37 2 2  9496.55 11336.8 4032.91 26.7724 0
2 37 3 2  61.4451 120.822 304.821 184.85 5.05291
2 37 4 2  3.5813 5.2919 4.85615 3.5606 8.30799
2 37 5 2  7867.63 15463.2 7143.65 969.718 0.0034192
2 37 6 2  1416.97 3135.07 2203.96 756.123 2.76706e-31
2 37 7 2  6010.18 5276.46 4113.74 2351.64 957.075
2 37 8 2  251.106 407.25 390.31 216.128 36.3996
2 37 9 2  15797 16479.8 11850.9 5411.06 3801.98
2 37 10 2  11.8561 19.9478 30.0581 34.7311 34.5091
2 38 1 2  91.1915 192.044 148.515 69.8467 13.0268
2 38 2 2  5637.24 7578.67 4037.52 291.409 0
2 38 3 2  43.7734 71.3279 128.43 178.263 35.8773
2 38 4 2  3.5462 5.20801 4.77285 3.55227 8.20383
2 38 5 2  4163.99 15887.7 8716.96 677.498 0.0023885
2 38 6 2  1321.69 2927.47 1900.83 604.593 3.747e-32
2 38 7 2  5704.47 5068.24 4124.64 2467.61 1026.92
2 38 8 2  230.126 368.242 328.301 165.157 27.9269
2 38 9 2  10788 12584.3 12034.9 7349.83 4685.03
2 38 10 2  7.65933 13.4132 21.3342 22.3594 18.6011
2 39 1 2  53.5224 139.977 146.696 81.1689 13.1351
2 39 2 2  5390 6119.65 2086.47 0.0749179 0
2 39 3 2  156.715 243.36 213.31 51.0584 4.94066
2 39 4 2  3.40384 5.18277 4.88872 3.69388 8.54775
2 39 5 2  3472.21 15758.8 7195.83 477.91 0.0016879
2 39 6 2  809.49 1922.07 1523.76 578.807 5.43021e-33
2 39 7 2  5300.47 4887.84 4184.21 2641.76 1140.68
2 39 8 2  199.903 330.428 313.155 160.008 26.5764
2 39 9 2  7451.95 9399.17 10719.4 8395.03 6360.71
2 39 10 2  5.93151 10.1283 15.6489 17.2328 14.7259
2 40 1 2  35.2667 97.3663 128.486 93.9539 17.9805
2 40 2 2  4182.53 4949.29 1730.46 7.68968 0
2 40 3 2  151.723 241.615 287.57 131.825 0.20185
2 40 4 2  3.18272 5.05499 5.00376 3.9048 9.19739
2 40 5 2  1892.12 12343.7 8206.74 339.315 0.00120273
2 40 6 2  2059.08 4165.25 1988.3 469.043 8.45907e-34
2 40 7 2  5020.23 4713.8 4241.97 2844.85 1290.08
2 40 8 2  207.323 329.727 303.793 162.94 28.1487
2 40 9 2  5209.03 6900.46 8935.56 8504.4 8241.55
2 40 10 2  4.67812 7.94304 12.2141 13.7517 12.6177
2 41 1 2  40.0571 87.6681 107.542 97.3787 25.0794
2 41 2 2  13340 10828.8 3259.43 121.338 0
2 41 3 2  52.7178 93.7691 212.77 228.669 0.026236
2 41 4 2  2.98851 4.88792 5.07673 4.13873 10.1565
2 41 5 2  1892.7 8929.91 9801.87 241.575 0.000859836
2 41 6 2  2379.47 4908.13 2733.2 607.488 1.37622e-34
2 41 7 2  4730.25 4516.94 4232.89 3009.11 1443.96
2 41 8 2  224.145 354.105 323.211 176.574 31.7106
2 41 9 2  3758.17 5113.12 7198.51 7971.43 9979.25
2 41 10 2  6.26421 9.7935 11.9372 11.9058 11.4766
2 42 1 2  49.3434 102.69 111.014 107.374 37.1376
2 42 2 2  4869.44 7258.21 6914.25 1602.81 0
2 42 3 2  1283.33 1886.86 1391.41 446.688 0.0118704
2 42 4 2  2.83007 4.78032 5.23824 4.49427 11.7774
2 42 5 2  1528.17 6511.42 10712 173.223 0.000619948
2 42 6 2  3890.45 7531.44 3674.9 707.753 2.45565e-35
2 42 7 2  4484.84 4347.42 4229.12 3183.06 1625.95
2 42 8 2  261.637 412.044 383.811 222.875 42.2957
2 42 9 2  14564.8 10748 7496.78 7644.16 12140.8
2 42 10 2  12.6248 18.8118 18.9974 14.925 13.4056
2 43 1 2  60.3197 111.105 97.1057 85.1205 32.3055
2 43 2 2  5745.74 5950.84 6389.7 1047.64 0
2 43 3 2  335.086 611.909 1602.92 2006.26 0.00569518
2 43 4 2  2.69579 4.38879 4.75955 4.214 11.9914
2 43 5 2  1691.58 5272.09 9717.12 122.35 0.00043904
2 43 6 2  1492.04 3247.29 2672.97 903.338 3.85086e-36
2 43 7 2  4276.16 4071.62 4002.68 3144.34 1705.06
2 43 8 2  376.614 543.302 404.947 196.48 36.3208
2 43 9 2  10004.2 10817.2 9191.19 7045.86 11520
2 43 10 2  19.3073 29.1205 29.3956 19.2992 11.1452
2 44 1 2  50.3405 100.575 83.9269 59.8967 20.3932
2 44 2 2  4873.33 5318.43 5826.99 977.273 0
2 44 3 2  179.377 296.953 662.785 1818.64 572.543
2 44 4 2  2.59784 4.03997 4.16275 3.64888 11.2235
2 44 5 2  1593.36 4875.44 7669.03 85.6335 0.000307318
2 44 6 2  759.284 1601.33 1193.85 606.266 5.20151e-37
2 44 7 2  4060 3794.7 3694.03 2979.9 1707.44
2 44 8 2  348.252 546.42 442.179 183.347 27.409
2 44 9 2  6883.76 8099.52 8290.03 6544.24 9825.95
2 44 10 2  17.5637 28.2321 34.6767 25.8114 11.8706
2 45 1 2  40.9313 84.5364 72.779 46.8268 12.0886
2 45 2 2  4682.25 5032.32 5448.33 934.246 0
2 45 3 2  187.445 299.826 448.66 1040.39 910.437
2 45 4 2  2.52834 3.83118 3.77741 3.20404 10.3638
2 45 5 2  1552.44 4854.72 5556.19 59.9973 0.00021523
2 45 6 2  452.071 974.198 659.435 349.869 7.05423e-38
2 45 7 2  3957.47 3594.34 3428.88 2805.57 1689.2
2 45 8 2  345.892 538.954 442.802 187.014 25.5903
2 45 9 2  4792.63 5774.51 6541.84 5766.61 8543.42
2 45 10 2  19.7712 31.0955 36.2249 28.2175 14.5871
2 46 1 2  30.6415 66.7289 61.1482 38.267 8.28479
2 46 2 2  4291.76 4715.78 5210.19 873.37 0
2 46 3 2  168.132 269.674 413.639 767.303 749.995
2 46 4 2  2.47907 3.6991 3.53405 2.88805 9.50119
2 46 5 2  1307.97 4494.47 4353.71 42.0749 0.000150812
2 46 6 2  262.889 548.362 378.378 196.175 9.5999e-39
2 46 7 2  3881.07 3454.49 3213.25 2634.42 1654.22
2 46 8 2  320.648 508.248 430.662 186.189 25.1686
2 46 9 2  3391.3 4085.56 4844.66 4701.21 7397.71
2 46 10 2  20.2818 32.0826 38.4192 30.2009 15.7093
2 47 1 2  23.7517 51.845 49.2846 31.4992 6.83565
2 47 2 2  4249.59 4597.39 5010.73 819.695 0
2 47 3 2  149.977 241.491 382.064 719.003 479.934
2 47 4 2  2.44417 3.61209 3.37928 2.67504 8.69979
2 47 5 2  1131.26 3795.36 4027.49 29.5308 0.000105721
2 47 6 2  161.409 325.086 216.722 102.696 1.31036e-39
2 47 7 2  3901.65 3377.22 3046.15 2475.91 1606.92
2 47 8 2  316.608 494.318 411.593 179.495 24.393
2 47 9 2  2452.23 2919.74 3500.26 3620.25 6269.74
2 47 10 2  22.3509 34.9265 40.6556 31.4066 16.1047
2 48 1 2  19.6535 41.8621 39.4018 25.7892 6.40543
2 48 2 2  4592.11 4822.45 4991.08 770.878 0
2 48 3 2  140.182 226.095 361.051 710.769 238.341
2 48 4 2  2.41948 3.5532 3.27903 2.53461 7.99315
2 48 5 2  1043.99 3154.04 4233.27 20.7418 7.41421e-05
2 48 6 2  108.124 203.812 127.757 50.2061 1.79322e-40
2 48 7 2  4041.4 3377.17 2929.93 2336.43 1551.74
2 48 8 2  338.111 515.69 409.884 173.129 22.9838
2 48 9 2  1822.93 2129.66 2523.75 2696.14 5174.79
2 48 10 2  26.8081 41.1009 45.6271 33.3424 15.892
2 49 1 2  16.0183 34.09 31.9021 20.9835 5.79353
2 49 2 2  4628.28 4970.12 5165.92 796.093 0
2 49 3 2  102.25 170.568 318.303 699.917 103.849
2 49 4 2  2.40202 3.51268 3.21272 2.44242 7.39182
2 49 5 2  992.555 2753.96 4322.94 14.5778 5.20139e-05
2 49 6 2  58.2443 112.609 75.3435 27.0728 2.45937e-41
2 49 7 2  4170.48 3428.42 2867.23 2221.12 1492.85
2 49 8 2  331.796 515.731 418.717 174.003 22.2369
2 49 9 2  1401.22 1597.91 1843.01 1979.78 4168.33
2 49 10 2  28.001 43.8305 51.2239 37.6907 16.9298
2 50 1 2  13.2394 27.9875 25.9665 17.0216 4.86585
2 50 2 2  4735.15 5097.42 5345.36 835.492 0
2 50 3 2  76.9432 127.856 244.655 653.408 45.5314
2 50 4 2  2.38969 3.4845 3.16803 2.38154 6.89244
2 50 5 2  979.349 2580.59 4162.25 10.251 3.65008e-05
2 50 6 2  32.6491 63.8551 42.8927 15.9249 3.37905e-42
2 50 7 2  4319.58 3512.13 2850.39 2133.22 1434.11
2 50 8 2  330.17 512.789 418.472 175.635 22.3621
2 50 9 2  1118.62 1240.98 1377.91 1455.71 3293.7
2 50 10 2  30.3565 47.4108 55.2564 41.4534 19.0772
2 51 1 2  11.951 24.2008 21.4317 13.7834 3.73831
2 51 2 2  5395.66 5618.12 5634.03 900.285 0
2 51 3 2  68.4803 111.558 193.22 526.104 102.887
2 51 4 2  2.38098 3.4648 3.13749 2.34089 6.48478
2 51 5 2  1080.18 2654.52 3732.01 7.21155 2.56207e-05
2 51 6 2  21.4092 43.0987 26.9683 10.4097 4.64941e-43
2 51 7 2  4577.84 3646.06 2872.97 2073.18 1378.78
2 51 8 2  368.666 556.4 431.38 176.942 22.8305
2 51 9 2  929.245 1001.63 1063.26 1085.47 2568.55
2 51 10 2  37.8877 58.4349 64.3261 46.3112 21.8847
2 52 1 2  9.39511 19.987 18.0816 11.3159 2.7963
2 52 2 2  5165.53 5673.75 6016.49 978.1 0
2 52 3 2  56.4924 92.0998 159.921 398.246 164.788
2 52 4 2  2.37484 3.45097 3.11639 2.31342 6.15604
2 52 5 2  980.525 2663.41 3261.89 5.07506 1.79873e-05
2 52 6 2  11.9454 24.6859 16.8458 7.17906 6.40483e-44
2 52 7 2  4682.53 3775.7 2931.4 2040.56 1329.45
2 52 8 2  342.227 539.714 446.551 184.716 23.5504
2 52 9 2  802.337 841.194 851.446 829.388 1989.33
2 52 10 2  37.6409 59.8303 72.1493 54.8437 25.8941
2 53 1 2  7.88044 16.5226 14.9888 9.38293 2.15137
2 53 2 2  5611.35 5967.98 6235.01 1017.83 0
2 53 3 2  60.8383 97.6398 149.556 312.78 175.732
2 53 4 2  2.3705 3.44125 3.10172 2.29467 5.89335
2 53 5 2  953.041 2623.9 2881.19 3.57249 1.26301e-05
2 53 6 2  8.21303 16.7084 10.5731 4.5525 8.83111e-45
2 53 7 2  4866.83 3909.43 3008.46 2032.89 1288.04
2 53 8 2  363.563 556.711 445.595 186.93 24.3686
2 53 9 2  717.293 733.671 709.189 654.521 1539.95
2 53 10 2  46.027 71.2912 79.9607 59.7476 29.6676
2 54 1 2  6.14104 13.2182 12.2664 8.0312 1.18795
2 54 2 2  5256.57 5856.55 6449.22 1109.91 0
2 54 3 2  46.2656 75.3921 132.064 253.946 216.757
2 54 4 2  2.36743 3.43441 3.09146 2.28174 5.68486
2 54 5 2  870.699 2620.7 2216.12 2.51532 8.86959e-06
2 54 6 2  4.34657 9.61595 6.78152 3.30261 1.21852e-45
2 54 7 2  4908.27 4013.57 3096.28 2045.68 1255.65
2 54 8 2  331.315 526.748 444.95 189.551 25.2147
2 54 9 2  660.302 661.615 613.758 536.031 1199.15
2 54 10 2  44.4418 71.4624 88.0117 69.0602 35.0966
2 55 1 2  4.66104 10.2989 9.87426 6.57109 1.01435
2 55 2 2  5247.74 5759.88 6405.96 1055.4 0
2 55 3 2  49.1337 78.5212 118.767 228.837 170.3
2 55 4 2  2.36526 3.42958 3.08427 2.27278 5.52029
2 55 5 2  712.427 2357.88 2020.92 1.77127 6.22931e-06
2 55 6 2  3.03293 6.08851 3.98927 1.92367 1.68222e-46
2 55 7 2  4965.89 4091.33 3179.61 2073.43 1232.55
2 55 8 2  323.954 507.343 424.847 185.233 25.0215
2 55 9 2  622.111 613.327 549.776 456.11 945.308
2 55 10 2  50.231 78.3548 91.2916 71.768 37.5256
2 56 1 2  4.11247 8.55569 7.90936 5.25758 1.06638
2 56 2 2  6171.07 6384.74 6512.87 1032.03 0
2 56 3 2  54.2793 86.9345 129.829 245.746 88.5747
2 56 4 2  2.36372 3.42618 3.07921 2.26652 5.39095
2 56 5 2  712.077 2076.02 2137.79 1.24747 4.37529e-06
2 56 6 2  2.27012 4.4091 2.62777 1.04113 2.32334e-47
2 56 7 2  5178.52 4199.52 3257.61 2109.95 1218.28
2 56 8 2  375.347 561.771 431.4 179.3 23.9707
2 56 9 2  596.518 580.968 506.889 402.351 758.947
2 56 10 2  66.8213 101.809 108.877 77.2674 37.6699
2 57 1 2  3.32536 7.06294 6.51266 4.24181 0.985249
2 57 2 2  6066.18 6589.13 6912.17 1094.51 0
2 57 3 2  38.5335 64.0212 119.609 272.177 39.5121
2 57 4 2  2.36263 3.42376 3.07565 2.26215 5.28966
2 57 5 2  667.251 1882.13 2189.52 0.878644 3.07324e-06
2 57 6 2  1.2815 2.557 1.69499 0.652514 3.20976e-48
2 57 7 2  5225.88 4294.04 3340.09 2152.29 1211.79
2 57 8 2  359.956 561.748 455.339 185.839 23.6303
2 57 9 2  579.367 559.283 478.146 366.247 623.715
2 57 10 2  67.9602 107.223 126.83 93.3872 42.2363
2 58 1 2  2.72669 5.78339 5.34516 3.45245 0.827865
2 58 2 2  6120.1 6656.14 7132.48 1153.31 0
2 58 3 2  29.4243 48.4753 90.6897 267.824 17.6307
2 58 4 2  2.36184 3.42205 3.07313 2.25907 5.21058
2 58 5 2  652.917 1780.29 2102.68 0.618905 2.15876e-06
2 58 6 2  0.764135 1.54294 1.0239 0.418153 4.43535e-49
2 58 7 2  5247.41 4356.91 3416.78 2198.86 1212.07
2 58 8 2  356.103 554.523 454.806 190.895 24.41
2 58 9 2  567.874 544.751 458.884 342.022 526.521
2 58 10 2  74.7458 117.079 136.713 103.918 49.6689
2 59 1 2  2.29699 4.81062 4.39111 2.81691 0.668172
2 59 2 2  6422.97 6887.9 7298.1 1185.66 0
2 59 3 2  24.7189 40.3289 71.0013 211.293 44.1321
2 59 4 2  2.36128 3.42082 3.07134 2.2569 5.14899
2 59 5 2  651.249 1744.36 1958.23 0.43597 1.51643e-06
2 59 6 2  0.493958 0.997823 0.640974 0.265694 6.12986e-50
2 59 7 2  5287.54 4404.93 3481.47 2246.4 1218.01
2 59 8 2  368.789 567.317 456.228 191.407 24.9401
2 59 9 2  560.172 535.013 445.976 325.777 457.221
2 59 10 2  86.7728 134.996 153.534 114.393 55.6926
2 60 1 2  1.78997 3.89186 3.64785 2.33982 0.61826
2 60 2 2  6258.09 6852.81 7426.28 1136.82 0
2 60 3 2  23.9401 38.7077 63.7826 169.194 31.9334
2 60 4 2  2.36087 3.41993 3.07006 2.25537 5.10113
2 60 5 2  555.852 1581.52 2129.95 0.307117 1.06525e-06
2 60 6 2  0.304977 0.568803 0.375464 0.139006 8.47269e-51
2 60 7 2  5239.03 4421.92 3533.23 2291.96 1228.37
2 60 8 2  351.937 551.576 456.034 192.143 24.476
2 60 9 2  555.011 528.487 437.325 314.887 408.14
2 60 10 2  91.8383 142.998 167.41 125.629 57.6775
2 61 1 2  1.53023 3.20239 2.96429 1.92304 0.507732
2 61 2 2  6467.54 6984.31 7492.28 1218.32 0
2 61 3 2  18.8959 31.1958 56.6951 142.625 33.0828
2 61 4 2  2.36057 3.4193 3.06915 2.25428 5.064
2 61 5 2  610.359 1535.16 2050.47 0.216352 7.4832e-07
2 61 6 2  0.164542 0.336478 0.22599 0.0874701 1.17118e-51
2 61 7 2  5230.68 4424.01 3567.73 2332.93 1241.84
2 61 8 2  358.39 554.277 450.702 190.843 24.7943
2 61 9 2  551.552 524.114 431.528 307.587 373.576
2 61 10 2  100.901 158.264 183.984 137.923 65.4355
2 62 1 2  1.25313 2.65179 2.4374 1.5684 0.403459
2 62 2 2  6447.4 7017.6 7586.34 1222.24 0
2 62 3 2  17.0225 27.6442 46.9218 129.643 21.4395
2 62 4 2  2.36035 3.41883 3.06849 2.2535 5.03525
2 62 5 2  587.522 1541.21 1916.99 0.152414 5.25687e-07
2 62 6 2  0.102548 0.204263 0.134759 0.055458 1.61901e-52
2 62 7 2  5188.37 4412.53 3588.04 2367.23 1257.1
2 62 8 2  353.69 550.302 450.386 190.224 24.83
2 62 9 2  549.235 521.184 427.643 302.694 349.353
2 62 10 2  109.878 171.95 200.722 152.238 73.2437
2 63 1 2  1.01618 2.16286 2.00159 1.28347 0.31573
2 63 2 2  6333.67 6945.34 7611.45 1251.02 0
2 63 3 2  12.8623 21.1461 38.6154 104.483 30.4224
2 63 4 2  2.36019 3.41849 3.06801 2.25294 5.01302
2 63 5 2  568.523 1520.57 1763.44 0.107373 3.69292e-07
2 63 6 2  0.0591452 0.12124 0.081723 0.034938 2.23815e-53
2 63 7 2  5123.22 4383.73 3594.71 2393.97 1272.9
2 63 8 2  343.705 537.636 444.845 189.462 24.9279
2 63 9 2  547.681 519.22 425.04 299.416 332.45
2 63 10 2  116.295 183.279 216.962 166.532 81.8309
2 64 1 2  0.846967 1.77893 1.63156 1.04792 0.226204
2 64 2 2  6442.65 6992.64 7607.41 1286.96 0
2 64 3 2  12.6097 20.3524 32.7346 73.4175 48.5843
2 64 4 2  2.36008 3.41825 3.06766 2.25253 4.99584
2 64 5 2  568.911 1631.4 1364.57 0.0756427 2.59427e-07
2 64 6 2  0.0367512 0.0780284 0.0516237 0.023621 3.09414e-54
2 64 7 2  5089.4 4351.84 3588.76 2412.61 1288.18
2 64 8 2  348.362 539.6 440.082 187.411 25.1651
2 64 9 2  546.64 517.904 423.296 297.218 320.698
2 64 10 2  129.631 203.992 237.719 182.242 93.1014
2 65 1 2  0.668326 1.43345 1.32879 0.861571 0.145035
2 65 2 2  6128.65 6795.29 7586.97 1312.33 0
2 65 3 2  11.7474 18.9635 30.2108 55.7793 55.2918
2 65 4 2  2.36 3.41807 3.06741 2.25224 4.98258
2 65 5 2  495.53 1649.71 966.33 0.0532896 1.82248e-07
2 65 6 2  0.0220494 0.0481359 0.0328965 0.0164703 4.27758e-55
2 65 7 2  5001.19 4306.26 3573.77 2423.32 1302.07
2 65 8 2  329.747 519.584 434.778 186.541 25.3363
2 65 9 2  545.943 517.022 422.127 295.746 312.553
2 65 10 2  132.854 211.783 255.933 202.144 106.333
2 66 1 2  0.518128 1.12748 1.06516 0.716277 0.0739601
2 66 2 2  5820.31 6488.77 7400.72 1314.92 0
2 66 3 2  10.6438 17.1931 27.4224 46.5937 56.793
2 66 4 2  2.35994 3.41794 3.06723 2.25203 4.97235
2 66 5 2  415.935 1516.14 684.32 0.0375422 1.2803e-07
2 66 6 2  0.0135148 0.0303247 0.0208834 0.0113209 5.91374e-56
2 66 7 2  4906.95 4245.9 3548.14 2426.56 1313.94
2 66 8 2  312.47 493.604 417.813 182.827 25.4511
2 66 9 2  545.476 516.431 421.343 294.759 306.925
2 66 10 2  137.753 220.06 266.944 215.765 119.86
2 67 1 2  0.399862 0.877617 0.842323 0.593693 0.0331942
2 67 2 2  5760.07 6331.34 7150.9 1252.82 0
2 67 3 2  10.7338 17.2527 26.1483 41.8969 51.8269
2 67 4 2  2.35991 3.41786 3.0671 2.25187 4.96447
2 67 5 2  337.943 1355.62 484.613 0.0264484 8.99418e-08
2 67 6 2  0.00931732 0.0202988 0.0134318 0.00723137 8.17584e-57
2 67 7 2  4855.38 4188.74 3513.12 2422.38 1323.31
2 67 8 2  309.707 483.357 401.896 175.804 24.8161
2 67 9 2  545.162 516.035 420.818 294.098 303.046
2 67 10 2  152.396 240.737 283.725 225.594 126.564
2 68 1 2  0.304363 0.678408 0.665749 0.469055 0.0615118
2 68 2 2  5949.68 6404.74 6992.08 1098.3 0
2 68 3 2  11.7861 18.7026 27.433 45.8879 29.5214
2 68 4 2  2.35989 3.4178 3.06701 2.25177 4.95841
2 68 5 2  247.101 998.244 711.928 0.0186329 6.31847e-08
2 68 6 2  0.00704106 0.013189 0.00822197 0.00357792 1.13034e-57
2 68 7 2  4852.36 4151.27 3475.54 2411.58 1329.86
2 68 8 2  318.508 490.415 396.686 169.32 22.9151
2 68 9 2  544.952 515.77 420.466 293.654 300.378
2 68 10 2  177.916 273.655 309.721 234.274 118.409
2 69 1 2  0.285127 0.577219 0.527366 0.363754 0.0697069
2 69 2 2  6990.57 7204.73 7212.81 1161.99 0
2 69 3 2  10.8858 17.7087 28.9178 49.0492 22.1272
2 69 4 2  2.35988 3.41777 3.06696 2.25169 4.95375
2 69 5 2  306.273 856.11 789.527 0.0131269 4.43878e-08
2 69 6 2  0.0046251 0.00937891 0.00570977 0.0021653 1.56276e-58
2 69 7 2  4994.68 4170.16 3446.45 2396.45 1333.48
2 69 8 2  373.876 557.073 420.154 169.461 22.2208
2 69 9 2  544.812 515.592 420.231 293.357 298.546
2 69 10 2  225.609 347.638 378.045 266.114 126.171
2 70 1 2  0.229255 0.483638 0.438373 0.287335 0.0600403
2 70 2 2  6678.71 7310.74 7709.49 1251.02 0
2 70 3 2  8.60089 14.0575 24.7665 48.376 23.2022
2 70 4 2  2.35988 3.41776 3.06692 2.25164 4.95017
2 70 5 2  288.502 819.236 750.089 0.00924801 3.11828e-08
2 70 6 2  0.00272502 0.00560374 0.00373204 0.00155241 2.16063e-59
2 70 7 2  4968.62 4187.82 3436.7 2381.42 1334.44
2 70 8 2  354.253 554.531 450.296 181.805 22.8396
2 70 9 2  544.717 515.473 420.073 293.158 297.292
2 70 10 2  224.862 357.134 429.534 324.434 151.292
2 71 1 2  0.182826 0.392626 0.36356 0.233705 0.052659
2 71 2 2  6622.73 7244.38 7861.39 1265.69 0
2 71 3 2  7.93048 12.8409 21.2942 48.9419 14.009
2 71 4 2  2.35988 3.41775 3.06691 2.25161 4.94742
2 71 5 2  263.953 758.337 762.036 0.0065153 2.19063e-08
2 71 6 2  0.00173023 0.00343558 0.0022526 0.000945029 2.98727e-60
2 71 7 2  4938.97 4186.57 3433.94 2369.82 1333.5
2 71 8 2  348.366 543.433 447.633 188.161 23.9045
2 71 9 2  544.654 515.393 419.967 293.025 296.434
2 71 10 2  246.164 384.993 451.542 348.875 170.977
2 72 1 2  0.165814 0.333531 0.295965 0.192055 0.0302917
2 72 2 2  7279.47 7719.84 8067.06 1428.49 0
2 72 3 2  6.47608 10.516 18.0607 36.2411 30.7079
2 72 4 2  2.35988 3.41775 3.0669 2.2516 4.94532
2 72 5 2  314.21 746.962 616.677 0.00459009 1.53894e-08
2 72 6 2  0.00107931 0.00249832 0.00163698 0.000729854 4.41579e-05
2 72 7 2  5017.45 4204.78 3433.16 2361.39 1331.51
2 72 8 2  384.745 583.872 457.636 190.015 25.5154
2 72 9 2  544.612 515.339 419.896 292.936 295.848
2 72 10 2  292.781 463.026 528.395 395.362 207.74
2 73 1 2  0.118233 0.262808 0.244177 0.159301 0.0135955
2 73 2 2  5999.68 6980.84 8166.09 1462.52 0
2 73 3 2  5.52583 8.9255 14.3118 26.4203 36.7292
2 73 4 2  2.35988 3.41776 3.0669 2.25159 4.94371
2 73 5 2  246.548 736.591 436.724 0.00323377 1.08113e-08
2 73 6 2  0.000652169 0.00148449 0.00105193 0.000587304 1.59624e-05
2 73 7 2  4841.18 4173.56 3435.01 2355.95 1329.06
2 73 8 2  313.555 514.265 454.544 196.225 26.5544
2 73 9 2  544.584 515.303 419.848 292.876 295.449
2 73 10 2  248.375 407.388 536.678 454.771 249.762
2 74 1 2  0.088003 0.198424 0.194189 0.129278 0.0132758
2 74 2 2  5938.5 6587.71 7674.39 1319.97 0
2 74 3 2  6.23217 9.94102 14.3426 23.2937 28.5744
2 74 4 2  2.35989 3.41776 3.0669 2.25159 4.94249
2 74 5 2  191.266 718.364 309.284 0.00227823 7.59506e-09
2 74 6 2  0.0004732 0.000983897 0.000642447 0.00034162 2.20701e-06
2 74 7 2  4789.57 4123.98 3422.15 2351.56 1326.56
2 74 8 2  310.238 486.713 414.264 186.614 26.2112
2 74 9 2  544.565 515.279 419.816 292.836 295.176
2 74 10 2  285.43 446.534 523.783 430.314 250.53
2 75 1 2  0.0672434 0.150133 0.149825 0.102505 0.0146492
2 75 2 2  5642.27 6293.2 7278.91 1239.19 0
2 75 3 2  5.20388 8.44641 14.0591 23.6951 21.6747
2 75 4 2  2.3599 3.41778 3.06691 2.25159 4.94156
2 75 5 2  148.007 616.08 281.169 0.00160505 5.33564e-09
2 75 6 2  0.000272712 0.000572472 0.000394994 0.000195702 3.05151e-07
2 75 7 2  4735.31 4076.33 3398.73 2344.85 1323.99
2 75 8 2  292.528 462.014 391.831 174.08 24.5993
2 75 9 2  544.552 515.263 419.795 292.809 294.991
2 75 10 2  282.31 449.883 550.012 440.216 239.399
2 76 1 2  0.0567142 0.120451 0.115676 0.0800573 0.0137341
2 76 2 2  6024.42 6456.08 7056.11 1182.85 0
2 76 3 2  5.29606 8.5176 13.2394 22.7933 18.0572
2 76 4 2  2.35991 3.41779 3.06692 2.25159 4.94085
2 76 5 2  136.555 511.898 285.456 0.00113078 3.74837e-09
2 76 6 2  0.000187905 0.000387375 0.000247887 0.000115252 4.21921e-08
2 76 7 2  4799.8 4062.64 3372.3 2334.72 1321.02
2 76 8 2  312.946 478.524 383.698 165.065 23.0454
2 76 9 2  544.543 515.252 419.781 292.791 294.865
2 76 10 2  329.043 513.422 589.552 454.967 242.022
2 77 1 2  0.0451796 0.0970345 0.0918891 0.0625434 0.0118437
2 77 2 2  5803.83 6394.06 7060.57 1178.32 0
2 77 3 2  4.44311 7.21875 12.1565 21.9905 15.9092
2 77 4 2  2.35992 3.41781 3.06694 2.2516 4.94032
2 77 5 2  122.594 435.627 280.794 0.000796657 2.63329e-09
2 77 6 2  0.000110636 0.000230611 0.000156207 7.22221e-05 5.8338e-09
2 77 7 2  4796.85 4060.92 3354.26 2322.69 1317.36
2 77 8 2  299.722 469.606 387.33 163.838 22.0948
2 77 9 2  544.538 515.245 419.771 292.779 294.78
2 77 10 2  327.986 521.885 633.946 497.288 254.8
2 78 1 2  0.0375781 0.0791253 0.0734677 0.0498131 0.00813478
2 78 2 2  5931.47 6445.81 7047.12 1215 0
2 78 3 2  4.09485 6.62135 10.7486 19.1119 17.3574
2 78 4 2  2.35993 3.41783 3.06695 2.25161 4.93992
2 78 5 2  120.852 406.151 221.685 0.000561261 1.84993e-09
2 78 6 2  6.95529e-05 0.000151351 0.000100631 4.88901e-05 8.06635e-10
2 78 7 2  4838.38 4071.27 3343.8 2311.15 1313.04
2 78 8 2  306.747 474.225 385.331 163.503 22.1556
2 78 9 2  544.534 515.24 419.765 292.771 294.722
2 78 10 2  357.894 566.695 671.467 529.197 283.735
2 79 1 2  0.0280209 0.0618609 0.0589769 0.0400615 0.00521116
2 79 2 2  5299.32 6022.81 6959.46 1214.63 0
2 79 3 2  3.32286 5.3844 9.04021 16.4953 17.6827
2 79 4 2  2.35994 3.41785 3.06697 2.25162 4.93962
2 79 5 2  96.9825 376.424 156.999 0.000395421 1.29961e-09
2 79 6 2  3.90346e-05 8.58021e-05 6.13358e-05 3.29736e-05 1.11534e-10
2 79 7 2  4759.19 4059.08 3339.22 2301.64 1308.34
2 79 8 2  272.291 436.663 375.846 163.183 22.2512
2 79 9 2  544.531 515.237 419.76 292.765 294.683
2 79 10 2  327.819 530.59 676.433 562.533 309.211
2 80 1 2  0.0220404 0.04795 0.0460443 0.0314568 0.00271005
2 80 2 2  5126.46 5725.51 6650.81 1245.26 0
2 80 3 2  2.96487 4.80571 7.73223 12.9794 19.9233
2 80 4 2  2.35996 3.41787 3.06699 2.25164 4.9394
2 80 5 2  84.6826 315.453 111.188 0.000278583 9.12997e-10
2 80 6 2  2.30981e-05 5.58108e-05 3.94719e-05 2.16258e-05 2.32178e-06
2 80 7 2  4739.2 4038.71 3330.7 2293.91 1303.59
2 80 8 2  264.859 416.916 353.332 157.218 22.5976
2 80 9 2  544.529 515.235 419.757 292.762 294.656
2 80 10 2  335.687 542.269 670.897 564.889 343.764
2 81 1 2  0.0150578 0.0352408 0.0357436 0.0245792 0.00267448
2 81 2 2  4256.2 5001 6200.79 1073.04 0
2 81 3 2  2.48178 3.99015 6.38259 11.8892 15.4487
2 81 4 2  2.35997 3.41789 3.06701 2.25165 4.93924
2 81 5 2  56.7363 255.416 101.814 0.000196269 6.41398e-10
2 81 6 2  1.58184e-05 3.27943e-05 2.27012e-05 1.26755e-05 7.92398e-07
2 81 7 2  4585.33 3982.5 3315.82 2286.45 1298.96
2 81 8 2  217.737 357.896 323.802 148.001 21.2245
2 81 9 2  544.528 515.233 419.756 292.759 294.638
2 81 10 2  288.85 468.955 620.034 546.374 324.083
2 82 1 2  0.0120602 0.0265628 0.0268068 0.0196299 0.00171078
2 82 2 2  4381.69 4821.67 5659.93 1018.49 0
2 82 3 2  2.38466 3.85198 6.09607 10.1709 13.1788
2 82 4 2  2.35998 3.41791 3.06703 2.25167 4.93912
2 82 5 2  51.4196 213.484 81.753 0.000138277 4.50595e-10
2 82 6 2  9.37108e-06 2.09739e-05 1.43663e-05 7.70237e-06 1.09569e-07
2 82 7 2  4614.8 3944.13 3288.91 2277.03 1294.37
2 82 8 2  225.119 349.567 293.12 133.801 19.8056
2 82 9 2  544.528 515.232 419.754 292.758 294.626
2 82 10 2  318.117 505.14 605.456 502.75 306.716
2 83 1 2  0.00938052 0.0206106 0.020383 0.0150528 0.00144331
2 83 2 2  4372.62 4787.67 5413.63 935.62 0
2 83 3 2  2.35144 3.77828 5.79481 9.48324 11.1046
2 83 4 2  2.36 3.41794 3.06705 2.25168 4.93905
2 83 5 2  41.9383 186.986 57.899 9.74198e-05 3.16552e-10
2 83 6 2  6.277e-06 1.33946e-05 8.96415e-06 4.75796e-06 1.51508e-08
2 83 7 2  4661.92 3939.26 3264.5 2264.74 1289.5
2 83 8 2  225.722 350.262 287.082 124.992 18.0621
2 83 9 2  544.527 515.232 419.753 292.756 294.618
2 83 10 2  332.557 527.5 634.642 511.327 291.436
2 84 1 2  0.00730644 0.0160204 0.0157112 0.0113814 0.00144488
2 84 2 2  4263.79 4704.62 5294.25 906.675 0
2 84 3 2  2.0654 3.33978 5.43391 9.17176 9.34459
2 84 4 2  2.36002 3.41796 3.06708 2.2517 4.939
2 84 5 2  33.2282 161.623 41.0053 6.86353e-05 2.22385e-10
2 84 6 2  3.79666e-06 8.10508e-06 5.5485e-06 2.85692e-06 2.09503e-09
2 84 7 2  4692.26 3949.89 3250.37 2251.83 1284.14
2 84 8 2  219.942 343.843 284.285 122.008 16.9642
2 84 9 2  544.527 515.231 419.753 292.756 294.612
2 84 10 2  333.866 532.434 651.996 528.517 291.609
2 85 1 2  0.00570966 0.0124774 0.0121634 0.0087485 0.00112637
2 85 2 2  4114.64 4567.41 5179.47 900.64 0
2 85 3 2  1.75865 2.84842 4.72852 8.33764 8.77306
2 85 4 2  2.36003 3.41799 3.0671 2.25172 4.93897
2 85 5 2  26.3763 134.934 29.0409 4.83558e-05 1.5623e-10
2 85 6 2  2.21634e-06 4.84173e-06 3.37728e-06 1.78886e-06 2.89701e-10
2 85 7 2  4706.79 3962.89 3245.7 2240.76 1278.44
2 85 8 2  212.252 333.137 277.986 120.036 16.5643
2 85 9 2  544.526 515.231 419.752 292.755 294.608
2 85 10 2  330.665 529.798 655.725 539.582 302.378
2 86 1 2  0.00441027 0.00965038 0.00937721 0.00667848 0.000604027
2 86 2 2  3808.06 4302.5 5018.43 937.974 0
2 86 3 2  1.38108 2.2402 3.77912 6.67626 10.0753
2 86 4 2  2.36004 3.41801 3.06712 2.25174 4.93896
2 86 5 2  21.6498 105.076 20.5675 3.40683e-05 1.09755e-10
2 86 6 2  1.18217e-06 2.87466e-06 2.1146e-06 1.18694e-06 1.27045e-07
2 86 7 2  4682.11 3964.62 3245.99 2232.69 1272.75
2 86 8 2  197.122 313.243 267.367 117.571 16.7313
2 86 9 2  544.526 515.231 419.752 292.755 294.606
2 86 10 2  307.324 502.105 644.491 552.205 333.668
2 87 1 2  0.00319299 0.00726294 0.00723649 0.00530866 0.0002711
2 87 2 2  3489.33 3962.11 4730.73 838.883 0
2 87 3 2  1.35558 2.17437 3.26062 5.57788 8.59575
2 87 4 2  2.36005 3.41803 3.06715 2.25175 4.93896
2 87 5 2  15.3595 83.6048 14.5665 2.40023e-05 7.71057e-11
2 87 6 2  9.12087e-07 1.96535e-06 1.29067e-06 7.30064e-07 4.35985e-08
2 87 7 2  4633.69 3949.52 3244.76 2227.24 1267.45
2 87 8 2  181.246 288.917 249.76 112.023 16.0996
2 87 9 2  544.526 515.231 419.752 292.755 294.604
2 87 10 2  299.871 480.736 605.237 525.185 323.668
2 88 1 2  0.0023558 0.00536686 0.00547833 0.00413927 0.000221274
2 88 2 2  3345.03 3745.74 4417.92 781.262 0
2 88 3 2  1.19785 1.9351 3.1109 5.15525 6.83772
2 88 4 2  2.36006 3.41805 3.06717 2.25177 4.93897
2 88 5 2  11.5005 66.722 10.3164 1.69105e-05 5.41686e-11
2 88 6 2  5.20991e-07 1.14409e-06 8.07104e-07 4.43852e-07 6.02896e-09
2 88 7 2  4625.41 3933.96 3238.62 2222.86 1262.69
2 88 8 2  173.788 274.011 232.998 104.496 15.1129
2 88 9 2  544.526 515.231 419.752 292.754 294.603
2 88 10 2  296.194 474.777 590.766 497.984 299.717
2 89 1 2  0.00187921 0.00412763 0.00412923 0.00309555 0.000328189
2 89 2 2  3579.55 3840.38 4240.98 714.817 0
2 89 3 2  1.28663 2.05943 3.0772 5.01312 5.16287
2 89 4 2  2.36007 3.41806 3.06718 2.25179 4.93898
2 89 5 2  8.96038 49.7267 13.1224 1.19141e-05 3.80548e-11
2 89 6 2  3.7041e-07 7.63427e-07 4.94129e-07 2.49385e-07 8.33714e-10
2 89 7 2  4728.8 3953.47 3233.23 2218.39 1258.43
2 89 8 2  187.337 285.832 228.408 98.406 13.9394
2 89 9 2  544.526 515.231 419.752 292.754 294.602
2 89 10 2  338.018 528.617 614.701 487.699 276.421
2 90 1 2  0.00155132 0.00331627 0.00319384 0.00231558 0.000387583
2 90 2 2  3791.82 4045.29 4288.67 697.974 0
2 90 3 2  1.21556 1.9625 3.12347 5.36318 3.57574
2 90 4 2  2.36008 3.41808 3.0672 2.2518 4.939
2 90 5 2  8.16898 35.8679 18.9893 8.39395e-06 2.67345e-11
2 90 6 2  2.41067e-07 4.86595e-07 3.14689e-07 1.40721e-07 1.15291e-10
2 90 7 2  4843.83 4006.88 3240.61 2215.03 1254.57
2 90 8 2  198.986 303.297 238.182 98.0236 13.1217
2 90 9 2  544.526 515.231 419.752 292.754 294.602
2 90 10 2  367.608 576.382 673.985 516.915 267.255
2 91 1 2  0.00127673 0.00270168 0.00253476 0.00177021 0.000328848
2 91 2 2  3845.51 4165.19 4438.64 742.373 0
2 91 3 2  0.971016 1.58374 2.75743 5.11802 3.57291
2 91 4 2  2.36008 3.41808 3.06721 2.25181 4.93903
2 91 5 2  8.4637 31.577 16.4192 5.91386e-06 1.87817e-11
2 91 6 2  1.38858e-07 2.95385e-07 2.00106e-07 9.20171e-08 1.5943e-11
2 91 7 2  4910.32 4066.55 3263.65 2215.64 1251.29
2 91 8 2  202.111 311.771 249.249 102.011 13.2607
2 91 9 2  544.526 515.231 419.752 292.754 294.601
2 91 10 2  373.814 595.107 720.118 565.254 290.878
2 92 1 2  0.00102362 0.00217712 0.00202547 0.00139655 0.000180614
2 92 2 2  3741.7 4129.62 4544.51 812.128 0
2 92 3 2  0.810608 1.31395 2.206 4.04599 4.72225
2 92 4 2  2.36007 3.41808 3.06722 2.25182 4.93905
2 92 5 2  7.72817 28.0823 11.6286 4.16655e-06 1.31946e-11
2 92 6 2  7.85024e-08 1.82454e-07 1.28745e-07 6.62546e-08 4.08048e-09
2 92 7 2  4917.96 4108.23 3295.11 2221.9 1249.02
2 92 8 2  197.841 309.034 253.67 106.208 14.1481
2 92 9 2  544.526 515.231 419.752 292.754 294.601
2 92 10 2  366.16 591.745 737.861 607.44 340.288
2 93 1 2  0.000735788 0.00165913 0.00160429 0.00110623 8.10635e-05
2 93 2 2  3242.6 3743.22 4448.59 818.952 0
2 93 3 2  0.651783 1.05531 1.73019 3.11365 5.01113
2 93 4 2  2.36007 3.41808 3.06722 2.25183 4.93907
2 93 5 2  5.99153 23.5725 8.23576 2.93549e-06 9.26954e-12
2 93 6 2  4.66858e-08 1.09583e-07 7.89331e-08 4.48386e-08 5.10118e-09
2 93 7 2  4795.09 4097.56 3322.19 2232.96 1248.23
2 93 8 2  171.593 277.655 243.371 107.067 14.8397
2 93 9 2  544.526 515.231 419.752 292.754 294.601
2 93 10 2  318.242 522.354 691.369 612.025 373.444
2 94 1 2  0.000554247 0.00124644 0.00123609 0.000880071 3.63831e-05
2 94 2 2  3250.7 3592.33 4178.25 758.731 0
2 94 3 2  0.699709 1.12582 1.65628 2.57663 4.35492
2 94 4 2  2.36006 3.41807 3.06721 2.25183 4.93909
2 94 5 2  4.73482 19.7366 5.83281 2.06816e-06 6.51208e-12
2 94 6 2  3.59089e-08 8.07952e-08 5.23758e-08 2.82897e-08 2.57775e-09
2 94 7 2  4783.31 4075.84 3332.42 2245.05 1249.03
2 94 8 2  174.031 271.014 226.747 101.328 14.6749
2 94 9 2  544.526 515.23 419.752 292.754 294.601
2 94 10 2  346.165 550.867 665.625 565.507 361.047
2 95 1 2  0.000405852 0.000924468 0.000936321 0.000688585 1.63295e-05
2 95 2 2  3001.46 3385.29 3977.22 727.231 0
2 95 3 2  0.569621 0.921945 1.50308 2.44664 3.83983
2 95 4 2  2.36005 3.41806 3.06721 2.25182 4.9391
2 95 5 2  3.62297 16.1502 4.13096 1.45709e-06 4.5749e-12
2 95 6 2  2.12151e-08 4.91481e-08 3.47453e-08 1.90063e-08 1.81712e-09
2 95 7 2  4724.95 4046.4 3331.21 2254.55 1251.04
2 95 8 2  161.282 255.981 218.016 96.4305 14.0187
2 95 9 2  544.526 515.23 419.752 292.754 294.601
2 95 10 2  319.011 518.658 663.532 566.334 347.708
2 96 1 2  0.000295997 0.000679271 0.000699663 0.000534006 7.32905e-06
2 96 2 2  2799.71 3158.94 3743.95 677.503 0
2 96 3 2  0.503414 0.8125 1.28586 2.16434 3.3654
2 96 4 2  2.36005 3.41805 3.0672 2.25182 4.93911
2 96 5 2  2.69931 13.0793 2.92566 1.02658e-06 3.21398e-12
2 96 6 2  1.39893e-08 3.14874e-08 2.1643e-08 1.24881e-08 5.0324e-10
2 96 7 2  4671.19 4009.26 3319.94 2259.95 1253.59
2 96 8 2  151.143 239.741 205.311 91.6877 13.3198
2 96 9 2  544.526 515.23 419.752 292.754 294.601
2 96 10 2  306.229 494.295 627.136 543.955 338.126
2 97 1 2  0.00021951 0.000500364 0.000517806 0.00040823 3.28944e-06
2 97 2 2  2673.62 2992.72 3517.66 637.586 0
2 97 3 2  0.448847 0.724945 1.1506 1.90403 2.93162
2 97 4 2  2.36005 3.41804 3.06719 2.25181 4.93911
2 97 5 2  2.05592 10.448 2.07203 7.23259e-07 2.2579e-12
2 97 6 2  8.2815e-09 1.8861e-08 1.34033e-08 8.00445e-09 6.95893e-11
2 97 7 2  4644.72 3975.98 3301.37 2260.53 1256.05
2 97 8 2  145.137 228.69 193.778 86.4032 12.6064
2 97 9 2  544.526 515.23 419.752 292.754 294.601
2 97 10 2  299.885 483.192 606.252 518.923 322.71
2 98 1 2  0.00016891 0.000376671 0.000383405 0.000304954 1.47637e-06
2 98 2 2  2678.99 2944.34 3358.8 612.786 0
2 98 3 2  0.42695 0.689679 1.06808 1.68528 2.67692
2 98 4 2  2.36005 3.41804 3.06719 2.25181 4.93911
2 98 5 2  1.63435 8.20315 1.46747 5.09561e-07 1.58623e-12
2 98 6 2  5.32082e-09 1.23242e-08 8.51734e-09 4.83905e-09 3.68882e-10
2 98 7 2  4673.89 3963.15 3281.45 2256.64 1257.84
2 98 8 2  147.029 228.266 187.929 82.1846 11.9846
2 98 9 2  544.526 515.23 419.752 292.754 294.601
2 98 10 2  310.758 498.506 610.187 510.131 315.559
2 99 1 2  0.000122365 0.000279547 0.000286132 0.000225985 6.62628e-07
2 99 2 2  2400.8 2734.63 3230.83 594.036 0
2 99 3 2  0.336491 0.544836 0.895166 1.51857 2.48268
2 99 4 2  2.36006 3.41805 3.06718 2.25181 4.93911
2 99 5 2  1.20727 6.34462 1.0393 3.59004e-07 1.11436e-12
2 99 6 2  3.28816e-09 7.66784e-09 5.41361e-09 3.0606e-09 3.6098e-10
2 99 7 2  4612.66 3942 3265.21 2250.01 1258.64
2 99 8 2  132.185 211.504 181.99 80.0686 11.5352
2 99 9 2  544.526 515.23 419.752 292.754 294.601
2 99 10 2  276.498 452.034 589.644 513.897 317.213
2 100 1 2  9.08747e-05 0.000206571 0.000211918 0.000164085 2.97402e-07
2 100 2 2  2254.76 2546.76 3034.4 579.659 0
2 100 3 2  0.291602 0.473216 0.750677 1.23126 2.40157
2 100 4 2  2.36006 3.41806 3.06719 2.2518 4.93911
2 100 5 2  0.936033 4.75682 0.736065 2.52932e-07 7.82867e-13
2 100 6 2  2.101e-09 5.15707e-09 3.61646e-09 2.02242e-09 3.51524e-10
2 100 7 2  4582.06 3915.57 3247.47 2241.88 1258.4
2 100 8 2  125.368 198.657 170.294 76.4736 11.3105
2 100 9 2  544.526 515.23 419.752 292.754 294.601
2 100 10 2  266.422 434.016 553.908 488.761 322.667
2 101 1 2  6.47056e-05 0.000150473 0.000156682 0.000121242 1.3348e-07
2 101 2 2  2012.05 2308.33 2815.59 524.565 0
2 101 3 2  0.25111 0.40577 0.631992 1.05282 2.06187
2 101 4 2  2.36007 3.41807 3.06719 2.25181 4.9391
2 101 5 2  0.662733 3.60126 0.521305 1.782e-07 5.49984e-13
2 101 6 2  1.45968e-09 3.38758e-09 2.33071e-09 1.32581e-09 2.08537e-10
2 101 7 2  4512.9 3878.62 3227.26 2232.33 1257.17
2 101 8 2  112.543 180.684 158.049 71.7794 10.7076
2 101 9 2  544.526 515.23 419.752 292.754 294.601
2 101 10 2  243.08 395.864 514.306 459.586 303.537
2 102 1 2  4.62174e-05 0.00010808 0.000114599 9.11359e-05 5.9909e-08
2 102 2 2  1838.54 2099.92 2571.94 474.087 0
2 102 3 2  0.215298 0.347818 0.553162 0.923318 1.67007
2 102 4 2  2.36008 3.41808 3.06721 2.25181 4.93911
2 102 5 2  0.471363 2.74979 0.369206 1.25549e-07 3.86377e-13
2 102 6 2  9.10343e-10 2.08214e-09 1.4653e-09 8.35807e-10 9.3165e-11
2 102 7 2  4464.77 3837.81 3202.35 2221.06 1254.97
2 102 8 2  103.181 164.971 144.11 66.1092 9.91785
2 102 9 2  544.526 515.23 419.752 292.754 294.601
2 102 10 2  226.433 367.39 473.56 420.507 275.605
2 103 1 2  3.54682e-05 8.00166e-05 8.34399e-05 6.85021e-05 2.68885e-08
2 103 2 2  1907.62 2080.28 2392.23 429.558 0
2 103 3 2  0.224808 0.361558 0.539811 0.833371 1.34311
2 103 4 2  2.3601 3.4181 3.06722 2.25182 4.93911
2 103 5 2  0.359696 2.11979 0.261485 8.84542e-08 2.7144e-13
2 103 6 2  6.52592e-10 1.45077e-09 9.55562e-10 5.29596e-10 2.14355e-11
2 103 7 2  4541.74 3832 3177.27 2207.75 1251.81
2 103 8 2  108.313 166.871 136.595 60.692 9.05134
2 103 9 2  544.526 515.23 419.752 292.754 294.601
2 103 10 2  247.919 393.463 471.255 392.454 247.876
2 104 1 2  2.79468e-05 6.16412e-05 6.22026e-05 4.95377e-05 3.5565e-06
2 104 2 2  2087.03 2209.45 2361.52 389.703 0
2 104 3 2  0.249271 0.397317 0.577214 0.891622 0.923383
2 104 4 2  2.36011 3.41812 3.06724 2.25183 4.93912
2 104 5 2  0.26918 1.50351 0.453353 6.23197e-08 1.90694e-13
2 104 6 2  4.84818e-10 9.79594e-10 6.20278e-10 3.01967e-10 2.96429e-12
2 104 7 2  4692.76 3878.88 3166.3 2194.09 1247.67
2 104 8 2  119.658 180.862 140.69 58.6125 8.1887
2 104 9 2  544.526 515.23 419.752 292.754 294.6
2 104 10 2  285.722 444.838 511.162 397.006 221.108
2 105 1 2  2.35728e-05 4.95099e-05 4.74268e-05 3.6509e-05 2.79492e-06
2 105 2 2  2176.27 2338.04 2463.43 437.063 0
2 105 3 2  0.193648 0.314514 0.540609 0.881553 0.999216
2 105 4 2  2.36012 3.41814 3.06726 2.25184 4.93913
2 105 5 2  0.287542 1.15711 0.426526 4.3907e-08 1.33968e-13
2 105 6 2  2.67189e-10 6.26059e-10 4.34323e-10 2.12034e-10 1.48483e-11
2 105 7 2  4813.21 3953.72 3178.78 2184.21 1242.89
2 105 8 2  125.771 192.415 151.015 61.1425 8.21571
2 105 9 2  544.526 515.23 419.752 292.754 294.6
2 105 10 2  289.396 466.074 567.314 447.552 244.549
2 106 1 2  1.69408e-05 3.80942e-05 3.71566e-05 2.81906e-05 1.25442e-06
2 106 2 2  1935.69 2200.08 2511.2 440.466 0
2 106 3 2  0.157838 0.255013 0.418103 0.764457 1.00227
2 106 4 2  2.36012 3.41815 3.06727 2.25186 4.93915
2 106 5 2  0.21937 0.976945 0.302084 3.09344e-08 9.41161e-14
2 106 6 2  1.70704e-10 3.7735e-10 2.63955e-10 1.48604e-10 5.17614e-12
2 106 7 2  4751.23 3989.8 3207.4 2181.8 1238.24
2 106 8 2  112.115 179.315 152.636 64.4927 8.56261
2 106 9 2  544.526 515.23 419.752 292.754 294.6
2 106 10 2  257.282 418.53 545.361 470.287 269.633
2 107 1 2  1.27772e-05 2.86663e-05 2.85668e-05 2.20185e-05 5.63014e-07
2 107 2 2  1969.24 2160.34 2440.22 431.354 0
2 107 3 2  0.15582 0.250994 0.387161 0.643434 0.887692
2 107 4 2  2.36012 3.41816 3.06728 2.25187 4.93917
2 107 5 2  0.176049 0.817921 0.213949 2.17947e-08 6.61192e-14
2 107 6 2  1.0769e-10 2.3909e-10 1.64062e-10 9.23994e-11 7.15809e-13
2 107 7 2  4773.72 4009.54 3233.16 2186.29 1234.63
2 107 8 2  114.938 178.154 146.756 63.6718 8.78426
2 107 9 2  544.526 515.23 419.752 292.754 294.6
2 107 10 2  275.541 438.279 530.812 444.597 268.91
2 108 1 2  9.3875e-06 2.13458e-05 2.1684e-05 1.65733e-05 9.3275e-07
2 108 2 2  1896.19 2103.3 2386.7 413.076 0
2 108 3 2  0.13633 0.220094 0.354684 0.601681 0.735301
2 108 4 2  2.36012 3.41816 3.06729 2.25188 4.93919
2 108 5 2  0.132674 0.681504 0.151527 1.53553e-08 4.64506e-14
2 108 6 2  6.45107e-11 1.39555e-10 9.81709e-11 5.49537e-11 9.89892e-14
2 108 7 2  4760.28 4018.92 3254.22 2194.6 1232.53
2 108 8 2  111.056 174.002 144.54 62.2767 8.61524
2 108 9 2  544.526 515.23 419.752 292.754 294.6
2 108 10 2  266.54 427.55 533.446 443.539 256.846
2 109 1 2  7.72261e-06 1.66857e-05 1.64311e-05 1.22956e-05 1.31562e-06
2 109 2 2  2117.95 2236.9 2375.35 400.011 0
2 109 3 2  0.148601 0.238153 0.355374 0.569014 0.59515
2 109 4 2  2.36011 3.41815 3.06729 2.25188 4.93921
2 109 5 2  0.108662 0.572138 0.107318 1.08185e-08 3.26328e-14
2 109 6 2  4.61764e-11 9.67117e-11 6.19517e-11 3.11979e-11 1.36892e-14
2 109 7 2  4877.57 4055.46 3272.08 2204.42 1231.98
2 109 8 2  125.417 189.089 147.004 61.2936 8.37425
2 109 9 2  544.526 515.23 419.752 292.754 294.6
2 109 10 2  314.557 491.221 564.154 442.155 248.144
2 110 1 2  6.34394e-06 1.34898e-05 1.28192e-05 9.23661e-06 1.30448e-06
2 110 2 2  2242.24 2387.07 2482.31 413.503 0
2 110 3 2  0.136295 0.22017 0.352448 0.572497 0.516155
2 110 4 2  2.3601 3.41814 3.06728 2.25188 4.93922
2 110 5 2  0.0876812 0.477175 0.0760064 7.62207e-09 2.29255e-14
2 110 6 2  2.95827e-11 6.25421e-11 4.10507e-11 1.95546e-11 1.89305e-15
2 110 7 2  4965.07 4111.96 3297.7 2215.51 1232.77
2 110 8 2  133.847 203.606 158.279 63.6695 8.34167
2 110 9 2  544.526 515.23 419.752 292.754 294.6
2 110 10 2  334.38 528.735 625.813 483.747 254.226
2 111 1 2  5.16026e-06 1.09155e-05 1.01683e-05 7.17748e-06 7.53355e-07
2 111 2 2  2279.99 2469.29 2617.02 462.309 0
2 111 3 2  0.113063 0.183273 0.305973 0.517109 0.60351
2 111 4 2  2.36009 3.41812 3.06727 2.25188 4.93923
2 111 5 2  0.0730452 0.377953 0.0538304 5.37006e-09 1.61057e-14
2 111 6 2  1.72978e-11 4.00977e-11 2.77217e-11 1.39702e-11 8.55618e-13
2 111 7 2  4997.34 4160.93 3331.06 2229.33 1234.84
2 111 8 2  137.427 211.627 168.294 68.2526 8.925
2 111 9 2  544.526 515.23 419.752 292.754 294.6
2 111 10 2  337.531 543.256 666.082 536.408 295.612
2 112 1 2  3.74982e-06 8.40502e-06 8.10123e-06 5.78454e-06 3.38122e-07
2 112 2 2  2106.2 2362.45 2660.93 464.508 0
2 112 3 2  0.0989699 0.159589 0.254249 0.447041 0.583821
2 112 4 2  2.36007 3.4181 3.06726 2.25187 4.93924
2 112 5 2  0.0521145 0.297863 0.0381244 3.78341e-09 1.13147e-14
2 112 6 2  1.15036e-11 2.52533e-11 1.72515e-11 9.50216e-12 2.99501e-13
2 112 7 2  4909.81 4166.66 3362.73 2246.12 1238.27
2 112 8 2  127.499 201.843 169.496 71.5488 9.46819
2 112 9 2  544.526 515.23 419.752 292.754 294.6
2 112 10 2  315.953 510.102 649.378 552.402 318.433
2 113 1 2  2.76731e-06 6.27403e-06 6.27436e-06 4.53842e-06 3.09229e-07
2 113 2 2  2075.75 2292.69 2596.43 451.302 0
2 113 3 2  0.0916566 0.147741 0.233316 0.396483 0.494412
2 113 4 2  2.36006 3.41807 3.06724 2.25186 4.93924
2 113 5 2  0.0383785 0.234878 0.0270007 2.66555e-09 7.94886e-15
2 113 6 2  7.00262e-12 1.52154e-11 1.05548e-11 5.79312e-12 4.14161e-14
2 113 7 2  4858.56 4146.52 3379.93 2263.41 1243.04
2 113 8 2  126.172 197.035 163.83 70.9298 9.6776
2 113 9 2  544.526 515.23 419.752 292.754 294.6
2 113 10 2  320.961 512.216 631.071 529.868 312.791
2 114 1 2  2.20508e-06 4.84108e-06 4.79719e-06 3.45922e-06 4.33051e-07
2 114 2 2  2260.19 2400.61 2570.28 424.321 0
2 114 3 2  0.0987029 0.157842 0.235336 0.390027 0.359549
2 114 4 2  2.36004 3.41805 3.06721 2.25184 4.93923
2 114 5 2  0.0292163 0.166761 0.0484714 1.87797e-09 5.58427e-15
2 114 6 2  4.9864e-12 1.012e-11 6.49855e-12 3.17919e-12 5.7271e-15
2 114 7 2  4909.09 4144.34 3385.1 2277.79 1248.78
2 114 8 2  138.533 210.089 165.162 69.3344 9.4061
2 114 9 2  544.526 515.23 419.752 292.754 294.6
2 114 10 2  366.8 572.254 662.688 521.408 289.787
2 115 1 2  1.85758e-06 3.91621e-06 3.72212e-06 2.64841e-06 3.86998e-07
2 115 2 2  2426.42 2573.99 2670.07 449.649 0
2 115 3 2  0.0861634 0.139699 0.230041 0.381829 0.334241
2 115 4 2  2.36003 3.41802 3.06719 2.25183 4.93921
2 115 5 2  0.0301569 0.133754 0.0458473 1.32309e-09 3.92308e-15
2 115 6 2  3.04401e-12 6.56367e-12 4.3403e-12 2.04674e-12 7.91945e-16
2 115 7 2  4972.98 4166.16 3390.59 2288.57 1254.85
2 115 8 2  149.77 227.348 176.425 71.3184 9.40628
2 115 9 2  544.526 515.23 419.752 292.754 294.6
2 115 10 2  390.915 619.585 733.741 567.146 299.622
2 116 1 2  1.43555e-06 3.10186e-06 2.93286e-06 2.03487e-06 2.11844e-07
2 116 2 2  2242.2 2507.51 2776.9 507.752 0
2 116 3 2  0.0624805 0.101406 0.176836 0.319376 0.433496
2 116 4 2  2.36001 3.418 3.06716 2.25181 4.93919
2 116 5 2  0.0262131 0.108816 0.0324699 9.32161e-10 2.75605e-15
2 116 6 2  1.56827e-12 3.81326e-12 2.81555e-12 1.51747e-12 1.53395e-13
2 116 7 2  4894.48 4162.73 3399.28 2297.51 1260.81
2 116 8 2  139.131 220.009 183.044 76.0823 10.1245
2 116 9 2  544.526 515.23 419.752 292.754 294.6
2 116 10 2  346.741 569.555 741.022 627.817 359.152
2 117 1 2  1.03073e-06 2.34181e-06 2.29675e-06 1.61017e-06 9.50803e-08
2 117 2 2  2027.42 2306.59 2708.01 489.865 0
2 117 3 2  0.0572417 0.0922755 0.142202 0.247921 0.415962
2 117 4 2  2.36 3.41798 3.06714 2.25179 4.93917
2 117 5 2  0.0194806 0.0883037 0.0229957 6.56735e-10 1.93619e-15
2 117 6 2  1.12384e-12 2.53985e-12 1.7244e-12 9.87379e-13 9.55851e-14
2 117 7 2  4763.51 4116.23 3398.34 2304.95 1266.52
2 117 8 2  126.447 202.185 174.714 76.7437 10.6067
2 117 9 2  544.526 515.23 419.752 292.754 294.6
2 117 10 2  323.495 524.298 676.527 601.257 376.719
2 118 1 2  7.52566e-07 1.72497e-06 1.75315e-06 1.26881e-06 7.64938e-08
2 118 2 2  1978.48 2198.07 2555.96 450.02 0
2 118 3 2  0.0551367 0.0886489 0.135858 0.221695 0.326057
2 118 4 2  2.36 3.41796 3.06712 2.25177 4.93914
2 118 5 2  0.0144534 0.0729288 0.0162859 4.62689e-10 1.36021e-15
2 118 6 2  7.39038e-13 1.6042e-12 1.08779e-12 5.99978e-13 2.14601e-14
2 118 7 2  4698.21 4059.06 3380.63 2308.47 1271.76
2 118 8 2  123.956 194.339 163.809 72.8842 10.3692
2 118 9 2  544.526 515.23 419.752 292.754 294.6
2 118 10 2  328.072 523.614 646.922 552.005 343.26
2 119 1 2  5.89766e-07 1.3039e-06 1.3125e-06 9.78618e-07 4.61556e-08
2 119 2 2  2008.14 2193.58 2464.89 447.721 0
2 119 3 2  0.048898 0.0791292 0.126995 0.202617 0.298825
2 119 4 2  2.35999 3.41796 3.06711 2.25176 4.93911
2 119 5 2  0.0118668 0.0580876 0.0115339 3.25977e-10 9.55578e-16
2 119 6 2  4.36243e-13 1.01648e-12 7.1086e-13 3.83444e-13 3.05397e-14
2 119 7 2  4699.54 4021.38 3353.32 2306.08 1276.04
2 119 8 2  126.889 196.35 160.369 69.5903 10.022
2 119 9 2  544.526 515.23 419.752 292.754 294.6
2 119 10 2  333.526 536.552 659.839 547.471 333.335
2 120 1 2  4.31613e-07 9.77054e-07 9.85991e-07 7.32387e-07 2.07156e-08
2 120 2 2  1795.65 2043.64 2397.62 450.116 0
2 120 3 2  0.0372941 0.0604845 0.100262 0.172843 0.304062
2 120 4 2  2.36 3.41795 3.0671 2.25175 4.93908
2 120 5 2  0.00906886 0.0444193 0.00816852 2.2966e-10 6.71313e-16
2 120 6 2  2.60722e-13 6.3335e-13 4.55458e-13 2.58868e-13 3.93388e-14
2 120 7 2  4609.63 3975.72 3324.67 2298.41 1278.87
2 120 8 2  114.024 182.467 156.72 68.5951 9.87333
2 120 9 2  544.526 515.23 419.752 292.754 294.6
2 120 10 2  291.017 478.891 631.972 557.603 349.997
2 121 1 2  3.04956e-07 7.11651e-07 7.40214e-07 5.46971e-07 4.3647e-08
2 121 2 2  1686.1 1897.84 2249.74 385.182 0
2 121 3 2  0.037907 0.0604285 0.0889248 0.156052 0.221033
2 121 4 2  2.36001 3.41796 3.0671 2.25174 4.93905
2 121 5 2  0.00606679 0.0328191 0.00972964 1.61802e-10 4.71612e-16
2 121 6 2  2.05166e-13 4.1914e-13 2.72451e-13 1.46971e-13 1.1397e-14
2 121 7 2  4543.77 3923.06 3291.36 2286.61 1279.97
2 121 8 2  107.346 170.051 145.883 65.2974 9.29896
2 121 9 2  544.526 515.23 419.752 292.754 294.6
2 121 10 2  290.234 461.163 576.165 503.309 312.776
2 122 1 2  2.50305e-07 5.46483e-07 5.5149e-07 4.09331e-07 6.13781e-08
2 122 2 2  1883.07 1992.51 2160.62 357.082 0
2 122 3 2  0.0397871 0.0638623 0.0966497 0.159017 0.141245
2 122 4 2  2.36002 3.41797 3.0671 2.25174 4.93902
2 122 5 2  0.00549461 0.0239357 0.0130622 1.13995e-10 3.31318e-16
2 122 6 2  1.33534e-13 2.70675e-13 1.74494e-13 7.96171e-14 1.57595e-15
2 122 7 2  4646.44 3916.11 3258.29 2271.1 1279.25
2 122 8 2  120.314 181.871 143.136 61.3183 8.57724
2 122 9 2  544.526 515.23 419.752 292.754 294.6
2 122 10 2  336.701 524.173 602.891 473.261 268.283
2 123 1 2  2.17086e-07 4.5157e-07 4.25948e-07 3.07426e-07 5.56978e-08
2 123 2 2  2082.86 2186.23 2239.54 369.747 0
2 123 3 2  0.0358454 0.0580959 0.0949886 0.160334 0.120587
2 123 4 2  2.36003 3.41799 3.06712 2.25174 4.93901
2 123 5 2  0.00588348 0.0215356 0.011111 8.0313e-11 2.32758e-16
2 123 6 2  8.43254e-14 1.76771e-13 1.14834e-13 5.11147e-14 2.17922e-16
2 123 7 2  4786.79 3962.01 3242.55 2254.46 1276.72
2 123 8 2  133.948 201.719 154.209 62.0301 8.24679
2 123 9 2  544.526 515.23 419.752 292.754 294.6
2 123 10 2  369.346 581.347 677.688 515.021 267.096
3 1 1 2  10536.2 5268.88 6635.29 3746.5 421.135
3 1 2 2  0.0103783 495.981 927.657 131.88 0.286011
3 1 3 2  7246.14 4566.9 1904.85 497.776 724.508
3 1 4 2  178.799 42.2657 6.13125 0.361288 32.2849
3 1 5 2  10089.6 6723.37 17473.2 4846.47 5690.97
3 1 6 2  18634.2 12554.3 9041.61 1788.93 169.397
3 1 7 2  3.95503e-30 39579.1 10963.6 41521.9 4012.25
3 1 8 2  15218.6 8617.27 5767.68 1493.49 93.5072
3 1 9 2  1354.58 319.015 551.007 2130.04 761.308
3 1 10 2  62607.5 48209.2 33105 13508.5 3172.15
3 2 1 2  9108.96 6746.95 5154.31 3698.68 1154.1
3 2 2 2  9971.47 3476.64 1014.88 99.934 2.11366e-06
3 2 3 2  2827.07 2708.94 4524.5 394.119 319.523
3 2 4 2  132.412 62.9255 26.9221 6.46781 25.53
3 2 5 2  15627.2 13904.3 14282.4 10111.5 3995.85
3 2 6 2  24894 17642 5126.52 240.156 21.8906
3 2 7 2  54534.4 29011.2 17445.6 32654.5 8047.36
3 2 8 2  11434.3 7753.46 5285.24 1891.15 158.91
3 2 9 2  1585.86 550.08 402.05 1022.01 1126.29
3 2 10 2  63167.8 45054.4 39718.8 20687.3 4656.41
3 3 1 2  9043.83 6515.58 4602.13 3060.85 1304.35
3 3 2 2  7607.11 3879.06 2046.58 203.94 7.89855e-12
3 3 3 2  734.807 900.846 3353.21 1034.28 132.73
3 3 4 2  99.4725 58.8444 37.5017 15.8585 23.6269
3 3 5 2  15387.1 15120.1 16222.9 12971.8 2785.53
3 3 6 2  37714.7 27643.8 6683.55 31.3336 2.72402
3 3 7 2  70292.7 27500.8 19373 26859.6 10262.6
3 3 8 2  11665.6 7319.29 4480.81 1624.08 160.935
3 3 9 2  7522.54 1993.18 660.947 556.127 986.27
3 3 10 2  46927.1 35352.3 34789.5 20207.2 5206.84
3 4 1 2  15711.9 9945.99 5100.14 2633.16 1213.1
3 4 2 2  3550.51 2395.89 2120.84 424.482 7.28608e-17
3 4 3 2  16640.5 10286.4 5555.31 777.108 53.7009
3 4 4 2  76.1877 49.1924 38.1776 21.8454 26.3584
3 4 5 2  6708.23 9251.92 15500.5 16358.5 1935.16
3 4 6 2  29481.8 22604.1 6900.49 3.93184 0.324788
3 4 7 2  80118.7 28532 20274.7 22811.2 11290
3 4 8 2  11692.6 7300.15 4288.2 1440.64 140.013
3 4 9 2  5222.68 2191.51 1304.74 596.825 787.77
3 4 10 2  80242 51837 35921.4 17714.7 4700.17
3 5 1 2  14456.6 10132.2 5995.31 2689.03 1041.21
3 5 2 2  1771.87 1256.65 1493.4 542.232 6.8432e-18
3 5 3 2  50468 33380.3 19601.2 1955.88 20.5082
3 5 4 2  59.8468 39.0176 32.9904 22.472 29.3435
3 5 5 2  3768.39 5056.06 11072.8 17407.9 1336.46
3 5 6 2  65122.7 45164.7 9364.79 0.474877 0.0371254
3 5 7 2  90498.5 30685.5 21080.8 19968.5 11545
3 5 8 2  12675 7648.96 4133.49 1254.64 112.525
3 5 9 2  3689.84 1684.17 1327.13 741.249 676.067
3 5 10 2  47582.7 37236.9 36745.9 18597.2 4017.1
3 6 1 2  8698.77 7248.59 5630.91 2873.67 974.967
3 6 2 2  973.835 648.618 875.374 460.361 1.35155e-18
3 6 3 2  9385.47 11315.7 25929.8 9039.87 7.86249
3 6 4 2  48.4193 31.3332 27.4327 20.625 31.5812
3 6 5 2  5809.32 5328.2 8253.28 15137.4 924.056
3 6 6 2  27426.5 24663 10089.3 0.0564634 0.00418264
3 6 7 2  97884.9 33345.3 22354.1 18284.7 11492.1
3 6 8 2  11047.5 7086.23 4201.44 1284.88 108.607
3 6 9 2  2639.78 1245.84 1110.67 758.887 656.9
3 6 10 2  27102.7 22060.6 25637.8 16600.1 4446.36
3 7 1 2  6887.01 5598.11 4722.32 2937.91 1066
3 7 2 2  934.336 499.018 533.687 337.61 2.85575e-19
3 7 3 2  29004.3 19881.9 20665.4 12784.3 3.3934
3 7 4 2  40.4906 26.2717 23.6676 18.9323 34.2604
3 7 5 2  9497.6 8111.92 8184.11 12589.7 644.665
3 7 6 2  32197 25231.7 8308.24 0.00737513 0.000526741
3 7 7 2  102113 35947.7 24215.2 17690.8 11460.7
3 7 8 2  8847.12 6000.13 4089.48 1468.8 137.394
3 7 9 2  4420.32 1546.48 1041.08 741.941 703.961
3 7 10 2  24608.9 18081.5 18354.3 13212.6 4725.63
3 8 1 2  10647.7 6766.62 4121.6 2543.7 997.569
3 8 2 2  3474.12 1365.34 561.167 54.3748 3.56613e-49
3 8 3 2  5818.83 6285.71 17025 16710.5 1.43285
3 8 4 2  34.8614 22.0246 19.7961 16.4015 34.6275
3 8 5 2  16224.2 12869.4 10761.5 9327.13 448.977
3 8 6 2  26226 22647.6 7957.91 601.838 6.63423e-05
3 8 7 2  109478 38450.9 26095.1 17676.2 11388.2
3 8 8 2  8917.73 5653.39 3549.38 1323.71 141.901
3 8 9 2  3205.87 1425.35 1102.59 729.979 709.129
3 8 10 2  32657 22340.3 17654.6 10227.3 3759.47
3 9 1 2  7699.32 5936.5 4174.39 2278.58 843.474
3 9 2 2  4316.35 1973.4 956.54 105.245 9.4759e-110
3 9 3 2  18429.6 12815.6 12303.5 15696 0.586288
3 9 4 2  30.8281 18.8182 16.4685 13.724 33.0748
3 9 5 2  8715.46 11171.7 14085.4 6434.9 312.138
3 9 6 2  41864.7 34188.6 9690.37 880.793 8.00944e-06
3 9 7 2  114212 40727.7 27930.4 18012.3 11300.8
3 9 8 2  8284.04 5304.53 3280.83 1161.8 125.873
3 9 9 2  2405.85 1121.86 984.879 707.487 694.846
3 9 10 2  19044.1 15182.5 16567.4 10268.7 3258.1
3 10 1 2  15427.2 9422.07 4573.97 2108.93 755.572
3 10 2 2  7354.94 3150.71 1435.37 238.005 1.78651e-114
3 10 3 2  11397.5 9098.1 13420.9 12976.9 0.245642
3 10 4 2  27.848 16.5781 14.1018 11.6043 30.9636
3 10 5 2  5735.67 7605.71 13389.2 7481.59 216.676
3 10 6 2  23453 20175.4 8584.75 306.414 9.87141e-07
3 10 7 2  117919 42467 29346.4 18307.3 11052.9
3 10 8 2  7704.21 4946.33 3084.83 1088.16 112.895
3 10 9 2  1856.59 869.937 806.954 636.008 669.721
3 10 10 2  14353.6 10908.3 11718.4 8249.5 2837.44
3 11 1 2  10001.5 7762.35 5086.37 2162.48 652.037
3 11 2 2  3315.6 2181.06 1763.92 405.063 8.5736e-116
3 11 3 2  3863.78 3887.47 10061.8 10068.6 0.0953402
3 11 4 2  25.5352 14.5583 11.7854 9.41107 26.8776
3 11 5 2  5646.03 6127.31 10608.6 9097.01 149.211
3 11 6 2  56572.3 40674.1 9504.15 37.7954 1.13987e-07
3 11 7 2  122938 43881.7 30276.1 18459.4 10677.6
3 11 8 2  7836.73 4819.69 2730.4 880.997 85.4051
3 11 9 2  5678.63 1626.49 762.811 502.082 570.529
3 11 10 2  51719.2 31417.4 16607.8 6111.13 1694.71
3 12 1 2  15534.6 10034.1 5318 2261.49 644.501
3 12 2 2  4218 2041.1 1499.37 426.305 4.52735e-117
3 12 3 2  10066.3 6945.7 7769.65 7936.62 0.0402728
3 12 4 2  23.8228 13.5396 10.7323 8.27752 24.404
3 12 5 2  5801.09 5895.21 8904.43 9330.89 103.253
3 12 6 2  34913.2 29346.9 10783.5 4.87133 1.38548e-08
3 12 7 2  124390 45181.3 31213.6 18666.4 10334.6
3 12 8 2  7348.24 4702.57 2861.29 943.122 87.4913
3 12 9 2  3975.03 1711.86 1115.52 562.405 520.934
3 12 10 2  50152.8 35585.4 28750 12554.1 2452.84
3 13 1 2  11930.3 8551.12 5133.44 2093.52 542.541
3 13 2 2  3724.75 1906.11 1389.22 344.863 1.19635e-118
3 13 3 2  2710.19 2825.4 6774.47 6461.35 0.0152452
3 13 4 2  22.497 12.2018 9.21359 6.86035 20.2758
3 13 5 2  5892.53 5914.86 8082.91 8768.04 70.6643
3 13 6 2  26733 22094.3 8331.56 0.597435 1.57998e-09
3 13 7 2  123177 45266.3 31493.8 18587.1 9866.26
3 13 8 2  7882.31 4728.32 2520.87 755.169 67.6077
3 13 9 2  2832.4 1258.11 996.676 589.197 461.091
3 13 10 2  27750 22342.7 23914.4 13022.8 2797.23
3 14 1 2  10608.9 7078.95 3905.63 1529.25 344.17
3 14 2 2  3214.62 1727.32 1225.77 140.896 0
3 14 3 2  11718.5 8141.83 6810.08 5938.43 0.00507747
3 14 4 2  263.296 67.5792 15.91 6.02598 16.0087
3 14 5 2  8345.93 7186.12 8329.21 6616.8 47.8312
3 14 6 2  20455.7 18408.5 6961.82 632.074 1.57862e-10
3 14 7 2  123051 44657.5 30772.2 17892.5 9114.52
3 14 8 2  7518.23 4584.82 2404.94 639.822 50.6224
3 14 9 2  2059.95 890.502 722.834 482.903 386.898
3 14 10 2  27495.6 19662.2 17233.8 9549.23 2502.33
3 15 1 2  7454.04 5514.93 3316.7 1272.33 278.359
3 15 2 2  1139.77 947.118 1068.54 150.249 0
3 15 3 2  6960.5 5720.34 8582.58 5432.91 0.00178007
3 15 4 2  192.277 89.8857 39.8837 12.3911 14.0902
3 15 5 2  7451.39 7745.75 8978.56 6796.96 32.4535
3 15 6 2  56495.9 39586.6 8687.8 218.05 1.64039e-11
3 15 7 2  119984 43968.4 30193.4 17308.5 8489.09
3 15 8 2  6378.46 4031.99 2264.17 621.845 45.3424
3 15 9 2  1977.35 759.825 549.678 374.388 323.928
3 15 10 2  19736.3 14753.5 14041.5 7582.15 1805.87
3 16 1 2  3843.28 3344.12 2657.69 1262.11 302.338
3 16 2 2  348.862 370.911 628.652 81.1729 0
3 16 3 2  34700.7 23093 14911.2 5550.16 0.000620623
3 16 4 2  141.842 81.1091 50.3174 22.0575 16.7947
3 16 5 2  9249.83 8667.34 9545.17 7317.04 22.2488
3 16 6 2  62125 47953.6 13048.5 24.7338 1.70442e-12
3 16 7 2  116979 43823.1 30881.7 17833 8529.17
3 16 8 2  6033.12 3720.45 2030.59 565.709 42.3515
3 16 9 2  2626.6 880.427 507.045 307.792 275.239
3 16 10 2  17140.1 12366.6 10988.7 5841.04 1394
3 17 1 2  4413.83 2640.02 1420.15 698.387 182.156
3 17 2 2  174.63 150.291 313.115 45.8481 0
3 17 3 2  5308.6 5917.45 15354.1 10988.7 0.000170533
3 17 4 2  105.832 61.7667 43.028 23.4379 19.2493
3 17 5 2  7067.85 7787.76 10400.7 5614.15 14.9219
3 17 6 2  16558.5 17679.9 9431.63 933.053 1.43923e-13
3 17 7 2  111896 41886.1 29916.6 17466.9 8221.96
3 17 8 2  7776.88 4273.65 1768.56 372.112 24.7677
3 17 9 2  1939.63 714.072 430.985 230.182 186.958
3 17 10 2  17773 12179.3 8940.67 3727.69 724.093
3 18 1 2  3772.59 2645.33 1448.4 546.052 125.681
3 18 2 2  10506 3812.68 913.915 54.746 0
3 18 3 2  4252.75 3313.92 6911.37 12251.1 6.13457e-05
3 18 4 2  80.777 51.0954 39.9505 25.1364 25.0446
3 18 5 2  7258.78 7568.37 10953.4 3836.57 10.1976
3 18 6 2  21522 18309.7 6397.07 890.073 1.43414e-14
3 18 7 2  104279 40385.3 29323 17274 8050.17
3 18 8 2  6551.47 4208.16 2388.61 616.524 39.4944
3 18 9 2  2717.77 925.35 497.657 244.948 174.002
3 18 10 2  23435.1 16049.7 12015.9 5483.16 1262.18
3 19 1 2  2143.96 1904.15 1446.87 621.309 141.955
3 19 2 2  24290.6 10060.2 3194.59 208.597 0
3 19 3 2  6236.39 4428.29 5555.27 8232.79 2.71268e-05
3 19 4 2  63.3002 42.6625 37.3585 26.7818 32.9292
3 19 5 2  4590.62 5729.27 9768.59 5764.53 7.05545
3 19 6 2  29215 21454.3 6143.15 269.371 1.95308e-15
3 19 7 2  95480 38248.6 28540.7 17026.7 7902.36
3 19 8 2  6786.01 4285.36 2618.67 869.662 71.6539
3 19 9 2  2181.82 934.516 649.021 332.025 207.182
3 19 10 2  22463.4 16012.5 14114.9 7687.25 1971.63
3 20 1 2  3800.81 2418.46 1343.57 622.247 159.639
3 20 2 2  26705.1 13301.8 6652.21 613.71 0
3 20 3 2  9009.03 6569.3 6831.79 6607.29 1.20576e-05
3 20 4 2  51.1011 34.9917 32.7319 25.9931 39.679
3 20 5 2  21488.1 14936 10790.1 5762.19 4.89125
3 20 6 2  39509.3 31461.3 8572.64 451.618 2.64122e-16
3 20 7 2  89294.4 36127.9 27762.1 16963.6 7914.75
3 20 8 2  7460.04 4652.13 2807.77 995.483 98.9262
3 20 9 2  2884.89 1077.65 720.63 415.954 266.465
3 20 10 2  32977.4 22316.6 16987 9008.05 2750.49
3 21 1 2  3106.83 2391.64 1561.12 685.188 188.364
3 21 2 2  12410.7 8864.86 7617.07 779.5 0
3 21 3 2  12493.3 8895.69 10025.7 4320.92 5.52186e-06
3 21 4 2  42.7869 28.9208 27.8221 23.7044 44.5028
3 21 5 2  7777.86 10808.4 14563.6 8877.63 3.39519
3 21 6 2  38312.6 28533.4 8578.52 190.113 3.6045e-17
3 21 7 2  83479.7 34018.5 26780.4 16840.9 7973.48
3 21 8 2  7557.64 4803.36 3001.23 1097.65 113.8
3 21 9 2  4036.14 1439.83 876.336 494.254 336.976
3 21 10 2  78214.8 48869.9 29406.9 12035.2 3162.17
3 22 1 2  4064.19 2677.9 1574.87 711.989 179.101
3 22 2 2  10135.2 6240.21 6367.32 844.494 0
3 22 3 2  3569.18 3326 8227.89 7747.94 2.5364e-06
3 22 4 2  37.209 24.3248 23.2694 20.596 46.6503
3 22 5 2  11222.3 10080.9 13678.7 8339.83 2.35623
3 22 6 2  33692.2 30404.8 10309.3 1021.33 4.86402e-18
3 22 7 2  79781.2 32208.5 25703.8 16634.5 8051.18
3 22 8 2  9300.2 5656.17 3267.02 1165.79 130.365
3 22 9 2  6395.61 2169.24 1189.9 613.417 415.005
3 22 10 2  52449.2 40663.1 40675.3 22251.5 5859.31
3 23 1 2  5043.45 3254.6 1631.84 601.117 131.101
3 23 2 2  23689.4 10337.9 6054.8 689.449 0
3 23 3 2  4429.09 3232.88 4484.36 8262.65 1.19632e-06
3 23 4 2  33.4412 21.198 19.8719 17.7916 47.3646
3 23 5 2  8586.26 9707.85 14039.2 5726.16 1.6189
3 23 6 2  16766.6 16054.2 7848.79 1305.22 6.65975e-19
3 23 7 2  75886.3 29963.3 23451.4 15277.6 7528.94
3 23 8 2  9049.71 5827.01 3693.79 1350.06 151.943
3 23 9 2  4483.52 2068.12 1528.44 808.031 505.156
3 23 10 2  37323.2 29005.2 32838.8 24605.2 9418.21
3 24 1 2  4503.54 3127.29 1672.31 549.549 98.3624
3 24 2 2  9834.76 7325.89 7051.28 838.543 0
3 24 3 2  5333.54 3905.68 4427.33 6771.48 5.38229e-07
3 24 4 2  30.6109 18.6088 16.7318 14.7974 44.8361
3 24 5 2  15925.3 13319.9 15455.4 3902.61 1.10151
3 24 6 2  14994.6 12960 5111.06 778.875 8.78475e-20
3 24 7 2  72951.6 27941.2 21088.3 13560.5 6751.51
3 24 8 2  7458.52 5010.99 3422.97 1318.96 150.287
3 24 9 2  7266.67 2514.5 1558.91 901.337 586.159
3 24 10 2  36617.3 26475.6 25433.5 18314.9 7958.7
3 25 1 2  2292.35 2053.1 1448.09 522.369 82.3669
3 25 2 2  13232.6 7096.87 4719.22 529.088 0
3 25 3 2  1284.49 1277.64 3410.37 5947.74 2.25404e-07
3 25 4 2  28.299 16.9093 14.7089 12.6461 42.0913
3 25 5 2  9328.07 11802.2 17024.4 2666.51 0.750507
3 25 6 2  21209.9 18149.1 5701.21 690.832 1.16307e-20
3 25 7 2  72293.9 26719 19292.1 12080.2 6017.9
3 25 8 2  6296.19 4268.43 3045.02 1264.86 154.444
3 25 9 2  5119.77 2333.98 1757.5 1007.22 672.362
3 25 10 2  40674.6 28987 25635.9 16414.3 6986.91
3 26 1 2  1223.55 1139.25 988.599 479.319 97.6998
3 26 2 2  8266.8 5510.8 1553.59 23.6381 0
3 26 3 2  8739.34 5757.08 3435.91 1946.62 3.88719e-08
3 26 4 2  26.5016 15.1605 12.5239 10.3653 36.5146
3 26 5 2  17403 15614.1 17103.5 5119.48 0.513324
3 26 6 2  30064.7 23017.8 6692.7 222.322 1.44684e-21
3 26 7 2  72761.5 26482.7 18685.2 11444 5678.11
3 26 8 2  5202.39 3459.28 2344.04 937.511 113.486
3 26 9 2  3760.99 1749.81 1516.91 1008.53 723.169
3 26 10 2  24093.9 19257.5 21350.3 13708.2 4595.7
3 27 1 2  965.545 771.557 593.144 327.384 96.1197
3 27 2 2  17578 8089.32 1566.16 0.00145875 0
3 27 3 2  2482.9 2924.57 2620.49 35.022 3.62793e-10
3 27 4 2  25.1903 14.0483 11.0761 8.72012 31.2756
3 27 5 2  20775.9 20463.6 20006.9 12235.1 0.350318
3 27 6 2  20901 16437.7 5660.94 28.5441 1.72685e-22
3 27 7 2  75713.5 26602.2 18072.9 10741.7 5257.04
3 27 8 2  4620.07 3007.95 1942.57 728.43 80.1545
3 27 9 2  2773.72 1297.73 1175.45 873 719.801
3 27 10 2  14932.1 12110.4 14361.2 10123.7 3146.5
3 28 1 2  1971.88 1228.72 591.475 255.894 84.3908
3 28 2 2  9717.55 6783.57 1799.06 10.5473 0
3 28 3 2  800.78 1043.39 1776.78 192.59 1.24063e-12
3 28 4 2  24.3 13.5578 10.5558 8.01661 28.2548
3 28 5 2  17021.9 18177.1 22292.3 18360.9 0.241532
3 28 6 2  21110.6 16371.9 5059.58 4.01091 2.28415e-23
3 28 7 2  80855.1 27805.6 18258 10487.8 5021.83
3 28 8 2  4552.57 2916.85 1856.49 697.398 75.2822
3 28 9 2  14978.8 4064.13 1518.12 798.785 730.001
3 28 10 2  13939.7 10321.8 10665.4 7791.87 2778.76
3 29 1 2  2232.75 1542.48 817.905 279.996 67.6182
3 29 2 2  6874.01 4818.58 1292.86 0.00362854 0
3 29 3 2  10627.9 7218.12 3514.39 255.999 1.4229e-14
3 29 4 2  23.9369 13.5667 10.7476 8.09093 27.5681
3 29 5 2  13092.8 14947.3 24150.4 15679.5 0.167683
3 29 6 2  14790 13347.7 5185.44 399.927 3.41014e-24
3 29 7 2  87132.8 29500.2 18728.2 10336.3 4796.85
3 29 8 2  4926.3 3144.85 2043.57 817.602 96.6707
3 29 9 2  10275.3 4637.29 2987.8 1274.6 828.566
3 29 10 2  22270.3 15238.5 12245.5 7785.82 3369.29
3 30 1 2  1678.07 1367.85 928.992 360.871 76.7113
3 30 2 2  11241.8 5654.88 1257.94 9.27057 0
3 30 3 2  2966.1 3317.36 5103.84 688.929 8.48389e-17
3 30 4 2  23.9832 13.455 10.6879 8.08385 26.7481
3 30 5 2  24165.5 21949.7 23880.9 17923.8 0.116319
3 30 6 2  26498.3 19254.6 5229.51 166.234 5.15127e-25
3 30 7 2  90301.2 31110.2 19539.1 10388.7 4635.6
3 30 8 2  4998.14 3211.47 2109.71 861.208 104.893
3 30 9 2  7244.38 3696.67 3270.02 1891.05 1105.59
3 30 10 2  15566.4 12179.2 13173.6 8779.86 3286.71
3 31 1 2  1290.89 1081.43 873.258 444.239 110.815
3 31 2 2  21151.9 9705.72 2026.32 13.9626 0
3 31 3 2  990.917 1128.31 2781.77 858.309 8.23015e-18
3 31 4 2  24.27 13.2429 10.2442 7.68443 24.8217
3 31 5 2  11855.8 15748.3 24711.4 20508.8 0.081211
3 31 6 2  18998.6 16014.8 5790.14 24.2323 7.13812e-26
3 31 7 2  94983.6 33265.8 21349.4 11260.5 4857.7
3 31 8 2  4784.94 3086.64 1998.9 785.719 94.1666
3 31 9 2  5064.34 2648.93 2729.28 2044.94 1442.94
3 31 10 2  9511.34 7824.16 9702.78 7467.91 2858.83
3 32 1 2  875.466 759.93 675.57 409.583 118.186
3 32 2 2  9718.83 7295.52 2295.47 45.432 0
3 32 3 2  334.259 339.392 1039.95 743.698 9.36777e-19
3 32 4 2  24.8445 13.1149 9.71411 7.08724 22.1826
3 32 5 2  6429.13 9937.21 23382.4 16449.4 0.0566352
3 32 6 2  13921.8 12594.6 5043.8 428.608 9.21925e-27
3 32 7 2  102413 35621.6 23210.2 12345 5203.08
3 32 8 2  4668.64 2964.3 1830.85 671.38 77.6334
3 32 9 2  5012.02 2162.64 2033.71 1749.79 1581.89
3 32 10 2  5410.58 4514.95 5910.71 4955.02 2131.74
3 33 1 2  615.472 520.531 446.101 280.646 83.9742
3 33 2 2  24040.7 11145.7 3543.18 212.497 0
3 33 3 2  331.406 253.562 432.312 631.831 2.10066e-19
3 33 4 2  25.6353 13.3137 9.53762 6.7062 19.9555
3 33 5 2  8492.1 8951.72 20364 11403.3 0.039207
3 33 6 2  14588.2 13334.9 4941.14 702.108 1.17783e-27
3 33 7 2  111202 37901.3 24352.7 12926.3 5345.15
3 33 8 2  4394.42 2819.06 1754.29 624.31 69.7961
3 33 9 2  3546.23 1687.04 1587.13 1368.02 1494.78
3 33 10 2  2967.6 2491.76 3379.86 3050.19 1525.67
3 34 1 2  553.015 414.614 302.513 178.494 55.212
3 34 2 2  20259.7 11665.9 4816.77 334.88 0
3 34 3 2  162.174 135.293 263.998 454.025 6.58911e-20
3 34 4 2  26.4362 13.5187 9.41318 6.39158 17.7524
3 34 5 2  18829.3 14685.6 19352.7 7883.25 0.027034
3 34 6 2  18085.1 15467.6 5212.7 662.399 1.4761e-28
3 34 7 2  114895 39849 25495.9 13408 5448.33
3 34 8 2  3607.81 2387.75 1550.45 552.96 59.5354
3 34 9 2  6694.14 2186.04 1348.45 1037.82 1269.26
3 34 10 2  1496.91 1281.8 1796.24 1648.23 849.03
3 35 1 2  540.597 386.715 255.522 134.149 34.0975
3 35 2 2  15596.5 9753.81 3946.11 251.622 0
3 35 3 2  1451.7 1051 810.28 376.897 59.7024
3 35 4 2  26.7619 13.9274 9.72567 6.45827 16.5348
3 35 5 2  16961.2 18622.9 15891.7 5486.97 0.0187803
3 35 6 2  22138.7 21927.8 8018.68 1294.16 1.90551e-29
3 35 7 2  117644 41793.4 27175.7 14287.7 5726.48
3 35 8 2  3033.81 2033.9 1384.63 528.135 60.9336
3 35 9 2  4736.3 2099.56 1537.29 969.903 1116.51
3 35 10 2  825.541 692.482 965.917 949.398 575.585
3 36 1 2  457.922 382.308 300.338 162.131 35.8919
3 36 2 2  21142.9 10756.3 2493.66 1.96676e-10 0
3 36 3 2  9020.57 6401.95 3457.78 109.094 0.0616526
3 36 4 2  26.9507 14.6758 10.7648 7.2536 17.2794
3 36 5 2  49476.6 34603.5 16211.8 3893.07 0.0133487
3 36 6 2  13860.3 13965.9 7052.94 1779.88 2.87552e-30
3 36 7 2  114124 43763.5 30328.8 16391.8 6565.52
3 36 8 2  2341.37 1667.28 1318.98 600.732 79.9511
3 36 9 2  21973.4 6276.92 2526.31 1220.22 1233.87
3 36 10 2  586.366 466.04 604.293 649.184 511.464
3 37 1 2  846.76 524.911 303.14 159.474 34.3736
3 37 2 2  14031.7 8784.31 2422.45 12.9729 0
3 37 3 2  1647.42 1512.19 3077.62 1576.67 33.2391
3 37 4 2  26.8855 14.7345 11.0849 7.69831 17.6681
3 37 5 2  78447.5 58307.9 21728.8 2742.94 0.00941471
3 37 6 2  10918.3 10852.9 5061 1373.71 4.27811e-31
3 37 7 2  107248 43197.6 31877 17953.8 7269.39
3 37 8 2  2197.5 1461.03 1067.49 510.603 77.3031
3 37 9 2  14986.8 6720.37 4463.9 1989.68 1385.55
3 37 10 2  478.11 365.128 412.566 390.964 317.438
3 38 1 2  570.967 464.324 320.07 147.255 27.3372
3 38 2 2  8329.37 5872.34 2425.22 141.206 0
3 38 3 2  1173.62 892.726 1296.69 1520.49 236.008
3 38 4 2  26.622 14.5009 10.8948 7.68029 17.4466
3 38 5 2  41518.8 59908.2 26514.4 1916.37 0.00657668
3 38 6 2  10184.2 10134.2 4364.92 1098.41 5.79318e-32
3 38 7 2  101793 41493 31961.5 18839.2 7799.88
3 38 8 2  2013.9 1321.08 897.895 390.185 59.3094
3 38 9 2  10234.8 5131.8 4533.22 2702.58 1707.36
3 38 10 2  308.871 245.518 292.825 251.698 171.106
3 39 1 2  335.114 338.437 316.148 171.125 27.5645
3 39 2 2  7964.05 4741.82 1253.28 0.0363023 0
3 39 3 2  4201.74 3045.85 2153.68 435.5 32.5007
3 39 4 2  25.5533 14.4306 11.1593 7.98645 18.178
3 39 5 2  34621.2 59422.3 21887.5 1351.81 0.0046476
3 39 6 2  6237.47 6653.75 3499.04 1051.57 8.39556e-33
3 39 7 2  94583.6 40016 32423.1 20168.7 8663.92
3 39 8 2  1749.41 1185.43 856.469 378.02 56.4413
3 39 9 2  7069.79 3832.94 4037.68 3086.9 2318.03
3 39 10 2  239.195 185.39 214.79 193.988 135.459
3 40 1 2  220.811 235.413 276.904 198.079 37.7329
3 40 2 2  6179.95 3834.96 1039.44 3.72612 0
3 40 3 2  4067.89 3024 2903.45 1124.39 1.32781
3 40 4 2  23.8933 14.0749 11.4218 8.44249 19.5596
3 40 5 2  18866.2 46544.9 24962.5 959.785 0.00331169
3 40 6 2  15866.1 14419.1 4565.78 852.15 1.30784e-33
3 40 7 2  89583 38591.2 32870.6 21719.3 9798.68
3 40 8 2  1814.34 1182.91 830.864 384.946 59.7804
3 40 9 2  4941.89 2813.98 3365.77 3127.12 3003.47
3 40 10 2  188.651 145.391 167.646 154.802 116.066
3 41 1 2  250.805 211.964 231.766 205.3 52.6301
3 41 2 2  19710.6 8390.72 1957.84 58.7955 0
3 41 3 2  1413.43 1173.6 2148.23 1950.42 0.172586
3 41 4 2  22.4353 13.6097 11.5884 8.94827 21.5994
3 41 5 2  18872 33672.3 29814.4 683.317 0.00236754
3 41 6 2  18334.8 16990.7 6276.3 1103.67 2.12774e-34
3 41 7 2  84408.5 36979.5 32800.3 22973.3 10967.5
3 41 8 2  1961.55 1270.37 883.973 417.158 67.3451
3 41 9 2  3565.44 2085.11 2711.47 2931.15 3636.74
3 41 10 2  252.612 179.262 163.846 134.022 105.57
3 42 1 2  308.948 248.284 239.25 226.373 77.9347
3 42 2 2  7194.9 5624.02 4153.19 776.658 0
3 42 3 2  34407.8 23615.5 14048.4 3810.01 0.0780861
3 42 4 2  21.2459 13.3101 11.9571 9.71697 25.0464
3 42 5 2  15237.3 24552.9 32582.7 489.979 0.00170701
3 42 6 2  29977.6 26072 8438.73 1285.83 3.79664e-35
3 42 7 2  80029.2 35591.7 32771.1 24301.4 12349.8
3 42 8 2  2289.66 1478.23 1049.71 526.542 89.8249
3 42 9 2  13817.8 4383 2823.83 2810.81 4424.47
3 42 10 2  509.109 344.336 260.751 168.009 123.314
3 43 1 2  377.673 268.631 209.276 179.456 67.7944
3 43 2 2  8489.68 4611.01 3838.11 507.646 0
3 43 3 2  8984.09 7658.54 16183.9 17112.3 0.037464
3 43 4 2  20.2378 12.2199 10.8644 9.11099 25.5015
3 43 5 2  16866.6 19879.7 29556.6 346.079 0.00120889
3 43 6 2  11496.8 11241.3 6137.98 1641.17 5.95375e-36
3 43 7 2  76305.5 33333.7 31016.4 24005.7 12950.7
3 43 8 2  3295.86 1949.12 1107.52 464.185 77.1358
3 43 9 2  9491.2 4411.19 3462.06 2590.81 4198.25
3 43 10 2  778.59 533.028 403.474 217.249 102.521
3 44 1 2  315.192 243.171 180.873 126.278 42.7959
3 44 2 2  7200.64 4120.99 3500.1 473.548 0
3 44 3 2  4809.32 3716.6 6691.81 15512 3766.3
3 44 4 2  19.5025 11.2487 9.50212 7.88916 23.8684
3 44 5 2  15887.2 18384 23326.9 242.223 0.000846193
3 44 6 2  5850.61 5543.42 2741.46 1101.45 8.04197e-37
3 44 7 2  72448.2 31066.7 28624.7 22750.3 12968.7
3 44 8 2  3047.65 1960.31 1209.35 433.157 58.2094
3 44 9 2  6530.74 3302.95 3122.62 2406.36 3580.87
3 44 10 2  708.276 516.766 475.96 290.557 109.194
3 45 1 2  256.278 204.392 156.848 98.7231 25.3684
3 45 2 2  6918.31 3899.29 3272.66 452.699 0
3 45 3 2  5025.66 3752.56 4529.9 8874 5989.04
3 45 4 2  18.9807 10.6673 8.62253 6.92738 22.0401
3 45 5 2  15479.3 18305.9 16900.3 169.708 0.000592632
3 45 6 2  3483.4 3372.44 1514.27 635.636 1.09064e-37
3 45 7 2  70618.7 29426.4 26570.1 21419.4 12830.2
3 45 8 2  3027 1933.52 1211.05 441.822 54.3471
3 45 9 2  4546.84 2354.82 2464.13 2120.42 3113.48
3 45 10 2  797.299 569.179 497.209 317.642 134.182
3 46 1 2  191.852 161.338 131.782 80.6768 17.386
3 46 2 2  6341.34 3654.02 3129.61 423.201 0
3 46 3 2  4507.84 3375.18 4176.3 6544.67 4933.62
3 46 4 2  18.6108 10.2996 8.067 6.24419 20.2057
3 46 5 2  13041.7 16947.5 13242.7 119.013 0.000415256
3 46 6 2  2025.67 1898.3 868.876 356.408 1.48422e-38
3 46 7 2  69255.3 28281.4 24899.2 20112.7 12564.5
3 46 8 2  2806.08 1823.36 1177.85 439.873 53.4516
3 46 9 2  3217.38 1666.07 1824.85 1728.67 2695.94
3 46 10 2  817.888 587.247 527.328 339.968 144.505
3 47 1 2  148.714 125.351 106.215 66.4085 14.3449
3 47 2 2  6279.04 3562.29 3009.8 397.193 0
3 47 3 2  4021.07 3022.46 3857.51 6132.7 3157.1
3 47 4 2  18.3489 10.0573 7.71373 5.78364 18.5014
3 47 5 2  11279.7 14311.3 12250.4 83.5307 0.000291101
3 47 6 2  1243.73 1125.37 497.663 186.576 2.02592e-39
3 47 7 2  69622.7 27648.8 23604.3 18902.5 12205.3
3 47 8 2  2770.73 1773.39 1125.69 424.056 51.8044
3 47 9 2  2326.47 1190.66 1318.45 1331.19 2284.88
3 47 10 2  901.327 639.302 558.024 353.541 148.143
3 48 1 2  123.054 101.214 84.916 54.3704 13.4421
3 48 2 2  6785.13 3736.68 2998 373.538 0
3 48 3 2  3758.45 2829.77 3645.35 6062.47 1567.85
3 48 4 2  18.1635 9.89336 7.48488 5.48003 16.9986
3 48 5 2  10409.5 11893 12876.3 58.6703 0.000204149
3 48 6 2  833.143 705.547 293.371 91.2137 2.77247e-40
3 48 7 2  72116.3 27648.4 22703.8 17837.7 11786.1
3 48 8 2  2958.91 1850.06 1121.02 409.018 48.8116
3 48 9 2  1729.45 868.467 950.627 991.386 1885.85
3 48 10 2  1081.07 752.319 626.26 375.331 146.185
3 49 1 2  100.294 82.4229 68.7533 44.2386 12.158
3 49 2 2  6838.57 3851.1 3103.02 385.756 0
3 49 3 2  2741.45 2134.79 3213.74 5969.91 683.14
3 49 4 2  18.0324 9.78051 7.33351 5.28071 15.7198
3 49 5 2  9896.69 10384.5 13149.1 41.2347 0.000143219
3 49 6 2  448.797 389.824 173.013 49.1854 3.8024e-41
3 49 7 2  74419.6 28068 22217.9 16957.3 11338.9
3 49 8 2  2903.64 1850.21 1145.18 411.083 47.2253
3 49 9 2  1329.36 651.622 694.211 727.978 1519.06
3 49 10 2  1129.17 802.283 703.08 424.28 155.732
3 50 1 2  82.8946 67.6683 55.9613 35.8859 10.2112
3 50 2 2  6996.47 3949.73 3210.8 404.847 0
3 50 3 2  2062.95 1600.22 2470.16 5573.22 299.515
3 50 4 2  17.9399 9.70206 7.23152 5.14907 14.6578
3 50 5 2  9765.02 9730.72 12660.3 28.9959 0.000100504
3 50 6 2  251.575 221.051 98.4954 28.9322 5.22429e-42
3 50 7 2  77080.2 28753.3 22087.4 16286.2 10892.7
3 50 8 2  2889.41 1839.65 1144.51 414.938 47.4913
3 50 9 2  1061.26 506.065 519.018 535.274 1200.32
3 50 10 2  1224.16 867.817 758.43 466.637 175.485
3 51 1 2  74.8272 58.5127 46.1881 29.0589 7.845
3 51 2 2  7972.43 4353.2 3384.2 436.243 0
3 51 3 2  1836.05 1396.24 1950.84 4487.38 676.81
3 51 4 2  17.8745 9.6472 7.1618 5.06118 13.7908
3 51 5 2  10770.4 10009.5 11351.6 20.3985 7.0546e-05
3 51 6 2  164.967 149.197 61.9277 18.9122 7.18838e-43
3 51 7 2  81688.8 29849.8 22262.4 15827.9 10472.4
3 51 8 2  3226.3 1996.11 1179.81 418.026 48.486
3 51 9 2  881.59 408.459 400.501 399.134 936.056
3 51 10 2  1527.87 1069.6 882.917 521.32 201.31
3 52 1 2  58.8245 48.3247 38.9682 23.8568 5.86814
3 52 2 2  7632.39 4396.31 3613.93 473.949 0
3 52 3 2  1514.64 1152.7 1614.64 3396.82 1084.01
3 52 4 2  17.8283 9.60871 7.11364 5.0018 13.0917
3 52 5 2  9776.74 10043 9921.68 14.3553 4.95276e-05
3 52 6 2  92.0448 85.4565 38.6834 13.0428 9.9024e-44
3 52 7 2  83556.8 30911.1 22715.2 15578.8 10097.8
3 52 8 2  2994.93 1936.25 1221.3 436.392 50.0149
3 52 9 2  761.191 343.035 320.716 304.971 724.972
3 52 10 2  1517.92 1095.15 990.295 617.37 238.192
3 53 1 2  49.3409 39.9485 32.3028 19.7817 4.51474
3 53 2 2  8291.11 4624.29 3745.19 493.201 0
3 53 3 2  1631.15 1222.04 1509.99 2667.84 1156
3 53 4 2  17.7958 9.58165 7.08014 4.96125 12.5331
3 53 5 2  9502.7 9894.04 8763.72 10.1051 3.47768e-05
3 53 6 2  63.2849 57.8406 24.2792 8.27091 1.36536e-44
3 53 7 2  86845.6 32005.9 23312.3 15520.3 9783.25
3 53 8 2  3181.65 1997.22 1218.69 441.623 51.7526
3 53 9 2  680.508 299.188 267.132 240.671 561.203
3 53 10 2  1856.09 1304.93 1097.51 672.573 272.903
3 54 1 2  38.4502 31.9589 26.4358 16.9319 2.49296
3 54 2 2  7766.91 4537.95 3873.86 537.817 0
3 54 3 2  1240.44 943.592 1333.39 2166.02 1425.87
3 54 4 2  17.7727 9.56259 7.05672 4.93331 12.0897
3 54 5 2  8681.68 9881.96 6740.78 7.11482 2.44222e-05
3 54 6 2  33.4922 33.2881 15.5725 6.00012 1.88393e-45
3 54 7 2  87585.2 32858.5 23992.8 15617.9 9537.17
3 54 8 2  2899.43 1889.73 1216.92 447.815 53.5494
3 54 9 2  626.439 269.804 231.186 197.102 437.005
3 54 10 2  1792.17 1308.06 1208.02 777.404 322.843
3 55 1 2  29.1837 24.9008 21.2803 13.8536 2.12866
3 55 2 2  7753.86 4463.05 3847.88 511.406 0
3 55 3 2  1317.34 982.756 1199.13 1951.85 1120.27
3 55 4 2  17.7565 9.54916 7.04031 4.91392 11.7397
3 55 5 2  7103.56 8890.95 6147.03 5.01021 1.71523e-05
3 55 6 2  23.37 21.0769 9.16063 3.4949 2.60086e-46
3 55 7 2  88613.4 33495.1 24638.5 15829.8 9361.77
3 55 8 2  2835.02 1820.12 1161.95 437.613 53.1392
3 55 9 2  590.207 250.112 207.085 167.715 344.498
3 55 10 2  2025.62 1434.22 1253.03 807.885 345.187
3 56 1 2  25.7489 20.686 17.0457 11.0844 2.23785
3 56 2 2  9118.14 4947.22 3912.09 500.084 0
3 56 3 2  1455.3 1088.06 1310.82 2096.08 582.663
3 56 4 2  17.7449 9.53967 7.02877 4.9004 11.4646
3 56 5 2  7100.06 7828.14 6502.52 3.52858 1.20473e-05
3 56 6 2  17.4923 15.2632 6.03419 1.89151 3.59208e-47
3 56 7 2  92407.6 34380.8 25243 16108.6 9253.34
3 56 8 2  3284.77 2015.38 1179.87 423.598 50.9074
3 56 9 2  565.926 236.916 190.931 147.947 276.583
3 56 10 2  2694.65 1863.54 1494.41 869.791 346.514
3 57 1 2  20.8207 17.0768 14.0356 8.94285 2.06758
3 57 2 2  8963.16 5105.59 4151.94 530.359 0
3 57 3 2  1033.13 801.276 1207.63 2321.52 259.919
3 57 4 2  17.7367 9.53295 7.02063 4.89094 11.2492
3 57 5 2  6653.11 7097.03 6659.87 2.48533 8.4621e-06
3 57 6 2  9.87449 8.8517 3.89224 1.18548 4.96256e-48
3 57 7 2  93252.6 35154.7 25882.1 16431.8 9204.1
3 57 8 2  3150.08 2015.29 1245.34 439.045 50.1846
3 57 9 2  549.655 228.073 180.104 134.671 227.3
3 57 10 2  2740.57 1962.64 1740.82 1051.25 388.519
3 58 1 2  17.0723 13.9831 11.5195 7.27866 1.73731
3 58 2 2  9042.82 5157.51 4284.27 558.849 0
3 58 3 2  788.904 606.707 915.648 2284.39 115.978
3 58 4 2  17.7308 9.52817 7.01488 4.88429 11.0811
3 58 5 2  6510.19 6713 6395.72 1.75063 5.94409e-06
3 58 6 2  5.88799 5.3413 2.35119 0.759693 6.85741e-49
3 58 7 2  93636.9 35669.4 26476.3 16787.4 9206.17
3 58 8 2  3116.36 1989.38 1243.88 450.99 51.8404
3 58 9 2  538.752 222.147 172.849 125.764 191.88
3 58 10 2  3014.21 2143.03 1876.47 1169.79 456.889
3 59 1 2  14.3819 11.6312 9.46341 5.93879 1.40219
3 59 2 2  9490.33 5337.09 4383.76 574.526 0
3 59 3 2  662.746 504.749 716.865 1802.21 290.31
3 59 4 2  17.7266 9.52475 7.0108 4.8796 10.9501
3 59 5 2  6493.55 6577.51 5956.34 1.23318 4.17546e-06
3 59 6 2  3.80616 3.45422 1.47188 0.482708 9.47727e-50
3 59 7 2  94353 36062.5 26977.6 17150.3 9251.3
3 59 8 2  3227.38 2035.27 1247.77 452.201 52.9663
3 59 9 2  531.445 218.176 167.986 119.79 166.625
3 59 10 2  3499.21 2471 2107.35 1287.71 512.299
3 60 1 2  11.2073 9.40977 7.86159 4.93295 1.29744
3 60 2 2  9246.71 5309.9 4460.75 550.858 0
3 60 3 2  641.864 484.458 643.98 1443.13 210.065
3 60 4 2  17.7235 9.52229 7.00789 4.87629 10.8483
3 60 5 2  5542.36 5963.52 6478.68 0.868708 2.93315e-06
3 60 6 2  2.34998 1.96906 0.862184 0.252544 1.30995e-50
3 60 7 2  93487.4 36201.6 27378.6 17498.2 9329.99
3 60 8 2  3079.9 1978.8 1247.24 453.939 51.9806
3 60 9 2  526.548 215.515 164.728 115.786 148.738
3 60 10 2  3703.49 2617.46 2297.81 1414.19 530.558
3 61 1 2  9.58105 7.74276 6.38843 4.05427 1.0655
3 61 2 2  9556.18 5411.79 4500.4 590.353 0
3 61 3 2  506.624 390.441 572.422 1216.52 217.625
3 61 4 2  17.7212 9.52051 7.0058 4.87393 10.7693
3 61 5 2  6085.85 5788.7 6236.92 0.611971 2.06048e-06
3 61 6 2  1.26787 1.16481 0.518944 0.158914 1.81074e-51
3 61 7 2  93338.3 36218.7 27646.1 17811 9432.35
3 61 8 2  3136.37 1988.49 1232.66 450.868 52.6565
3 61 9 2  523.267 213.731 162.545 113.102 136.142
3 61 10 2  4068.97 2896.9 2525.29 1552.59 601.921
3 62 1 2  7.84607 6.4115 5.25292 3.3066 0.846675
3 62 2 2  9526.43 5437.59 4556.89 592.25 0
3 62 3 2  456.394 345.989 473.746 1105.78 141.033
3 62 4 2  17.7196 9.51921 7.0043 4.87224 10.7082
3 62 5 2  5858.13 5811.48 5830.9 0.431117 1.44747e-06
3 62 6 2  0.790176 0.707109 0.309449 0.100755 2.50312e-52
3 62 7 2  92583.4 36124.7 27803.4 18072.8 9548.22
3 62 8 2  3095.24 1974.23 1231.79 449.405 52.7324
3 62 9 2  521.068 212.536 161.081 111.303 127.315
3 62 10 2  4430.96 3147.4 2755.04 1713.73 673.747
3 63 1 2  6.36249 5.22938 4.31369 2.7059 0.662573
3 63 2 2  9358.39 5381.6 4571.98 606.197 0
3 63 3 2  344.856 264.661 389.881 891.187 200.125
3 63 4 2  17.7184 9.51827 7.00321 4.87103 10.6609
3 63 5 2  5668.7 5733.67 5363.85 0.303714 1.01684e-06
3 63 6 2  0.455739 0.419705 0.187662 0.0634749 3.46037e-53
3 63 7 2  91420.7 35889 27855.1 18277 9668.21
3 63 8 2  3007.86 1928.79 1216.64 447.605 52.9404
3 63 9 2  519.594 211.736 160.101 110.097 121.155
3 63 10 2  4689.71 3354.78 2977.94 1874.63 752.737
3 64 1 2  5.30302 4.30111 3.51623 2.20929 0.474698
3 64 2 2  9519.41 5418.25 4569.55 623.611 0
3 64 3 2  338.082 254.726 330.505 626.211 319.597
3 64 4 2  17.7176 9.51759 7.00241 4.87015 10.6244
3 64 5 2  5672.57 6151.58 4150.6 0.213962 7.14328e-07
3 64 6 2  0.283184 0.270115 0.118545 0.0429142 4.7838e-54
3 64 7 2  90817.2 35627.9 27809 18419.3 9784.27
3 64 8 2  3048.61 1935.84 1203.61 442.758 53.4441
3 64 9 2  518.607 211.199 159.444 109.289 116.872
3 64 10 2  5227.51 3733.91 3262.85 2051.48 856.412
3 65 1 2  4.18452 3.46579 2.86372 1.81642 0.304361
3 65 2 2  9055.46 5265.33 4557.27 635.902 0
3 65 3 2  314.964 237.344 305.023 475.767 363.721
3 65 4 2  17.7169 9.51709 7.00184 4.86952 10.5962
3 65 5 2  4940.89 6220.62 2939.29 0.150735 5.01816e-07
3 65 6 2  0.1699 0.166635 0.0755409 0.029923 6.61349e-55
3 65 7 2  89243.2 35254.7 27692.8 18501.1 9889.78
3 65 8 2  2885.71 1864.03 1189.11 440.703 53.8077
3 65 9 2  517.945 210.839 159.003 108.748 113.904
3 65 10 2  5357.48 3876.52 3512.85 2275.52 978.129
3 66 1 2  3.2441 2.72604 2.29557 1.5101 0.155208
3 66 2 2  8599.87 5027.83 4445.4 637.159 0
3 66 3 2  285.375 215.185 276.87 397.419 373.596
3 66 4 2  17.7165 9.51674 7.00142 4.86906 10.5744
3 66 5 2  4147.26 5716.97 2081.5 0.106192 3.52528e-07
3 66 6 2  0.104137 0.104977 0.0479549 0.0205676 9.14313e-56
3 66 7 2  87561.6 34760.6 27494.2 18525.8 9979.92
3 66 8 2  2734.51 1770.83 1142.71 431.93 54.0515
3 66 9 2  517.502 210.598 158.708 108.385 111.853
3 66 10 2  5555.04 4028.02 3663.98 2428.85 1102.55
3 67 1 2  2.50361 2.12191 1.81532 1.25166 0.0696593
3 67 2 2  8510.86 4905.84 4295.34 607.069 0
3 67 3 2  287.788 215.932 264.006 357.358 340.928
3 67 4 2  17.7163 9.5165 7.00113 4.86873 10.5577
3 67 5 2  3369.61 5111.7 1474.05 0.0748118 2.47653e-07
3 67 6 2  0.0717939 0.0702694 0.0308437 0.0131378 1.26405e-56
3 67 7 2  86641.2 34292.6 27222.9 18493.9 10051.1
3 67 8 2  2710.33 1734.06 1099.18 415.337 52.7028
3 67 9 2  517.205 210.437 158.51 108.142 110.439
3 67 10 2  6145.55 4406.51 3894.3 2539.48 1164.22
3 68 1 2  1.90567 1.64026 1.43478 0.988891 0.129085
3 68 2 2  8791.02 4962.72 4199.94 532.195 0
3 68 3 2  316.002 234.079 276.977 391.399 194.198
3 68 4 2  17.7161 9.51636 7.00093 4.8685 10.5448
3 68 5 2  2463.82 3764.12 2165.47 0.0527049 1.73978e-07
3 68 6 2  0.0542544 0.0456572 0.0188803 0.0065003 1.7476e-57
3 68 7 2  86587.5 33985.8 26931.7 18411.5 10100.9
3 68 8 2  2787.35 1759.38 1084.93 400.019 48.6657
3 68 9 2  517.005 210.328 158.378 107.979 109.466
3 68 10 2  7174.65 5009.04 4251.12 2637.2 1089.21
3 69 1 2  1.78523 1.3956 1.13654 0.766888 0.146283
3 69 2 2  10329 5582.59 4332.52 563.057 0
3 69 3 2  291.862 221.639 291.969 418.362 145.557
3 69 4 2  17.7161 9.51627 7.0008 4.86833 10.5349
3 69 5 2  3053.83 3228.17 2401.51 0.0371308 1.22221e-07
3 69 6 2  0.0356384 0.0324675 0.0131115 0.00393387 2.41615e-58
3 69 7 2  89127 34140.5 26706.2 18295.9 10128.3
3 69 8 2  3271.89 1998.52 1149.11 400.353 47.1912
3 69 9 2  516.872 210.256 158.289 107.869 108.799
3 69 10 2  9097.93 6363.24 5188.9 2995.62 1160.61
3 70 1 2  1.43541 1.16934 0.944751 0.605777 0.125997
3 70 2 2  9868.2 5664.73 4630.87 606.195 0
3 70 3 2  230.601 175.941 250.055 412.621 152.629
3 70 4 2  17.716 9.51623 7.00072 4.86823 10.5272
3 70 5 2  2876.63 3089.13 2281.55 0.0261589 8.58613e-08
3 70 6 2  0.0209975 0.0193988 0.00856997 0.0028204 3.34052e-59
3 70 7 2  88662.1 34285.1 26630.7 18181.2 10135.6
3 70 8 2  3100.17 1989.4 1231.55 429.514 48.5053
3 70 9 2  516.783 210.207 158.23 107.796 108.342
3 70 10 2  9067.84 6537.05 5895.62 3652.12 1391.69
3 71 1 2  1.14471 0.949294 0.78352 0.492712 0.110507
3 71 2 2  9785.5 5613.31 4722.11 613.304 0
3 71 3 2  212.627 160.714 214.996 417.448 92.1543
3 71 4 2  17.716 9.51622 7.00068 4.86816 10.5214
3 71 5 2  2631.85 2859.49 2317.88 0.0184291 6.03185e-08
3 71 6 2  0.0133322 0.0118932 0.00517269 0.00171691 4.61857e-60
3 71 7 2  88133 34274.8 26609.3 18092.6 10128.5
3 71 8 2  3048.65 1949.59 1224.26 444.532 50.7669
3 71 9 2  516.723 210.175 158.19 107.747 108.029
3 71 10 2  9926.84 7047 6197.69 3927.25 1572.76
3 72 1 2  1.0382 0.806412 0.637844 0.404901 0.0635684
3 72 2 2  10755.9 5981.72 4845.65 692.193 0
3 72 3 2  173.632 131.617 182.35 309.117 202.003
3 72 4 2  17.716 9.51622 7.00067 4.86813 10.5169
3 72 5 2  3132.96 2816.6 1875.75 0.0129835 4.23744e-08
3 72 6 2  0.00831655 0.00864859 0.00375902 0.00132599 6.82717e-05
3 72 7 2  89533.4 34423.9 26603.3 18028.2 10113.4
3 72 8 2  3367.02 2094.67 1251.62 448.911 54.1881
3 72 9 2  516.683 210.153 158.163 107.714 107.816
3 72 10 2  11806.7 8475.33 7252.55 4450.55 1910.94
3 73 1 2  0.740279 0.635419 0.526233 0.335848 0.0285307
3 73 2 2  8864.9 5409.11 4905.13 708.68 0
3 73 3 2  148.155 111.71 144.499 225.351 241.612
3 73 4 2  17.7161 9.51623 7.00066 4.86811 10.5135
3 73 5 2  2458.31 2777.49 1328.38 0.00914702 2.97686e-08
3 73 6 2  0.00502524 0.00513894 0.00241557 0.001067 2.46792e-05
3 73 7 2  86387.9 34168.3 26617.6 17986.7 10094.8
3 73 8 2  2744.01 1844.95 1243.17 463.583 56.3947
3 73 9 2  516.656 210.138 158.145 107.692 107.67
3 73 10 2  10016 7456.91 7366.24 5119.31 2297.48
3 74 1 2  0.551003 0.47975 0.418503 0.272551 0.0278598
3 74 2 2  8774.5 5104.49 4609.79 639.608 0
3 74 3 2  167.093 124.42 144.81 198.682 187.968
3 74 4 2  17.7161 9.51625 7.00067 4.8681 10.5109
3 74 5 2  1907.1 2708.76 940.748 0.00644419 2.09128e-08
3 74 6 2  0.00364621 0.00340601 0.00147526 0.000620649 3.41222e-06
3 74 7 2  85466.9 33762.4 26518 17953.2 10075.8
3 74 8 2  2714.98 1746.11 1133 440.876 55.6657
3 74 9 2  516.638 210.129 158.133 107.678 107.571
3 74 10 2  11510.3 8173.45 7189.25 4844 2304.55
3 75 1 2  0.421024 0.362993 0.322892 0.216107 0.0307418
3 75 2 2  8336.81 4876.29 4372.23 600.465 0
3 75 3 2  139.523 105.714 141.947 202.106 142.58
3 75 4 2  17.7162 9.51628 7.00069 4.86811 10.5089
3 75 5 2  1475.77 2323.08 855.233 0.00454003 1.46916e-08
3 75 6 2  0.00210136 0.00198176 0.000907033 0.000355547 4.71789e-07
3 75 7 2  84498.7 33372.3 26336.4 17901.9 10056.3
3 75 8 2  2560 1657.5 1071.65 411.264 52.2425
3 75 9 2  516.625 210.122 158.125 107.668 107.504
3 75 10 2  11384.5 8234.76 7549.26 4955.46 2202.16
3 76 1 2  0.355099 0.291227 0.249297 0.168782 0.0288215
3 76 2 2  8901.45 5002.49 4238.4 573.161 0
3 76 3 2  141.994 106.605 133.672 194.415 118.784
3 76 4 2  17.7163 9.51632 7.00071 4.86812 10.5074
3 76 5 2  1361.58 1930.23 868.271 0.00319853 1.0321e-08
3 76 6 2  0.00144789 0.001341 0.000569227 0.000209388 6.52324e-08
3 76 7 2  85649.6 33260.3 26131.6 17824.6 10033.7
3 76 8 2  2738.68 1716.72 1049.4 389.966 48.9423
3 76 9 2  516.617 210.118 158.12 107.661 107.458
3 76 10 2  13269 9397.78 8091.97 5121.52 2226.29
3 77 1 2  0.282878 0.234611 0.198033 0.131858 0.0248544
3 77 2 2  8575.51 4954.44 4241.08 570.971 0
3 77 3 2  119.126 90.3484 122.739 187.567 104.654
3 77 4 2  17.7164 9.51638 7.00075 4.86814 10.5063
3 77 5 2  1222.38 1642.63 854.092 0.00225342 7.2507e-09
3 77 6 2  0.000852499 0.00079832 0.0003587 0.000131212 9.01954e-09
3 77 7 2  85596.9 33246.1 25991.8 17732.7 10005.9
3 77 8 2  2622.96 1684.73 1059.34 387.068 46.9236
3 77 9 2  516.612 210.115 158.116 107.657 107.427
3 77 10 2  13226.4 9552.7 8701.32 5597.92 2343.83
3 78 1 2  0.235284 0.19131 0.158333 0.105019 0.0170712
3 78 2 2  8764.12 4994.54 4233 588.742 0
3 78 3 2  109.788 82.8716 108.523 163.014 114.18
3 78 4 2  17.7165 9.51643 7.00079 4.86816 10.5054
3 78 5 2  1205 1531.49 674.3 0.00158758 5.09373e-09
3 78 6 2  0.000535935 0.00052394 0.000231082 8.88228e-05 1.24712e-09
3 78 7 2  86338 33330.9 25910.8 17644.7 9973.14
3 78 8 2  2684.43 1701.3 1053.87 386.276 47.0527
3 78 9 2  516.608 210.113 158.114 107.654 107.405
3 78 10 2  14432.5 10372.9 9216.31 5957.11 2610
3 79 1 2  0.175444 0.149568 0.127103 0.0844601 0.0109358
3 79 2 2  7830.07 4666.78 4180.35 588.561 0
3 79 3 2  89.0902 67.3901 91.2745 140.696 116.321
3 79 4 2  17.7166 9.51649 7.00083 4.86819 10.5048
3 79 5 2  967.005 1419.4 477.543 0.00111848 3.57844e-09
3 79 6 2  0.000300778 0.000297026 0.000140847 5.9906e-05 1.72441e-10
3 79 7 2  84924.8 33231.1 25875.3 17572.1 9937.39
3 79 8 2  2382.89 1566.55 1027.93 385.519 47.2557
3 79 9 2  516.606 210.111 158.112 107.652 107.391
3 79 10 2  13219.7 9712.04 9284.47 6332.38 2844.34
3 80 1 2  0.137999 0.115934 0.0992315 0.0663191 0.00568714
3 80 2 2  7574.66 4436.42 3994.95 603.403 0
3 80 3 2  79.4921 60.1473 78.0685 110.708 131.059
3 80 4 2  17.7166 9.51654 7.00088 4.86822 10.5043
3 80 5 2  844.364 1189.49 338.2 0.000787998 2.51392e-09
3 80 6 2  0.000177981 0.000193204 9.064e-05 3.92894e-05 3.58966e-06
3 80 7 2  84568.2 33064.3 25809.3 17513.1 9901.33
3 80 8 2  2317.86 1495.7 966.354 371.428 47.9914
3 80 9 2  516.604 210.11 158.111 107.65 107.381
3 80 10 2  13537 9925.8 9208.49 6358.89 3162.18
3 81 1 2  0.0942799 0.0852054 0.0770321 0.0518194 0.00561251
3 81 2 2  6288.79 3875.03 3724.63 519.954 0
3 81 3 2  66.5397 49.94 64.4419 101.409 101.625
3 81 4 2  17.7167 9.5166 7.00092 4.86825 10.504
3 81 5 2  565.713 963.106 309.689 0.000555164 1.76607e-09
3 81 6 2  0.000121887 0.000113526 5.21292e-05 2.30286e-05 1.22511e-06
3 81 7 2  81822.5 32604.1 25694 17456.1 9866.14
3 81 8 2  1905.48 1283.97 885.589 349.652 45.0752
3 81 9 2  516.603 210.11 158.11 107.649 107.375
3 81 10 2  11648.2 8583.86 8510.37 6150.48 2981.14
3 82 1 2  0.0755113 0.0642237 0.0577723 0.041385 0.00359014
3 82 2 2  6474.22 3736.07 3399.76 493.518 0
3 82 3 2  63.9357 48.2106 61.5489 86.7525 86.6927
3 82 4 2  17.7169 9.51666 7.00097 4.86828 10.5038
3 82 5 2  512.701 804.994 248.668 0.000391128 1.2407e-09
3 82 6 2  7.22082e-05 7.26066e-05 3.29896e-05 1.39935e-05 1.69402e-07
3 82 7 2  82348.2 32290 25485.5 17384.2 9831.27
3 82 8 2  1970.08 1254.09 801.674 316.106 42.0619
3 82 9 2  516.602 210.109 158.11 107.649 107.37
3 82 10 2  12828.4 9246.19 8310.26 5659.41 2821.39
3 83 1 2  0.0587332 0.0498323 0.0439281 0.0317352 0.00302884
3 83 2 2  6460.82 3709.73 3251.81 453.365 0
3 83 3 2  63.0451 47.2882 58.5073 80.8869 73.0481
3 83 4 2  17.717 9.51673 7.00102 4.86832 10.5036
3 83 5 2  418.164 705.075 176.111 0.000275561 8.71619e-10
3 83 6 2  4.8367e-05 4.6369e-05 2.05845e-05 8.64418e-06 2.34244e-08
3 83 7 2  83189.1 32250.2 25296.3 17290.4 9794.27
3 83 8 2  1975.36 1256.58 785.162 295.295 38.3592
3 83 9 2  516.602 210.109 158.109 107.648 107.367
3 83 10 2  13410.8 9655.47 8710.87 5755.95 2680.83
3 84 1 2  0.045747 0.0387342 0.0338597 0.023995 0.00303214
3 84 2 2  6300.02 3645.38 3180.1 439.34 0
3 84 3 2  55.3762 41.8 54.8635 78.2301 61.4706
3 84 4 2  17.7171 9.5168 7.00107 4.86835 10.5035
3 84 5 2  331.316 609.438 124.726 0.000194141 6.12331e-10
3 84 6 2  2.92549e-05 2.80578e-05 1.27411e-05 5.1904e-06 3.2391e-09
3 84 7 2  83730.5 32337.2 25186.9 17191.8 9753.58
3 84 8 2  1924.78 1233.55 777.513 288.243 36.0274
3 84 9 2  516.602 210.109 158.109 107.648 107.365
3 84 10 2  13463.5 9745.78 8949.06 5949.46 2682.42
3 85 1 2  0.0357492 0.0301679 0.0262138 0.0184441 0.00236372
3 85 2 2  6079.63 3539.06 3111.16 436.415 0
3 85 3 2  47.1516 35.6503 47.7415 71.1155 57.711
3 85 4 2  17.7172 9.51687 7.00113 4.86839 10.5034
3 85 5 2  262.996 508.8 88.3337 0.000136779 4.30176e-10
3 85 6 2  1.70779e-05 1.67609e-05 7.75531e-06 3.24997e-06 4.47902e-10
3 85 7 2  83989.8 32443.6 25150.6 17107.3 9710.28
3 85 8 2  1857.48 1195.14 760.285 283.585 35.1782
3 85 9 2  516.601 210.109 158.109 107.648 107.364
3 85 10 2  13334.5 9697.54 9000.24 6074.02 2781.48
3 86 1 2  0.0276136 0.0233327 0.0202091 0.01408 0.00126757
3 86 2 2  5626.64 3333.8 3014.43 454.506 0
3 86 3 2  37.0285 28.0379 38.1559 56.9449 66.2771
3 86 4 2  17.7173 9.51693 7.00118 4.86843 10.5034
3 86 5 2  215.869 396.215 62.5603 9.63654e-05 3.02209e-10
3 86 6 2  9.10916e-06 9.95139e-06 4.8558e-06 2.15642e-06 1.96422e-07
3 86 7 2  83549.5 32457.8 25152.9 17045.7 9667.11
3 86 8 2  1725.07 1123.77 731.241 277.763 35.5328
3 86 9 2  516.601 210.109 158.109 107.648 107.363
3 86 10 2  12393.2 9190.63 8846.04 6216.12 3069.32
3 87 1 2  0.0199919 0.0175604 0.0155956 0.011192 0.000568915
3 87 2 2  5155.7 3070.04 2841.61 406.49 0
3 87 3 2  36.3449 27.214 32.9209 47.5763 56.5446
3 87 4 2  17.7174 9.51698 7.00123 4.86847 10.5034
3 87 5 2  153.148 315.252 44.307 6.78928e-05 2.12309e-10
3 87 6 2  7.02802e-06 6.80355e-06 2.96378e-06 1.32637e-06 6.74069e-08
3 87 7 2  82685.5 32334.1 25143.4 17004.1 9626.79
3 87 8 2  1586.14 1036.5 683.086 264.655 34.1912
3 87 9 2  516.601 210.109 158.109 107.648 107.362
3 87 10 2  12092.7 8799.5 8307.26 5911.96 2977.32
3 88 1 2  0.0147501 0.012976 0.0118065 0.00872666 0.000464352
3 88 2 2  4942.49 2902.39 2653.72 378.569 0
3 88 3 2  32.116 24.2194 31.4092 43.9714 44.9799
3 88 4 2  17.7174 9.51703 7.00127 4.86851 10.5034
3 88 5 2  114.671 251.591 31.3795 4.7833e-05 1.49152e-10
3 88 6 2  4.01446e-06 3.96056e-06 1.85337e-06 8.06383e-07 9.32128e-09
3 88 7 2  82537.6 32206.8 25095.8 16970.6 9590.65
3 88 8 2  1520.87 983.028 637.244 246.871 32.0958
3 88 9 2  516.601 210.109 158.109 107.648 107.362
3 88 10 2  11944.4 8690.43 8108.64 5605.76 2757
3 89 1 2  0.0117661 0.00997981 0.00889904 0.00652623 0.000688717
3 89 2 2  5289 2975.72 2547.43 346.373 0
3 89 3 2  34.4962 25.7754 31.069 42.7592 33.9624
3 89 4 2  17.7175 9.51708 7.00131 4.86854 10.5035
3 89 5 2  89.3432 187.506 39.9145 3.37002e-05 1.04783e-10
3 89 6 2  2.85417e-06 2.6428e-06 1.13468e-06 4.53079e-07 1.28899e-09
3 89 7 2  84382.6 32366.4 25054 16936.5 9558.29
3 89 8 2  1639.44 1025.43 624.689 232.484 29.6037
3 89 9 2  516.601 210.109 158.109 107.648 107.362
3 89 10 2  13631 9675.92 8437.16 5489.98 2542.72
3 90 1 2  0.00971312 0.00801809 0.00688315 0.00488185 0.000813359
3 90 2 2  5602.64 3134.49 2576.08 338.211 0
3 90 3 2  32.5907 24.5623 31.5361 45.745 23.5219
3 90 4 2  17.7176 9.51711 7.00135 4.86857 10.5035
3 90 5 2  81.4523 135.248 57.7597 2.37431e-05 7.36128e-11
3 90 6 2  1.85752e-06 1.68447e-06 7.22626e-07 2.5566e-07 1.78249e-10
3 90 7 2  86435.2 32803.8 25111.2 16910.9 9529
3 90 8 2  1741.39 1088.09 651.421 231.581 27.867
3 90 9 2  516.601 210.109 158.109 107.648 107.362
3 90 10 2  14824.2 10550.2 9250.87 5818.86 2458.4
3 91 1 2  0.00799384 0.00653212 0.00546275 0.00373206 0.0006901
3 91 2 2  5681.99 3227.4 2666.16 359.725 0
3 91 3 2  26.0342 19.8218 27.8403 43.6539 23.5033
3 91 4 2  17.7176 9.51713 7.00138 4.86859 10.5036
3 91 5 2  84.3909 119.069 49.9424 1.67279e-05 5.17149e-11
3 91 6 2  1.06996e-06 1.02255e-06 4.59507e-07 1.67175e-07 2.46492e-11
3 91 7 2  87621.7 33292.2 25289.8 16915.5 9504.05
3 91 8 2  1768.73 1118.49 681.69 241.001 28.1623
3 91 9 2  516.601 210.109 158.109 107.648 107.361
3 91 10 2  15074.5 10893 9884.08 6363.01 2675.7
3 92 1 2  0.00640908 0.00526384 0.00436515 0.00294429 0.000379025
3 92 2 2  5528.59 3199.84 2729.76 393.526 0
3 92 3 2  21.7334 16.4451 22.2729 34.5101 31.0639
3 92 4 2  17.7175 9.51713 7.00139 4.86861 10.5036
3 92 5 2  77.057 105.891 35.3708 1.17855e-05 3.6331e-11
3 92 6 2  6.04895e-07 6.31612e-07 2.9564e-07 1.2037e-07 6.30877e-09
3 92 7 2  87757.9 33633.5 25533.5 16963.3 9486.85
3 92 8 2  1731.36 1108.67 693.781 250.916 30.0469
3 92 9 2  516.601 210.109 158.109 107.648 107.361
3 92 10 2  14765.8 10831.4 10127.6 6837.89 3130.21
3 93 1 2  0.00460691 0.00401146 0.00345745 0.00233221 0.000170115
3 93 2 2  4791.14 2900.44 2672.14 396.833 0
3 93 3 2  17.4751 13.2081 17.4689 26.5577 32.9642
3 93 4 2  17.7175 9.51712 7.00139 4.86862 10.5036
3 93 5 2  59.7411 88.8858 25.0507 8.30331e-06 2.55235e-11
3 93 6 2  3.59734e-07 3.7935e-07 1.81255e-07 8.14621e-08 7.88685e-09
3 93 7 2  85565.5 33546.1 25743.4 17047.7 9480.82
3 93 8 2  1501.66 996.098 665.613 252.946 31.5156
3 93 9 2  516.601 210.109 158.109 107.648 107.361
3 93 10 2  12833.5 9561.29 9489.48 6889.51 3435.2
3 94 1 2  0.00347024 0.00301364 0.00266393 0.00185542 7.63513e-05
3 94 2 2  4803.12 2783.52 2509.75 367.652 0
3 94 3 2  18.7601 14.0906 16.7227 21.9772 28.6476
3 94 4 2  17.7174 9.51709 7.00138 4.86863 10.5037
3 94 5 2  47.2106 74.4215 17.7417 5.84999e-06 1.79309e-11
3 94 6 2  2.76693e-07 2.79693e-07 1.20272e-07 5.13963e-08 3.98542e-09
3 94 7 2  85355.2 33368.3 25822.6 17140 9486.94
3 94 8 2  1522.99 972.275 620.148 239.388 31.1656
3 94 9 2  516.601 210.109 158.109 107.648 107.361
3 94 10 2  13959.5 10083.2 9136.13 6365.86 3321.16
3 95 1 2  0.00254112 0.00223518 0.0020179 0.00145172 3.42682e-05
3 95 2 2  4434.85 2623.09 2389 352.388 0
3 95 3 2  15.2723 11.5389 15.1759 20.8685 25.2592
3 95 4 2  17.7174 9.51706 7.00136 4.86862 10.5037
3 95 5 2  36.1244 60.8983 12.5651 4.12153e-06 1.25969e-11
3 95 6 2  1.63471e-07 1.70139e-07 7.97864e-08 3.45303e-08 2.80942e-09
3 95 7 2  84313.9 33127.3 25813.2 17212.5 9502.17
3 95 8 2  1411.42 918.344 596.268 227.817 29.772
3 95 9 2  516.601 210.109 158.109 107.648 107.361
3 95 10 2  12864.5 9493.63 9107.39 6375.17 3198.46
3 96 1 2  0.00185329 0.00164234 0.00150787 0.00112582 1.53803e-05
3 96 2 2  4136.75 2447.7 2248.88 328.292 0
3 96 3 2  13.4972 10.1691 12.9827 18.4607 22.1383
3 96 4 2  17.7174 9.51704 7.00134 4.86861 10.5037
3 96 5 2  26.9146 49.3185 8.89897 2.90376e-06 8.84962e-12
3 96 6 2  1.07793e-07 1.09002e-07 4.96993e-08 2.26882e-08 7.78051e-10
3 96 7 2  83354.5 32823.2 25725.9 17253.8 9521.59
3 96 8 2  1322.7 860.081 561.52 216.613 28.2878
3 96 9 2  516.601 210.109 158.109 107.648 107.361
3 96 10 2  12349.1 9047.69 8607.84 6123.24 3110.32
3 97 1 2  0.00137439 0.00120978 0.00111594 0.000860654 6.90301e-06
3 97 2 2  3950.44 2318.91 2112.95 308.95 0
3 97 3 2  12.0342 9.07327 11.6171 16.2403 19.2848
3 97 4 2  17.7173 9.51703 7.00133 4.8686 10.5037
3 97 5 2  20.4994 39.3966 6.30249 2.0458e-06 6.21707e-12
3 97 6 2  6.38125e-08 6.52923e-08 3.07782e-08 1.45423e-08 1.07591e-10
3 97 7 2  82882.2 32550.7 25582 17258.2 9540.23
3 97 8 2  1270.14 820.437 529.977 204.128 26.7728
3 97 9 2  516.601 210.109 158.109 107.648 107.361
3 97 10 2  12093.2 8844.46 8321.19 5841.47 2968.52
3 98 1 2  0.00105758 0.000910717 0.000826288 0.000642922 3.09822e-06
3 98 2 2  3958.37 2281.42 2017.53 296.932 0
3 98 3 2  11.4471 8.63189 10.7839 14.3745 17.6093
3 98 4 2  17.7174 9.51703 7.00132 4.86859 10.5037
3 98 5 2  16.2959 30.9319 4.4636 1.44134e-06 4.36764e-12
3 98 6 2  4.09992e-08 4.26635e-08 1.95585e-08 8.79151e-09 5.70322e-10
3 98 7 2  83402.8 32445.8 25427.7 17228.5 9553.86
3 98 8 2  1286.69 818.914 513.982 194.161 25.4521
3 98 9 2  516.601 210.109 158.109 107.648 107.361
3 98 10 2  12531.7 9124.75 8375.21 5742.5 2902.73
3 99 1 2  0.000766153 0.000675889 0.000616652 0.000476434 1.39055e-06
3 99 2 2  3547.34 2118.93 1940.67 287.847 0
3 99 3 2  9.02176 6.81907 9.03805 12.9526 16.3316
3 99 4 2  17.7174 9.51704 7.00132 4.86858 10.5037
3 99 5 2  12.0376 23.9239 3.16125 1.01548e-06 3.06837e-12
3 99 6 2  2.53367e-08 2.65442e-08 1.24314e-08 5.56045e-09 5.58105e-10
3 99 7 2  82310.2 32272.5 25301.8 17177.9 9559.93
3 99 8 2  1156.79 758.778 497.737 189.162 24.4978
3 99 9 2  516.601 210.109 158.109 107.648 107.361
3 99 10 2  11150.1 8274.12 8093.24 5784.88 2917.95
3 100 1 2  0.000568984 0.000499449 0.000456711 0.000345934 6.24109e-07
3 100 2 2  3331.55 1973.36 1822.68 280.88 0
3 100 3 2  7.81823 5.92268 7.57921 10.502 15.798
3 100 4 2  17.7174 9.51706 7.00132 4.86858 10.5037
3 100 5 2  9.33312 17.9367 2.23889 7.15441e-07 2.15561e-12
3 100 6 2  1.61891e-08 1.78525e-08 8.30454e-09 3.6743e-09 5.43485e-10
3 100 7 2  81764.1 32056.2 25164.3 17115.8 9558.09
3 100 8 2  1097.13 712.69 465.75 180.669 24.0205
3 100 9 2  516.601 210.109 158.109 107.648 107.361
3 100 10 2  10743.8 7944.33 7602.74 5501.93 2968.12
3 101 1 2  0.000405134 0.000363816 0.000337671 0.000255609 2.80114e-07
3 101 2 2  2972.92 1788.61 1691.24 254.184 0
3 101 3 2  6.73257 5.07854 6.38091 8.97998 13.5634
3 101 4 2  17.7175 9.51709 7.00134 4.86858 10.5037
3 101 5 2  6.60806 13.5794 1.58565 5.04055e-07 1.51437e-12
3 101 6 2  1.12475e-08 1.1727e-08 5.35204e-09 2.4087e-09 3.22415e-10
3 101 7 2  80529.9 31753.7 25007.7 17042.9 9548.71
3 101 8 2  984.893 648.211 432.259 169.579 22.7401
3 101 9 2  516.601 210.109 158.109 107.648 107.361
3 101 10 2  9802.48 7245.98 7059.17 5173.51 2792.14
3 102 1 2  0.000289376 0.000261317 0.000246975 0.000192138 1.25721e-07
3 102 2 2  2716.56 1627.12 1544.89 229.724 0
3 102 3 2  5.77243 4.35322 5.585 7.8754 10.9861
3 102 4 2  17.7176 9.51713 7.00137 4.86859 10.5037
3 102 5 2  4.69993 10.3687 1.12301 3.55127e-07 1.06388e-12
3 102 6 2  7.01458e-09 7.20787e-09 3.3648e-09 1.51848e-09 1.44041e-10
3 102 7 2  79671.1 31419.6 24814.7 16956.9 9532.07
3 102 8 2  902.968 591.841 394.136 156.183 21.0629
3 102 9 2  516.601 210.109 158.109 107.648 107.361
3 102 10 2  9131.18 6724.79 6499.91 4733.6 2535.2
3 103 1 2  0.000222073 0.000193464 0.000179824 0.00014442 5.64265e-08
3 103 2 2  2818.63 1611.9 1436.94 208.147 0
3 103 3 2  6.02739 4.52519 5.4502 7.1082 8.83525
3 103 4 2  17.7177 9.51718 7.0014 4.86861 10.5037
3 103 5 2  3.5865 7.99317 0.79536 2.50201e-07 7.47405e-13
3 103 6 2  5.0285e-09 5.02222e-09 2.19427e-09 9.62161e-10 3.31411e-11
3 103 7 2  81044.6 31372 24620.4 16855.2 9508
3 103 8 2  947.875 598.657 373.584 143.385 19.2227
3 103 9 2  516.601 210.109 158.109 107.648 107.361
3 103 10 2  9997.63 7202.02 6468.27 4417.82 2280.13
3 104 1 2  0.00017498 0.000149036 0.000134055 0.000104438 7.46346e-06
3 104 2 2  3083.72 1711.99 1418.49 188.835 0
3 104 3 2  6.68327 4.97275 5.82784 7.60505 6.0742
3 104 4 2  17.7178 9.51724 7.00144 4.86864 10.5037
3 104 5 2  2.68397 5.66934 1.37896 1.76277e-07 5.25072e-13
3 104 6 2  3.73573e-09 3.39112e-09 1.42436e-09 5.48609e-10 4.58304e-12
3 104 7 2  83739.5 31755.8 24535.4 16751 9476.55
3 104 8 2  1047.16 648.852 384.784 138.472 17.3907
3 104 9 2  516.601 210.109 158.109 107.648 107.361
3 104 10 2  11522.1 8142.4 7016.02 4469.05 2033.91
3 105 1 2  0.000147594 0.000119705 0.000102211 7.69706e-05 5.86525e-06
3 105 2 2  3215.57 1811.63 1479.71 211.784 0
3 105 3 2  5.19195 3.9364 5.45826 7.51917 6.57304
3 105 4 2  17.7179 9.51729 7.00148 4.86866 10.5038
3 105 5 2  2.86705 4.36316 1.29737 1.24195e-07 3.68877e-13
3 105 6 2  2.05881e-09 2.16727e-09 9.97344e-10 3.85221e-10 2.29567e-11
3 105 7 2  85888.9 32368.5 24632.1 16675.6 9440.25
3 105 8 2  1100.66 690.299 413.021 144.449 17.448
3 105 9 2  516.601 210.109 158.109 107.648 107.361
3 105 10 2  11670.2 8531.11 7786.74 5038.05 2249.54
3 106 1 2  0.00010607 9.21044e-05 8.00774e-05 5.9433e-05 2.63246e-06
3 106 2 2  2860.11 1704.73 1508.41 213.433 0
3 106 3 2  4.23184 3.1917 4.22138 6.5204 6.59311
3 106 4 2  17.7179 9.51732 7.00152 4.86869 10.5038
3 106 5 2  2.18732 3.6838 0.918849 8.75009e-08 2.59147e-13
3 106 6 2  1.31535e-09 1.3063e-09 6.06125e-10 2.69981e-10 8.00273e-12
3 106 7 2  84782.8 32663.9 24853.8 16657.1 9404.97
3 106 8 2  981.152 643.299 417.456 152.364 18.1847
3 106 9 2  516.601 210.109 158.109 107.648 107.361
3 106 10 2  10375.2 7660.86 7485.43 5293.98 2480.27
3 107 1 2  8.00004e-05 6.93095e-05 6.15653e-05 4.64207e-05 1.18151e-06
3 107 2 2  2909.67 1673.94 1465.77 209.018 0
3 107 3 2  4.17772 3.14139 3.90897 5.48814 5.83942
3 107 4 2  17.7179 9.51734 7.00155 4.86872 10.5038
3 107 5 2  1.75537 3.08417 0.650767 6.16482e-08 1.82058e-13
3 107 6 2  8.29794e-10 8.27672e-10 3.7674e-10 1.6787e-10 1.1067e-12
3 107 7 2  85184.1 32825.5 25053.5 16691.4 9377.56
3 107 8 2  1005.85 639.133 401.373 150.425 18.6555
3 107 9 2  516.601 210.109 158.109 107.648 107.361
3 107 10 2  11111.5 8022.35 7285.73 5004.78 2473.63
3 108 1 2  5.87769e-05 5.161e-05 4.67319e-05 3.49408e-05 1.95741e-06
3 108 2 2  2801.74 1629.74 1433.62 200.161 0
3 108 3 2  3.65519 2.75466 3.58106 5.13201 4.83696
3 108 4 2  17.7179 9.51734 7.00156 4.86874 10.5039
3 108 5 2  1.32288 2.56977 0.4609 4.34339e-08 1.27901e-13
3 108 6 2  4.97083e-10 4.83105e-10 2.25432e-10 9.9839e-11 1.53045e-13
3 108 7 2  84944.4 32902.3 25216.6 16754.9 9361.62
3 108 8 2  971.878 624.24 395.313 147.129 18.2965
3 108 9 2  516.601 210.109 158.109 107.648 107.361
3 108 10 2  10748.5 7825.96 7321.89 4992.87 2362.65
3 109 1 2  4.83527e-05 4.03428e-05 3.54112e-05 2.59224e-05 2.76089e-06
3 109 2 2  3129.4 1733.26 1426.8 193.83 0
3 109 3 2  3.98418 2.98068 3.58803 4.85338 3.91502
3 109 4 2  17.7178 9.51732 7.00156 4.86874 10.5039
3 109 5 2  1.08346 2.15738 0.326428 3.06011e-08 8.98538e-14
3 109 6 2  3.55809e-10 3.34793e-10 1.42261e-10 5.66798e-11 2.11646e-14
3 109 7 2  87037.3 33201.5 25355.1 16829.8 9357.39
3 109 8 2  1097.56 678.364 402.052 144.806 17.7847
3 109 9 2  516.601 210.109 158.109 107.648 107.361
3 109 10 2  12684.9 8991.4 7743.37 4977.3 2282.6
3 110 1 2  3.97206e-05 3.26157e-05 2.76271e-05 1.94732e-05 2.73751e-06
3 110 2 2  3313.05 1849.62 1491.05 200.367 0
3 110 3 2  3.65425 2.75561 3.55849 4.88309 3.39538
3 110 4 2  17.7177 9.51729 7.00155 4.86875 10.504
3 110 5 2  0.874262 1.7993 0.231189 2.15597e-08 6.31247e-14
3 110 6 2  2.27947e-10 2.16505e-10 9.42654e-11 3.55265e-11 2.92682e-15
3 110 7 2  88598.7 33664 25553.6 16914.5 9363.41
3 110 8 2  1171.33 730.445 432.889 150.419 17.7155
3 110 9 2  516.601 210.109 158.109 107.648 107.361
3 110 10 2  13484.3 9678.07 8589.68 5445.49 2338.55
3 111 1 2  3.23093e-05 2.63915e-05 2.19141e-05 1.5132e-05 1.58094e-06
3 111 2 2  3368.83 1913.33 1571.97 224.017 0
3 111 3 2  3.03136 2.29381 3.08926 4.41066 3.97001
3 111 4 2  17.7176 9.51724 7.00152 4.86874 10.504
3 111 5 2  0.728328 1.42516 0.163736 1.51897e-08 4.43468e-14
3 111 6 2  1.33287e-10 1.38809e-10 6.36579e-11 2.53808e-11 1.32286e-12
3 111 7 2  89174.5 34064.9 25812.1 17020 9379.12
3 111 8 2  1202.66 759.22 460.28 161.247 18.9544
3 111 9 2  516.601 210.109 158.109 107.648 107.361
3 111 10 2  13611.3 9943.87 9142.4 6038.29 2719.24
3 112 1 2  2.34783e-05 2.03217e-05 1.74592e-05 1.21953e-05 7.09563e-07
3 112 2 2  3112.04 1830.54 1598.34 225.082 0
3 112 3 2  2.65351 1.99739 2.56703 3.81301 3.8405
3 112 4 2  17.7175 9.51718 7.00148 4.86872 10.504
3 112 5 2  0.51963 1.12316 0.115963 1.07017e-08 3.11548e-14
3 112 6 2  8.86402e-11 8.74208e-11 3.96149e-11 1.72634e-11 4.63054e-13
3 112 7 2  87612.7 34111.8 26057.5 17148.2 9405.16
3 112 8 2  1115.78 724.119 463.567 169.034 20.1079
3 112 9 2  516.601 210.109 158.109 107.648 107.361
3 112 10 2  12741.2 9337.01 8913.12 6218.33 2929.17
3 113 1 2  1.73267e-05 1.51694e-05 1.35221e-05 9.56818e-06 6.48929e-07
3 113 2 2  3067.06 1776.49 1559.6 218.683 0
3 113 3 2  2.45743 1.8491 2.35567 3.38178 3.25234
3 113 4 2  17.7174 9.51711 7.00143 4.86869 10.504
3 113 5 2  0.382669 0.885664 0.0821282 7.53977e-09 2.1887e-14
3 113 6 2  5.39582e-11 5.26721e-11 2.42373e-11 1.05248e-11 6.40327e-14
3 113 7 2  86698.1 33947 26190.8 17280.2 9441.44
3 113 8 2  1104.17 706.872 448.071 167.572 20.5527
3 113 9 2  516.601 210.109 158.109 107.648 107.361
3 113 10 2  12943.1 9375.71 8661.85 5964.67 2877.27
3 114 1 2  1.38064e-05 1.17048e-05 1.03386e-05 7.29294e-06 9.08774e-07
3 114 2 2  3339.57 1860.11 1543.89 205.61 0
3 114 3 2  2.64635 1.97552 2.37607 3.32672 2.36519
3 114 4 2  17.7173 9.51704 7.00138 4.86866 10.504
3 114 5 2  0.291314 0.628812 0.147435 5.31203e-09 1.53762e-14
3 114 6 2  3.84223e-11 3.50328e-11 1.49227e-11 5.7759e-12 8.85457e-15
3 114 7 2  87599.7 33929.1 26230.8 17390 9484.99
3 114 8 2  1212.34 753.702 451.714 163.803 19.9761
3 114 9 2  516.601 210.109 158.109 107.648 107.361
3 114 10 2  14791.6 10474.7 9095.81 5869.43 2665.67
3 115 1 2  1.16307e-05 9.46864e-06 8.02165e-06 5.58354e-06 8.1213e-07
3 115 2 2  3585.19 1994.46 1603.83 217.883 0
3 115 3 2  2.31015 1.74845 2.32261 3.2568 2.19871
3 115 4 2  17.7172 9.51697 7.00133 4.86862 10.504
3 115 5 2  0.300692 0.504352 0.139454 3.7425e-09 1.08021e-14
3 115 6 2  2.34554e-11 2.27218e-11 9.96671e-12 3.71849e-12 1.22441e-15
3 115 7 2  88739.8 34107.7 26273.4 17472.3 9531.11
3 115 8 2  1310.68 815.621 482.516 168.49 19.9765
3 115 9 2  516.601 210.109 158.109 107.648 107.361
3 115 10 2  15764.1 11341 10071.1 6384.31 2756.13
3 116 1 2  8.98826e-06 7.49968e-06 6.3207e-06 4.29004e-06 4.44564e-07
3 116 2 2  3312.99 1942.94 1668 246.037 0
3 116 3 2  1.67518 1.26918 1.78542 2.72411 2.85162
3 116 4 2  17.7171 9.5169 7.00127 4.86859 10.5039
3 116 5 2  0.261369 0.410317 0.0987637 2.63671e-09 7.58873e-15
3 116 6 2  1.20842e-11 1.32006e-11 6.46541e-12 2.75692e-12 2.37162e-13
3 116 7 2  87339 34079.7 26340.7 17540.5 9576.42
3 116 8 2  1217.57 789.292 500.621 179.745 21.5018
3 116 9 2  516.601 210.109 158.109 107.648 107.361
3 116 10 2  13982.7 10425.3 10171 7067.27 3303.73
3 117 1 2  6.45359e-06 5.66205e-06 4.94979e-06 3.39467e-06 1.9953e-07
3 117 2 2  2995.63 1787.26 1626.62 237.37 0
3 117 3 2  1.53473 1.1549 1.43574 2.11463 2.73629
3 117 4 2  17.717 9.51684 7.00122 4.86855 10.5039
3 117 5 2  0.19424 0.33297 0.0699461 1.85764e-09 5.33125e-15
3 117 6 2  8.65968e-12 8.79236e-12 3.95978e-12 1.79385e-12 1.47782e-13
3 117 7 2  85001.9 33699 26333.5 17597.4 9619.77
3 117 8 2  1106.58 725.347 477.837 181.307 22.5258
3 117 9 2  516.601 210.109 158.109 107.648 107.361
3 117 10 2  13045.3 9596.86 9285.76 6768.28 3465.33
3 118 1 2  4.71195e-06 4.17064e-06 3.77826e-06 2.67498e-06 1.60525e-07
3 118 2 2  2923.33 1703.18 1535.29 218.062 0
3 118 3 2  1.47829 1.10951 1.37169 1.89094 2.14487
3 118 4 2  17.7169 9.5168 7.00117 4.86851 10.5038
3 118 5 2  0.144114 0.274995 0.0495369 1.30876e-09 3.74531e-15
3 118 6 2  5.6946e-12 5.55336e-12 2.49792e-12 1.09003e-12 3.31791e-14
3 118 7 2  83836.6 33231 26196.2 17624.2 9659.53
3 118 8 2  1084.78 697.198 448.012 172.189 22.0214
3 118 9 2  516.601 210.109 158.109 107.648 107.361
3 118 10 2  13229.9 9584.34 8879.41 6213.87 3157.55
3 119 1 2  3.69264e-06 3.15257e-06 2.8286e-06 2.06318e-06 9.68593e-08
3 119 2 2  2967.16 1699.69 1480.59 216.948 0
3 119 3 2  1.31102 0.990366 1.2822 1.72821 1.96573
3 119 4 2  17.7169 9.51678 7.00114 4.86848 10.5037
3 119 5 2  0.118323 0.219033 0.0350828 9.22058e-10 2.63116e-15
3 119 6 2  3.36144e-12 3.51882e-12 1.63236e-12 6.96635e-13 4.72169e-14
3 119 7 2  83860.5 32922.5 25984.6 17605.9 9692.07
3 119 8 2  1110.44 704.413 438.605 164.407 21.2841
3 119 9 2  516.601 210.109 158.109 107.648 107.361
3 119 10 2  13449.8 9821.15 9056.7 6162.82 3066.25
3 120 1 2  2.70241e-06 2.36233e-06 2.12494e-06 1.54406e-06 4.34725e-08
3 120 2 2  2653.18 1583.52 1440.18 218.109 0
3 120 3 2  0.999902 0.757013 1.0123 1.47425 2.00018
3 120 4 2  17.717 9.51677 7.00112 4.86846 10.5037
3 120 5 2  0.090425 0.167493 0.0248462 6.49616e-10 1.84845e-15
3 120 6 2  2.00897e-12 2.1925e-12 1.04588e-12 4.70308e-13 6.0821e-14
3 120 7 2  82256 32548.6 25762.6 17547.4 9713.54
3 120 8 2  997.859 654.609 428.624 162.056 20.9684
3 120 9 2  516.601 210.109 158.109 107.648 107.361
3 120 10 2  11735.6 8765.72 8674.22 6276.87 3219.51
3 121 1 2  1.90939e-06 1.72063e-06 1.59526e-06 1.15316e-06 9.15949e-08
3 121 2 2  2491.32 1470.54 1351.36 186.644 0
3 121 3 2  1.01634 0.756311 0.897829 1.33104 1.454
3 121 4 2  17.717 9.51679 7.00112 4.86844 10.5036
3 121 5 2  0.0604915 0.123752 0.0295946 4.57674e-10 1.29857e-15
3 121 6 2  1.58089e-12 1.45096e-12 6.25635e-13 2.67014e-13 1.76206e-14
3 121 7 2  81080.8 32117.5 25504.5 17457.3 9721.96
3 121 8 2  939.415 610.064 398.985 154.265 19.7486
3 121 9 2  516.601 210.109 158.109 107.648 107.361
3 121 10 2  11704 8441.22 7908.24 5665.69 2877.13
3 122 1 2  1.56721e-06 1.32129e-06 1.18853e-06 8.62976e-07 1.28804e-07
3 122 2 2  2782.35 1543.9 1297.82 173.028 0
3 122 3 2  1.06674 0.799288 0.975823 1.35633 0.929141
3 122 4 2  17.7171 9.51683 7.00113 4.86844 10.5035
3 122 5 2  0.0547863 0.0902553 0.0397313 3.22445e-10 9.12276e-16
3 122 6 2  1.02894e-12 9.37011e-13 4.00693e-13 1.44647e-13 2.43655e-15
3 122 7 2  82912.8 32060.6 25248.2 17338.9 9716.45
3 122 8 2  1052.9 652.471 391.474 144.865 18.2158
3 122 9 2  516.601 210.109 158.109 107.648 107.361
3 122 10 2  13577.9 9594.58 8275.06 5327.45 2467.85
3 123 1 2  1.35922e-06 1.09181e-06 9.17975e-07 6.48135e-07 1.16884e-07
3 123 2 2  3077.56 1694 1345.23 179.165 0
3 123 3 2  0.961062 0.727117 0.959052 1.36756 0.793245
3 123 4 2  17.7172 9.51688 7.00116 4.86845 10.5035
3 123 5 2  0.0586637 0.0812052 0.0337963 2.27173e-10 6.40894e-16
3 123 6 2  6.49763e-13 6.11937e-13 2.63696e-13 9.28643e-14 3.36926e-16
3 123 7 2  85417.5 32436.4 25126.2 17211.9 9697.2
3 123 8 2  1172.22 723.674 421.758 146.546 17.514
3 123 9 2  516.601 210.109 158.109 107.648 107.361
3 123 10 2  14894.3 10641.1 9301.7 5797.54 2456.94
4 1 1 2  12100.4 6505.86 8178.22 4614.8 518.66
4 1 2 2  0.0114339 684.36 1324.1 191.142 0.417551
4 1 3 2  26899.9 20438.4 8656.25 2275.52 3316.34
4 1 4 2  125.293 33.2081 4.81331 0.283289 25.3021
4 1 5 2  14926.2 11241.7 29221.4 8094.32 9497.6
4 1 6 2  18249.9 15564.4 11524.7 2287 216.101
4 1 7 2  6.3245e-32 653.915 180.924 684.906 66.1711
4 1 8 2  6032.83 4031.63 2718.71 703.896 43.9872
4 1 9 2  511.442 126.315 217.876 841.705 300.752
4 1 10 2  37928.9 35679.9 24956.9 10228 2399.69
4 2 1 2  10461.3 8330.95 6352.87 4555.9 1421.37
4 2 2 2  10985.7 4797.1 1448.6 144.84 3.08576e-06
4 2 3 2  10495 12123.4 20560.8 1801.66 1462.57
4 2 4 2  92.7871 49.4405 21.1351 5.07146 20.0082
4 2 5 2  23118.4 23248.5 23885.3 16887.8 6668.64
4 2 6 2  24380.6 21872 6534.41 307.019 27.926
4 2 7 2  872.062 479.314 287.892 538.637 132.719
4 2 8 2  4532.7 3627.49 2491.3 891.32 74.7538
4 2 9 2  598.769 217.806 158.976 403.856 444.936
4 2 10 2  38268.3 33345 29942.9 15663.6 3522.51
4 3 1 2  10386.5 8045.25 5672.28 3770.25 1606.41
4 3 2 2  8380.86 5352.37 2921.2 295.582 1.15312e-11
4 3 3 2  2727.83 4031.59 15238.1 4728.09 607.555
4 3 4 2  69.705 46.234 29.4405 12.4348 18.5168
4 3 5 2  22763.2 25281.4 27130.4 21664.8 4648.74
4 3 6 2  36936.9 34271.9 8519.04 40.0574 3.47505
4 3 7 2  1124.05 454.361 319.697 443.052 169.254
4 3 8 2  4624.39 3424.37 2112.12 765.449 75.7063
4 3 9 2  2840.26 789.208 261.348 219.759 389.623
4 3 10 2  28429.4 26164.4 26226.9 15300 3938.9
4 4 1 2  18044.5 12281 6286.09 3243.44 1494.03
4 4 2 2  3911.64 3305.88 3027.19 615.226 1.06371e-16
4 4 3 2  61774.7 46035.2 25245.1 3552.44 245.809
4 4 4 2  53.3882 38.6504 29.9712 17.1291 20.6574
4 4 5 2  9923.94 15469.5 25922.3 27321.1 3229.57
4 4 6 2  28873.8 28023.9 8795.56 5.02653 0.414335
4 4 7 2  1281.18 471.398 334.577 376.273 186.199
4 4 8 2  4635.08 3415.41 2021.33 678.988 65.864
4 4 9 2  1971.91 867.737 515.913 235.841 311.206
4 4 10 2  48612.2 38364.8 27080.1 13412.9 3555.61
4 5 1 2  16602.9 12510.9 7389.42 3312.26 1282.32
4 5 2 2  1952.09 1733.94 2131.62 785.888 9.99049e-18
4 5 3 2  187353 149388 89074 8941.04 93.8734
4 5 4 2  41.9374 30.6561 25.899 17.6205 22.9969
4 5 5 2  5574.84 8453.91 18517.7 29073.8 2230.4
4 5 6 2  63779.7 55993.9 11936.6 0.607091 0.0473611
4 5 7 2  1447.17 506.977 347.881 329.382 190.403
4 5 8 2  5024.52 3578.6 1948.4 591.327 52.9334
4 5 9 2  1393.16 666.853 524.764 292.912 267.078
4 5 10 2  28826.5 27559.2 27701.7 14081 3038.87
4 6 1 2  9990.24 8950.35 6940.28 3539.69 1200.75
4 6 2 2  1072.89 894.969 1249.47 667.228 1.97315e-18
4 6 3 2  34841.8 50641.6 117833 41324.5 35.9895
4 6 4 2  33.9297 24.6184 21.5359 16.1723 24.7506
4 6 5 2  8594.13 8908.95 13802.4 25281.7 1542.15
4 6 6 2  26860.9 30576.5 12860.2 0.0721838 0.00533582
4 6 7 2  1565.28 550.922 368.893 301.607 189.532
4 6 8 2  4379.34 3315.33 1980.43 605.578 51.0905
4 6 9 2  996.693 493.294 439.175 299.881 259.506
4 6 10 2  16419.4 16327.1 19327.6 12568.9 3363.61
4 7 1 2  7909.49 6912.38 5820.42 3618.81 1312.86
4 7 2 2  1029.37 688.549 761.761 489.318 4.16916e-19
4 7 3 2  107673 88978.2 93910.3 58441.7 15.5328
4 7 4 2  28.3736 20.6417 18.5801 14.845 26.8504
4 7 5 2  14050.5 13563.4 13686.7 21026.6 1075.88
4 7 6 2  31533 31281.5 10589.9 0.00942849 0.000671967
4 7 7 2  1632.89 593.917 399.605 291.812 189.012
4 7 8 2  3507.1 2807.19 1927.66 692.263 64.6322
4 7 9 2  1668.97 612.333 411.657 293.185 278.097
4 7 10 2  14908.6 13382.2 13836.8 10004 3574.87
4 8 1 2  12228.6 8355.23 5080.01 3133.24 1228.58
4 8 2 2  3827.48 1883.91 800.985 78.8085 5.20624e-49
4 8 3 2  21601.3 28130.6 77367.2 76389.7 6.55866
4 8 4 2  24.429 17.3047 15.5408 12.8605 27.138
4 8 5 2  24001.5 21518.2 17997 15577.7 749.294
4 8 6 2  25685.2 28077.8 10143.4 769.4 8.46332e-05
4 8 7 2  1750.66 635.275 430.627 291.571 187.817
4 8 8 2  3535.09 2644.97 1673.07 623.879 66.7525
4 8 9 2  1210.43 564.371 435.978 288.458 280.139
4 8 10 2  19784.2 16534.2 13309.3 7743.68 2843.99
4 9 1 2  8842.41 7330.22 5145.07 2806.68 1038.8
4 9 2 2  4755.38 2722.92 1365.32 152.537 1.3834e-109
4 9 3 2  68416.4 57354 55911 71751.9 2.68366
4 9 4 2  21.6027 14.7855 12.9285 10.7611 25.9211
4 9 5 2  12893.4 18679.5 23555.8 10747.2 520.925
4 9 6 2  41001.3 42386 12351.6 1126.02 1.02177e-05
4 9 7 2  1826.36 672.891 460.915 297.114 186.377
4 9 8 2  3283.89 2481.75 1546.48 547.571 59.2126
4 9 9 2  908.367 444.206 389.435 279.57 274.497
4 9 10 2  11537.3 11236.6 12489.7 7775.04 2464.7
4 10 1 2  17717.6 11634.1 5637.58 2597.7 930.545
4 10 2 2  8103.04 4347.38 2048.78 344.954 2.60816e-114
4 10 3 2  42311.1 40717 60988.9 59322 1.12439
4 10 4 2  19.5144 13.0254 11.0706 9.099 24.2666
4 10 5 2  8485.18 12717 22391.5 12495.4 361.609
4 10 6 2  22969.4 25012.8 10942.4 391.724 1.2593e-06
4 10 7 2  1885.65 701.627 484.281 301.98 182.288
4 10 8 2  3054.04 2314.16 1454.1 512.864 53.1073
4 10 9 2  700.986 344.455 319.081 251.325 264.571
4 10 10 2  8695.71 8073.31 8834.15 6246.18 2146.48
4 11 1 2  11486.4 9584.73 6269.12 2663.67 803.034
4 11 2 2  3652.84 3009.45 2517.75 587.081 1.25167e-115
4 11 3 2  14343.5 17397.7 45724 46027.4 0.436407
4 11 4 2  17.8937 11.4384 9.25208 7.3793 21.0643
4 11 5 2  8352.56 10245.1 17741.3 15193.4 249.017
4 11 6 2  55405.6 50426.5 12114.3 48.3182 1.45414e-07
4 11 7 2  1965.9 725 499.623 304.489 176.099
4 11 8 2  3106.57 2254.91 1287.03 415.224 40.1759
4 11 9 2  2144.06 644.017 301.626 198.402 225.386
4 11 10 2  31332.5 23252.2 12520.2 4627.1 1282.02
4 12 1 2  17841 12389.8 6554.61 2785.63 793.753
4 12 2 2  4647.02 2816.32 2140.13 617.868 6.60954e-117
4 12 3 2  37369.1 31084.3 35307.8 36281.1 0.184343
4 12 4 2  16.6937 10.638 8.42537 6.49047 19.1258
4 12 5 2  8581.95 9857 14891.4 15584 172.318
4 12 6 2  34193.2 36383.4 13744.9 6.22759 1.76747e-08
4 12 7 2  1989.12 746.472 515.095 307.904 170.44
4 12 8 2  2912.92 2200.12 1348.72 444.504 41.1572
4 12 9 2  1500.84 677.816 441.092 222.24 205.793
4 12 10 2  30383.5 26336.9 21673.8 9505.44 1855.54
4 13 1 2  13701.5 10558.7 6327.14 2578.72 668.181
4 13 2 2  4103.6 2630.06 1982.91 499.829 1.74657e-118
4 13 3 2  10061.1 12644.6 30785.3 29537.1 0.0697828
4 13 4 2  15.7647 9.58697 7.23309 5.37926 15.8904
4 13 5 2  8717.23 9889.85 13517.5 14643.9 117.931
4 13 6 2  26181.7 27391.9 10619.6 0.76377 2.01558e-09
4 13 7 2  1969.72 747.877 519.719 306.595 162.717
4 13 8 2  3124.64 2212.17 1188.26 355.92 31.8037
4 13 9 2  1069.42 498.155 394.099 232.827 182.152
4 13 10 2  16811.5 16535.9 18028.4 9860.34 2116.07
4 14 1 2  12183.9 8740.89 4813.83 1883.68 423.872
4 14 2 2  3541.59 2383.37 1749.61 204.208 0
4 14 3 2  43502.7 36437.4 30947.2 27146.7 0.0232415
4 14 4 2  184.504 53.0969 12.4901 4.72502 12.5462
4 14 5 2  12346.7 12015.5 13929.4 11051 79.825
4 14 6 2  20033.8 22822.3 8873.73 808.054 2.01385e-10
4 14 7 2  1967.71 737.819 507.81 295.138 150.319
4 14 8 2  2980.31 2145.03 1133.62 301.555 23.8135
4 14 9 2  777.768 352.598 285.819 190.824 152.843
4 14 10 2  16657.4 14552.1 12992.1 7230.28 1892.98
4 15 1 2  8560.71 6809.67 4087.94 1567.21 342.82
4 15 2 2  1255.7 1306.84 1525.19 217.764 0
4 15 3 2  25839.5 25600.4 39002 24835.8 0.00814805
4 15 4 2  134.737 70.6231 31.3105 9.71598 11.0427
4 15 5 2  11023.4 12951.2 15015.3 11351.9 54.1614
4 15 6 2  55330.8 49078.2 11073.7 278.759 2.09266e-11
4 15 7 2  1918.66 726.433 498.259 285.505 140.004
4 15 8 2  2528.49 1886.38 1067.26 293.083 21.3298
4 15 9 2  746.583 300.856 217.35 147.943 127.967
4 15 10 2  11956.7 10919.1 10585.5 5740.89 1366.11
4 16 1 2  4413.87 4129.22 3275.69 1554.62 372.353
4 16 2 2  384.346 511.786 897.309 117.649 0
4 16 3 2  128820 103349 67761.2 25371.8 0.00284082
4 16 4 2  99.3955 63.7274 39.5014 17.2954 13.1622
4 16 5 2  13683.9 14492.1 15962.9 12220.5 37.1309
4 16 6 2  60843.7 59451.4 16631.9 31.62 2.17434e-12
4 16 7 2  1870.62 724.032 509.618 294.157 140.665
4 16 8 2  2391.6 1740.63 957.161 266.625 19.9228
4 16 9 2  991.717 348.608 200.493 121.627 108.732
4 16 10 2  10383.8 9152.55 8284.07 4422.6 1054.54
4 17 1 2  5069.13 3259.83 1750.38 860.248 224.339
4 17 2 2  192.392 207.372 446.927 66.4503 0
4 17 3 2  19707.2 26482.5 69774 50233.4 0.00078059
4 17 4 2  74.1616 48.5301 33.7789 18.3778 15.086
4 17 5 2  10456 13021.4 17393.7 9376.47 24.9029
4 17 6 2  16217 21919 12021.8 1192.83 1.83603e-13
4 17 7 2  1789.33 692.03 493.691 288.117 135.599
4 17 8 2  3082.84 1999.45 833.647 175.381 11.6511
4 17 9 2  732.34 282.74 170.417 90.9585 73.8573
4 17 10 2  10767.3 9013.95 6740.12 2822.45 547.766
4 18 1 2  4332.69 3266.37 1785.21 672.608 154.786
4 18 2 2  11574.6 5260.77 1304.48 79.3466 0
4 18 3 2  15787.5 14830.9 31407.5 56004.1 0.000280802
4 18 4 2  56.6042 40.1456 31.363 19.7096 19.6278
4 18 5 2  10738.4 12654.6 18317.9 6407.64 17.0186
4 18 6 2  21078.2 22699.8 8153.89 1137.88 1.82954e-14
4 18 7 2  1667.54 667.234 483.895 284.935 132.766
4 18 8 2  2597.08 1968.81 1125.92 290.575 18.5788
4 18 9 2  1026.14 366.396 196.78 96.7935 68.739
4 18 10 2  14197.5 11878.5 9058.47 4151.62 954.819
4 19 1 2  2462.26 2351.19 1783.32 765.307 174.829
4 19 2 2  26761.2 13881.2 4559.82 302.332 0
4 19 3 2  23151.4 19818.1 25244.9 37635 0.000124169
4 19 4 2  44.3574 33.5199 29.3281 20.9999 25.8071
4 19 5 2  6791.22 9579.54 16336.5 9627.61 11.7748
4 19 6 2  28612.5 26598.4 7830.24 344.368 2.49155e-15
4 19 7 2  1526.82 631.932 470.985 280.856 130.328
4 19 8 2  2690.05 2004.92 1234.36 409.881 33.7071
4 19 9 2  823.78 370.025 256.632 131.203 81.8467
4 19 10 2  13608.8 11850.9 10640.8 5820.47 1491.51
4 20 1 2  4365.1 2986.25 1655.99 766.462 196.607
4 20 2 2  29421.4 18354 9495.07 889.486 0
4 20 3 2  33444.3 29399.8 31045.8 30204.3 5.51919e-05
4 20 4 2  35.8089 27.493 25.6961 20.3814 31.097
4 20 5 2  31788.9 24973.5 18044.8 9623.71 8.16297
4 20 6 2  38694.5 39004.8 10926.9 577.356 3.36942e-16
4 20 7 2  1427.91 596.894 458.136 279.816 130.532
4 20 8 2  2957.24 2176.52 1323.5 469.182 46.5364
4 20 9 2  1089.24 426.699 284.947 164.368 105.266
4 20 10 2  19978.4 16516.7 12806 6820.53 2080.71
4 21 1 2  3568.09 2953.12 1924.14 843.99 231.984
4 21 2 2  13673.1 12231.8 10872.3 1129.77 0
4 21 3 2  46379 39811.2 45559.9 19752.5 2.52756e-05
4 21 4 2  29.9828 22.7231 21.8416 18.5868 34.8774
4 21 5 2  11506.3 18072 24355.5 14827 5.66619
4 21 6 2  37522.5 35374.8 10934.4 243.043 4.59828e-17
4 21 7 2  1334.93 562.044 441.937 277.791 131.501
4 21 8 2  2995.93 2247.28 1414.69 517.333 53.5333
4 21 9 2  1523.91 570.107 346.515 195.309 133.121
4 21 10 2  47384.1 36168.8 22169 9112.55 2392.14
4 22 1 2  4667.58 3306.59 1941.09 877.002 220.576
4 22 2 2  11166.1 8610.29 9088.43 1223.97 0
4 22 3 2  13249.9 14884.9 37390.1 35418.6 1.161e-05
4 22 4 2  26.0741 19.112 18.2675 16.1495 36.5605
4 22 5 2  16601.9 16855.7 22875.7 13928.8 3.93229
4 22 6 2  32997.3 37695 13140.6 1305.68 6.20506e-18
4 22 7 2  1275.78 532.139 424.171 274.388 132.782
4 22 8 2  3686.7 2646.27 1539.98 549.449 61.3258
4 22 9 2  2414.77 858.919 470.501 242.397 163.946
4 22 10 2  31774.8 30095 30664 16847.9 4432.48
4 23 1 2  5792.23 4018.69 2011.3 740.435 161.461
4 23 2 2  26098.9 14264.3 8642.36 999.258 0
4 23 3 2  16442.2 14468.2 20378.4 37771.6 5.476e-06
4 23 4 2  23.4338 16.6553 15.6003 13.9505 37.1203
4 23 5 2  12702.2 16231.9 23478.5 9563.54 2.70177
4 23 6 2  16420.8 19903.5 10004.3 1668.61 8.49588e-19
4 23 7 2  1213.5 495.045 387.001 252.005 124.169
4 23 8 2  3587.41 2726.2 1741.14 636.299 71.4761
4 23 9 2  1692.83 818.878 604.367 319.301 199.56
4 23 10 2  22611.2 21466.9 24756.3 18630.1 7124.74
4 24 1 2  5172.16 3861.49 2061.18 676.915 121.141
4 24 2 2  10835.1 10108.3 10064.7 1215.35 0
4 24 3 2  19799.8 17479.2 20119.2 30954.9 2.46367e-06
4 24 4 2  21.4505 14.6209 13.1352 11.6028 35.1387
4 24 5 2  23559.4 22271.4 25846.9 6517.93 1.8383
4 24 6 2  14685.4 16067.5 6514.7 995.727 1.12068e-19
4 24 7 2  1166.57 461.636 348.004 223.681 111.348
4 24 8 2  2956.64 2344.42 1613.48 621.642 70.6971
4 24 9 2  2743.65 995.626 616.416 356.172 231.56
4 24 10 2  22183.5 19594.7 19173.6 13867.3 6020.64
4 25 1 2  2632.69 2535.12 1784.81 643.436 101.441
4 25 2 2  14578.6 9792.33 6736 766.838 0
4 25 3 2  4768.42 5717.86 15497.8 27189.3 1.03176e-06
4 25 4 2  19.8304 13.2857 11.5472 9.9159 32.9875
4 25 5 2  13799.7 19733.6 28470.9 4453.47 1.25251
4 25 6 2  20772.5 22500.7 7266.93 883.171 1.48374e-20
4 25 7 2  1156.05 441.444 318.363 199.264 99.2488
4 25 8 2  2495.88 1997.01 1435.33 596.144 72.6528
4 25 9 2  1933.05 924.147 694.941 398.014 265.614
4 25 10 2  24641.5 21453.4 19326.2 12428.2 5285.49
4 26 1 2  1405.21 1406.71 1218.48 590.408 120.325
4 26 2 2  9107.64 7603.86 2217.53 34.2601 0
4 26 3 2  32443.2 25764.8 15613.8 8898.72 1.77931e-07
4 26 4 2  18.5709 11.9116 9.83184 8.12754 28.617
4 26 5 2  25745.5 26107.3 28603.2 8550.29 0.856681
4 26 6 2  29444.7 28536.8 8530.71 284.221 1.84574e-21
4 26 7 2  1163.53 437.54 308.348 188.769 93.645
4 26 8 2  2062.28 1618.44 1104.91 441.86 53.3857
4 26 9 2  1420.02 692.844 599.809 398.529 285.686
4 26 10 2  14596.6 14252.6 16095.4 10379.3 3476.58
4 27 1 2  1108.89 952.697 731.071 403.26 118.379
4 27 2 2  19365.9 11161.7 2235.47 0.00211424 0
4 27 3 2  9217.29 13088.4 11908.4 160.098 1.66064e-09
4 27 4 2  17.652 11.0377 8.69524 6.83752 24.5111
4 27 5 2  30735.2 34215.9 33458.6 20434.4 0.584643
4 27 6 2  20470 20379 7215.59 36.4912 2.20296e-22
4 27 7 2  1210.74 439.514 298.243 177.184 86.7006
4 27 8 2  1831.45 1407.28 915.67 343.317 37.7059
4 27 9 2  1047.27 513.843 464.791 344.974 284.355
4 27 10 2  9046.19 8962.94 10826.5 7665.28 2380.29
4 28 1 2  2264.64 1517.19 729.013 315.201 103.934
4 28 2 2  10706 9360.04 2567.89 15.2868 0
4 28 3 2  2972.74 4669.54 8074.24 880.396 5.6788e-12
4 28 4 2  17.0281 10.6523 8.28682 6.28589 22.1436
4 28 5 2  25181.7 30392.8 37280.7 30665.4 0.40309
4 28 6 2  20675.2 20297.4 6449.09 5.12762 2.9139e-23
4 28 7 2  1292.96 459.396 301.297 172.998 82.8213
4 28 8 2  1804.69 1364.66 875.092 328.692 35.4139
4 28 9 2  5655.51 1609.21 600.285 315.647 288.384
4 28 10 2  8444.96 7639.21 8040.32 5899.68 2102.09
4 29 1 2  2564.24 1904.62 1008.1 344.889 83.277
4 29 2 2  7573.18 6648.72 1845.37 0.00525905 0
4 29 3 2  39454 32303.5 15970.5 1170.26 6.51314e-14
4 29 4 2  16.7737 10.6594 8.43734 6.34416 21.6055
4 29 5 2  19369.1 24992.4 40388.1 26187 0.279844
4 29 6 2  14485 16548.1 6609.51 511.273 4.35033e-24
4 29 7 2  1393.34 487.393 309.057 170.497 79.1109
4 29 8 2  1952.84 1471.34 963.277 385.345 45.4754
4 29 9 2  3879.6 1836.15 1181.42 503.67 327.322
4 29 10 2  13491.8 11278.1 9231.56 5895.11 2548.82
4 30 1 2  1927.2 1688.98 1145.01 444.509 94.4759
4 30 2 2  12385.2 7802.66 1795.53 13.4364 0
4 30 3 2  11011.1 14846.3 23193.5 3149.34 3.88339e-16
4 30 4 2  16.8062 10.5716 8.3905 6.33861 20.9628
4 30 5 2  35749.7 36700.7 39937.4 29935.3 0.194124
4 30 6 2  25951.8 23871.3 6665.68 212.517 6.57151e-25
4 30 7 2  1444.01 513.994 322.44 171.362 76.4516
4 30 8 2  1981.32 1502.5 994.452 405.897 49.3431
4 30 9 2  2735.23 1463.71 1293.01 747.266 436.761
4 30 10 2  9430.45 9013.92 9931.23 6647.75 2486.35
4 31 1 2  1482.54 1335.32 1076.32 547.197 136.477
4 31 2 2  23303.3 13392 2892.29 20.2369 0
4 31 3 2  3678.59 5049.56 12641.3 3923.64 3.76724e-17
4 31 4 2  17.0071 10.4049 8.04219 6.02543 19.4531
4 31 5 2  17539.1 26331.7 41326.2 34252.8 0.135532
4 31 6 2  18606.8 19854.7 7380.28 30.979 9.10614e-26
4 31 7 2  1518.89 549.607 352.312 185.743 80.1145
4 31 8 2  1896.8 1444.1 942.22 370.318 44.2974
4 31 9 2  1912.13 1048.85 1079.19 808.077 570.027
4 31 10 2  5762.16 5790.7 7314.65 5654.39 2162.66
4 32 1 2  1005.44 938.34 832.663 504.51 145.555
4 32 2 2  10707.4 10066.4 3276.45 65.8471 0
4 32 3 2  1240.87 1518.89 4725.84 3399.71 4.28797e-18
4 32 4 2  17.4097 10.3044 7.62601 5.55716 17.3848
4 32 5 2  9511.05 16615.4 39103.7 27473 0.0945179
4 32 6 2  13634.7 15614.4 6428.97 547.94 1.17611e-26
4 32 7 2  1637.69 588.529 383.02 203.632 85.8106
4 32 8 2  1850.7 1386.86 863.006 316.429 36.5199
4 32 9 2  1892.37 856.307 804.157 691.446 624.921
4 32 10 2  3277.83 3341.54 4455.92 3751.73 1612.63
4 33 1 2  706.848 642.737 549.834 345.69 103.421
4 33 2 2  26486 15378.9 5057.38 307.983 0
4 33 3 2  1230.28 1134.77 1964.56 2888.33 9.61548e-19
4 33 4 2  17.9638 10.4606 7.48747 5.25839 15.6394
4 33 5 2  12562.9 14967.6 34055.9 19045.2 0.0654322
4 33 6 2  14287.4 16532.3 6298.12 897.586 1.50256e-27
4 33 7 2  1778.24 626.195 401.873 213.22 88.1536
4 33 8 2  1742 1318.91 826.919 294.244 32.8332
4 33 9 2  1338.94 667.988 627.573 540.587 590.507
4 33 10 2  1797.83 1844.16 2547.98 2309.48 1154.15
4 34 1 2  635.118 511.954 372.857 219.862 67.9979
4 34 2 2  22320.4 16096.8 6875.24 485.361 0
4 34 3 2  602.039 605.482 1199.69 2075.51 3.01607e-19
4 34 4 2  18.525 10.6216 7.38978 5.01169 13.9128
4 34 5 2  27855.5 24554.8 32364.5 13166.2 0.0451169
4 34 6 2  17712.1 19176.3 6644.26 846.822 1.88306e-28
4 34 7 2  1837.3 658.373 420.739 221.167 89.8554
4 34 8 2  1430.18 1117.12 730.836 260.616 28.0064
4 34 9 2  2527.48 865.573 533.195 410.102 501.418
4 34 10 2  906.86 948.67 1354.14 1247.97 642.279
4 35 1 2  620.857 477.505 314.939 165.241 41.9937
4 35 2 2  17182.8 13458.4 5632.5 364.69 0
4 35 3 2  5389.16 4703.59 3682.17 1722.93 273.28
4 35 4 2  18.7533 10.9427 7.63509 5.06398 12.9585
4 35 5 2  25091.9 31138.2 26576.5 9164.05 0.0313423
4 35 6 2  21682.1 27185.5 10220.8 1654.48 2.43087e-29
4 35 7 2  1881.25 690.498 448.459 235.677 94.4427
4 35 8 2  1202.64 951.571 652.673 248.916 28.6641
4 35 9 2  1788.27 831.328 607.864 383.266 441.072
4 35 10 2  500.129 512.51 728.178 718.845 435.422
4 36 1 2  525.907 472.063 370.177 199.707 44.2037
4 36 2 2  23293.4 14841.7 3559.34 2.85053e-10 0
4 36 3 2  33487.2 28650.9 15713.3 498.709 0.282207
4 36 4 2  18.8856 11.5307 8.45085 5.68761 13.5421
4 36 5 2  73194.2 57858.3 27111.8 6502.01 0.0222775
4 36 6 2  13574.4 17314.5 8989.87 2275.43 3.66832e-30
4 36 7 2  1824.97 723.048 500.493 270.384 108.28
4 36 8 2  928.145 780.046 621.728 283.132 37.6102
4 36 9 2  8296.4 2485.37 998.937 482.182 487.437
4 36 10 2  355.232 344.919 455.56 491.535 386.915
4 37 1 2  972.475 648.146 373.631 196.434 42.3337
4 37 2 2  15458.9 12120.7 3457.7 18.8023 0
4 37 3 2  6115.75 6767.56 13985.7 7207.51 152.147
4 37 4 2  18.8399 11.5769 8.70216 6.03631 13.8468
4 37 5 2  116053 97492.8 36338.3 4581.11 0.0157121
4 37 6 2  10693.2 13455 6450.9 1756.18 5.45761e-31
4 37 7 2  1715.01 713.698 526.041 296.149 119.889
4 37 8 2  871.113 683.549 503.18 240.653 36.3645
4 37 9 2  5658.53 2660.96 1765.09 786.241 547.359
4 37 10 2  289.648 270.233 311.022 296.022 240.138
4 38 1 2  655.736 573.334 394.497 181.384 33.6679
4 38 2 2  9176.57 8102.7 3461.66 204.657 0
4 38 3 2  4356.85 3995.25 5892.59 6950.71 1080.29
4 38 4 2  18.6553 11.3934 8.55288 6.02218 13.6732
4 38 5 2  61421.7 100169 44341.4 3200.62 0.0109758
4 38 6 2  9974.16 12564.1 5563.65 1404.23 7.39039e-32
4 38 7 2  1627.77 685.534 527.436 310.753 128.638
4 38 8 2  798.333 618.075 423.24 183.898 27.9
4 38 9 2  3864.31 2031.96 1792.5 1067.95 674.488
4 38 10 2  187.12 181.709 220.753 190.575 129.439
4 39 1 2  384.867 417.893 389.664 210.786 33.9478
4 39 2 2  8774.1 6542.8 1788.88 0.052615 0
4 39 3 2  15598.2 13631.2 9787.02 1990.83 148.767
4 39 4 2  17.9064 11.3381 8.76053 6.26224 14.2464
4 39 5 2  51217.5 99356.3 36603.7 2257.73 0.00775633
4 39 6 2  6108.83 8249.12 4459.97 1344.34 1.07103e-32
4 39 7 2  1512.49 661.133 535.053 332.685 142.888
4 39 8 2  693.486 554.607 403.714 178.165 26.5508
4 39 9 2  2669.32 1517.67 1596.55 1219.82 915.73
4 39 10 2  144.909 137.208 161.924 146.879 102.473
4 40 1 2  253.594 290.681 341.293 243.987 46.4709
4 40 2 2  6808.53 5291.51 1483.65 5.40048 0
4 40 3 2  15101.3 13533.4 13194.2 5140 6.07788
4 40 4 2  16.7431 11.0586 8.96667 6.61982 15.3291
4 40 5 2  27910.1 77824.7 41746.1 1602.98 0.00552685
4 40 6 2  15538.9 17876.3 5819.67 1089.4 1.66842e-33
4 40 7 2  1432.53 637.592 542.439 358.261 161.602
4 40 8 2  719.224 553.431 391.644 181.43 28.1216
4 40 9 2  1865.89 1114.21 1330.87 1235.71 1186.51
4 40 10 2  114.288 107.605 126.383 117.209 87.8025
4 41 1 2  288.041 261.728 285.66 252.881 64.8181
4 41 2 2  21715.4 11577.6 2794.54 85.2156 0
4 41 3 2  5247.1 5252.23 9762.24 8916.08 0.789989
4 41 4 2  15.7215 10.6931 9.09742 7.01641 16.9277
4 41 5 2  27918.6 56301.3 49860.2 1141.24 0.00395117
4 41 6 2  17956.7 21064.6 7999.95 1410.96 2.71438e-34
4 41 7 2  1349.78 610.965 541.279 378.946 180.879
4 41 8 2  777.581 594.347 416.678 196.611 31.6801
4 41 9 2  1346.19 825.606 1072.15 1158.27 1436.68
4 41 10 2  153.037 132.673 123.519 101.476 79.8622
4 42 1 2  354.816 306.575 294.884 278.838 95.9825
4 42 2 2  7926.71 7760.08 5928.08 1125.65 0
4 42 3 2  127732 105687 63840.5 17416.9 0.357429
4 42 4 2  14.888 10.4577 9.38686 7.61915 19.6292
4 42 5 2  22541.6 41053.2 54489.8 818.337 0.00284882
4 42 6 2  29359.4 32323.3 10756.3 1643.83 4.84339e-35
4 42 7 2  1279.75 588.036 540.796 400.853 203.676
4 42 8 2  907.645 691.596 494.803 248.165 42.255
4 42 9 2  5217.15 1735.47 1116.58 1110.72 1747.87
4 42 10 2  308.428 254.844 196.573 127.21 93.2855
4 43 1 2  433.744 331.698 257.939 221.048 83.494
4 43 2 2  9353.19 6362.32 5478.35 735.761 0
4 43 3 2  33351.7 34274.5 73544.8 78226.7 0.171487
4 43 4 2  14.1816 9.60118 8.52904 7.144 19.9859
4 43 5 2  24951.9 33239.5 49429.1 578.004 0.0020175
4 43 6 2  11259.7 13936.7 7823.65 2098.1 7.59524e-36
4 43 7 2  1220.21 550.73 511.84 395.976 213.586
4 43 8 2  1306.51 911.905 522.05 218.776 36.2859
4 43 9 2  3583.56 1746.63 1368.95 1023.78 1658.5
4 43 10 2  471.686 394.497 304.168 164.492 77.5556
4 44 1 2  361.987 300.26 222.933 155.545 52.7064
4 44 2 2  7933.04 5686.17 4995.89 686.341 0
4 44 3 2  17853.7 16633 30409.7 70911 17239.7
4 44 4 2  13.6663 8.83807 7.45959 6.18596 18.706
4 44 5 2  23503.1 30738.7 39010.8 404.547 0.0014122
4 44 6 2  5729.95 6872.56 3494.35 1408.12 1.02592e-36
4 44 7 2  1158.52 513.274 472.372 375.267 213.884
4 44 8 2  1208.12 917.139 570.049 204.152 27.3826
4 44 9 2  2465.79 1307.82 1234.73 950.895 1414.61
4 44 10 2  429.088 382.461 358.813 219.997 82.6035
4 45 1 2  294.327 252.378 193.321 121.604 31.2432
4 45 2 2  7622 5380.28 4671.24 656.123 0
4 45 3 2  18656.8 16794 20585.3 40566.3 27414
4 45 4 2  13.3007 8.38133 6.76907 5.43181 17.2731
4 45 5 2  22899.5 30608.1 28263.3 283.438 0.000989038
4 45 6 2  3411.56 4181.04 1930.14 812.607 1.39134e-37
4 45 7 2  1129.27 486.174 438.466 353.314 211.6
4 45 8 2  1199.93 904.607 570.852 208.236 25.5657
4 45 9 2  1716.74 932.399 974.349 837.903 1229.97
4 45 10 2  483.02 421.252 374.832 240.505 101.507
4 46 1 2  220.335 199.215 162.426 99.3749 21.4121
4 46 2 2  6986.34 5041.85 4467.07 613.37 0
4 46 3 2  16734.5 15105.1 18978.4 29918.1 22583
4 46 4 2  13.0415 8.09237 6.33296 4.89612 15.8354
4 46 5 2  19293.5 28336.8 22146.5 198.769 0.000693017
4 46 6 2  1983.89 2353.45 1107.49 455.637 1.89343e-38
4 46 7 2  1107.46 467.257 410.893 331.761 207.218
4 46 8 2  1112.36 853.069 555.202 207.317 25.1444
4 46 9 2  1214.78 659.688 721.57 683.098 1065.02
4 46 10 2  495.493 434.625 397.538 257.41 109.316
4 47 1 2  170.792 154.78 130.913 81.7997 17.6668
4 47 2 2  6917.7 4915.28 4296.06 575.674 0
4 47 3 2  14927.5 13526.5 17529.7 28034.8 14451.2
4 47 4 2  12.8579 7.90202 6.05563 4.535 14.4998
4 47 5 2  16686.8 23929 20487 139.509 0.000485816
4 47 6 2  1218.08 1395.2 634.335 238.522 2.58448e-39
4 47 7 2  1113.34 456.806 389.524 311.799 201.293
4 47 8 2  1098.35 829.688 530.619 199.863 24.3695
4 47 9 2  878.398 471.446 521.332 526.031 902.634
4 47 10 2  546.042 473.15 420.679 267.686 112.068
4 48 1 2  141.324 124.977 104.662 66.9715 16.5549
4 48 2 2  7475.27 5155.9 4279.21 541.39 0
4 48 3 2  13952.5 12664.1 16565.6 27713.7 7176.64
4 48 4 2  12.728 7.7732 5.87597 4.29693 13.322
4 48 5 2  15399.5 19885.6 21533.8 97.988 0.000340702
4 48 6 2  815.96 874.716 373.939 116.609 3.53686e-40
4 48 7 2  1153.21 456.799 374.663 294.233 194.38
4 48 8 2  1172.94 865.56 528.415 192.775 22.9617
4 48 9 2  652.981 343.873 375.891 391.756 744.997
4 48 10 2  654.933 556.795 472.12 284.185 110.587
4 49 1 2  115.184 101.773 84.7408 54.4916 14.9735
4 49 2 2  7534.14 5313.78 4429.11 559.098 0
4 49 3 2  10177.1 9553.9 14604.3 27290.6 3126.98
4 49 4 2  12.6362 7.68454 5.75714 4.14065 12.3198
4 49 5 2  14640.9 17363.2 21990 68.8681 0.000239017
4 49 6 2  439.542 483.292 220.527 62.8794 4.85074e-41
4 49 7 2  1190.05 463.731 366.645 279.712 187.004
4 49 8 2  1151.03 865.629 539.802 193.748 22.2155
4 49 9 2  501.923 258.012 274.501 287.667 600.101
4 49 10 2  684.075 593.774 530.033 321.247 117.809
4 50 1 2  95.2016 83.5549 68.9742 44.203 12.5758
4 50 2 2  7708.1 5449.88 4582.96 586.768 0
4 50 3 2  7658.31 7161.52 11225.2 25477.2 1370.99
4 50 4 2  12.5713 7.6229 5.67707 4.03743 11.4875
4 50 5 2  14446.1 16270.1 21172.5 48.4275 0.00016773
4 50 6 2  246.387 274.052 125.545 36.9874 6.66466e-42
4 50 7 2  1232.59 475.054 364.492 268.643 179.645
4 50 8 2  1145.39 860.691 539.487 195.565 22.3406
4 50 9 2  400.695 200.378 205.227 211.519 474.182
4 50 10 2  741.62 642.275 571.759 353.318 132.752
4 51 1 2  85.9365 72.2499 56.9284 35.7937 9.66172
4 51 2 2  8783.33 6006.59 4830.46 632.272 0
4 51 3 2  6815.97 6248.64 8865.25 20513.4 3098.01
4 51 4 2  12.5255 7.5798 5.62234 3.96851 10.808
4 51 5 2  15933.4 16736.2 18984 34.0686 0.000117734
4 51 6 2  161.565 184.97 78.9349 24.1777 9.17026e-43
4 51 7 2  1306.29 493.169 367.379 261.082 172.714
4 51 8 2  1278.94 933.889 556.127 197.02 22.8086
4 51 9 2  332.859 161.731 158.364 157.722 369.786
4 51 10 2  925.611 791.619 665.606 394.722 152.288
4 52 1 2  67.558 59.67 48.0296 29.386 7.22707
4 52 2 2  8408.7 6066.07 5158.36 686.922 0
4 52 3 2  5622.8 5158.73 7337.45 15528.1 4961.92
4 52 4 2  12.4931 7.54956 5.58453 3.92195 10.2601
4 52 5 2  14463.4 16792.3 16592.6 23.9754 8.26562e-05
4 52 6 2  90.1465 105.946 49.307 16.6741 1.26326e-43
4 52 7 2  1336.16 510.704 374.851 256.974 166.535
4 52 8 2  1187.22 905.883 575.686 205.676 23.5278
4 52 9 2  287.4 135.826 126.815 120.512 286.398
4 52 10 2  919.583 810.524 746.556 467.447 180.189
4 53 1 2  56.6664 49.3273 39.8143 24.3663 5.56025
4 53 2 2  9134.43 6380.64 5345.72 714.824 0
4 53 3 2  6055.36 5469.04 6861.89 12195.7 5291.44
4 53 4 2  12.4703 7.52829 5.55823 3.89015 9.82232
4 53 5 2  14058 16543.2 14656 16.8771 5.80387e-05
4 53 6 2  61.9797 71.709 30.947 10.5737 1.7418e-44
4 53 7 2  1388.75 528.792 384.704 256.008 161.348
4 53 8 2  1261.24 934.411 574.453 208.142 24.3452
4 53 9 2  256.937 118.465 105.627 95.1036 221.701
4 53 10 2  1124.46 965.784 827.383 509.244 206.448
4 54 1 2  44.1587 39.462 32.583 20.8561 3.07028
4 54 2 2  8556.9 6261.51 5529.37 779.489 0
4 54 3 2  4604.9 4222.89 6059.33 9901.66 6526.73
4 54 4 2  12.4542 7.51332 5.53985 3.86824 9.47484
4 54 5 2  12843.4 16523 11273 11.8828 4.0758e-05
4 54 6 2  32.8014 41.2695 19.8492 7.67066 2.40334e-45
4 54 7 2  1400.58 542.879 395.935 257.619 157.29
4 54 8 2  1149.37 884.12 573.622 211.06 25.1905
4 54 9 2  236.523 106.83 91.4139 77.8866 172.637
4 54 10 2  1085.73 968.104 910.69 588.618 244.226
4 55 1 2  33.5164 30.7468 26.2287 17.0643 2.62161
4 55 2 2  8542.53 6158.15 5492.29 741.21 0
4 55 3 2  4890.37 4398.16 5449.24 8922.62 5127.87
4 55 4 2  12.4428 7.50277 5.52696 3.85305 9.20056
4 55 5 2  10508.8 14866 10280 8.36779 2.86253e-05
4 55 6 2  22.888 26.1306 11.6764 4.46794 3.31793e-46
4 55 7 2  1417.02 553.397 406.59 261.114 154.397
4 55 8 2  1123.83 851.551 547.706 206.252 24.9975
4 55 9 2  222.842 99.0328 81.8843 66.274 136.093
4 55 10 2  1227.16 1061.48 944.628 611.697 261.129
4 56 1 2  29.5718 25.5425 21.0094 13.6533 2.75608
4 56 2 2  10045.6 6826.22 5583.95 724.8 0
4 56 3 2  5402.52 4869.41 5956.8 9581.93 2667.06
4 56 4 2  12.4347 7.49531 5.5179 3.84245 8.98499
4 56 5 2  10503.6 13088.9 10874.5 5.89326 2.01056e-05
4 56 6 2  17.1315 18.9229 7.69135 2.41814 4.58243e-47
4 56 7 2  1477.69 568.03 416.565 265.713 152.609
4 56 8 2  1302.12 942.904 556.153 199.646 23.9476
4 56 9 2  213.675 93.8078 75.4967 58.4626 109.263
4 56 10 2  1632.47 1379.21 1126.59 658.57 262.133
4 57 1 2  23.9118 21.086 17.2994 11.0155 2.54639
4 57 2 2  9874.83 7044.74 5926.29 768.68 0
4 57 3 2  3835.31 3585.98 5487.86 10612.5 1189.74
4 57 4 2  12.4289 7.49003 5.51152 3.83503 8.81617
4 57 5 2  9842.41 11866.5 11137.7 4.15086 1.41223e-05
4 57 6 2  9.67084 10.9741 4.96116 1.51553 6.33076e-48
4 57 7 2  1491.21 580.815 427.112 271.044 151.797
4 57 8 2  1248.73 942.865 587.015 206.927 23.6076
4 57 9 2  207.531 90.3064 71.2157 53.2166 89.7942
4 57 10 2  1660.29 1452.56 1312.35 795.963 293.909
4 58 1 2  19.607 17.2659 14.1982 8.9656 2.13963
4 58 2 2  9962.6 7116.38 6115.18 809.971 0
4 58 3 2  2928.66 2715.22 4161 10442.8 530.875
4 58 4 2  12.4248 7.48627 5.507 3.82981 8.68437
4 58 5 2  9630.97 11224.4 10695.9 2.92381 9.92003e-06
4 58 6 2  5.76656 6.62198 2.9969 0.971204 8.74804e-49
4 58 7 2  1497.35 589.319 436.918 276.909 151.831
4 58 8 2  1235.36 930.74 586.328 212.557 24.3865
4 58 9 2  203.415 87.96 68.3468 49.6967 75.8015
4 58 10 2  1826.07 1586.07 1414.62 885.718 345.63
4 59 1 2  16.5171 14.3618 11.664 7.31519 1.7269
4 59 2 2  10455.6 7364.17 6257.18 832.694 0
4 59 3 2  2460.32 2258.92 3257.66 8238.56 1328.86
4 59 4 2  12.4218 7.48359 5.5038 3.82614 8.58172
4 59 5 2  9606.36 10997.8 9961.12 2.0596 6.96839e-06
4 59 6 2  3.72767 4.28244 1.8761 0.617101 1.20902e-49
4 59 7 2  1508.8 595.814 445.191 282.896 152.575
4 59 8 2  1279.37 952.213 588.161 213.127 24.9161
4 59 9 2  200.656 86.3876 66.4241 47.3363 65.8247
4 59 10 2  2119.89 1828.8 1588.68 975.003 387.547
4 60 1 2  12.8712 11.6189 9.68968 6.07623 1.5979
4 60 2 2  10187.2 7326.65 6367.08 798.39 0
4 60 3 2  2382.8 2168.11 2926.45 6597.07 961.543
4 60 4 2  12.4197 7.48165 5.50151 3.82354 8.50195
4 60 5 2  8199.2 9971.21 10834.6 1.45087 4.8951e-06
4 60 6 2  2.30151 2.44118 1.09897 0.322856 1.67111e-50
4 60 7 2  1494.96 598.112 451.809 288.634 153.873
4 60 8 2  1220.91 925.792 587.911 213.947 24.4525
4 60 9 2  198.807 85.3339 65.1357 45.7538 58.7586
4 60 10 2  2243.65 1937.19 1732.25 1070.77 401.359
4 61 1 2  11.0035 9.56054 7.87396 4.99391 1.31224
4 61 2 2  10528.2 7467.24 6423.67 855.632 0
4 61 3 2  1880.75 1747.35 2601.27 5561.13 996.151
4 61 4 2  12.4181 7.48026 5.49987 3.82169 8.44007
4 61 5 2  9003.21 9678.92 10430.3 1.02208 3.43872e-06
4 61 6 2  1.24172 1.44409 0.661461 0.203159 2.30998e-51
4 61 7 2  1492.58 598.395 456.222 293.793 155.561
4 61 8 2  1243.29 930.326 581.038 212.499 24.7704
4 61 9 2  197.568 84.6278 64.2723 44.6932 53.7825
4 61 10 2  2465.06 2144.01 1903.75 1175.55 455.345
4 62 1 2  9.01094 7.91674 6.4744 4.07295 1.04275
4 62 2 2  10495.4 7502.83 6504.31 858.382 0
4 62 3 2  1694.28 1548.42 2152.85 5054.93 645.561
4 62 4 2  12.417 7.47924 5.49869 3.82036 8.39215
4 62 5 2  8666.34 9717.01 9751.34 0.720029 2.41566e-06
4 62 6 2  0.77388 0.876652 0.394433 0.128807 3.19325e-52
4 62 7 2  1480.5 596.842 458.819 298.112 157.472
4 62 8 2  1226.99 923.654 580.63 211.81 24.8061
4 62 9 2  196.738 84.1546 63.6937 43.9823 50.2952
4 62 10 2  2684.36 2329.41 2076.95 1297.56 509.68
4 63 1 2  7.3071 6.45708 5.31677 3.33303 0.816009
4 63 2 2  10310.3 7425.58 6525.84 878.596 0
4 63 3 2  1280.21 1184.45 1771.74 4073.94 916.043
4 63 4 2  12.4161 7.4785 5.49783 3.81941 8.35509
4 63 5 2  8386.1 9586.9 8970.26 0.507247 1.69699e-06
4 63 6 2  0.44634 0.520337 0.239199 0.0811473 4.41441e-53
4 63 7 2  1461.91 592.947 459.671 301.48 159.451
4 63 8 2  1192.35 902.394 573.486 210.961 24.904
4 63 9 2  196.181 83.8375 63.306 43.5058 47.8617
4 63 10 2  2841.12 2482.89 2244.99 1419.39 569.435
4 64 1 2  6.09034 5.31088 4.33387 2.72133 0.584627
4 64 2 2  10487.7 7476.15 6522.37 903.835 0
4 64 3 2  1255.07 1139.98 1501.92 2862.64 1462.91
4 64 4 2  12.4155 7.47796 5.49721 3.81873 8.32646
4 64 5 2  8391.82 10285.7 6941.28 0.357349 1.19213e-06
4 64 6 2  0.277343 0.334881 0.1511 0.0548622 6.10272e-54
4 64 7 2  1452.26 588.633 458.911 303.827 161.365
4 64 8 2  1208.5 905.691 567.346 208.677 25.1409
4 64 9 2  195.809 83.625 63.0462 43.1866 46.1698
4 64 10 2  3166.93 2763.48 2459.77 1553.3 647.863
4 65 1 2  4.80577 4.27946 3.52963 2.2374 0.374844
4 65 2 2  9976.51 7265.15 6504.85 921.649 0
4 65 3 2  1169.25 1062.19 1386.12 2174.9 1664.88
4 65 4 2  12.4151 7.47757 5.49676 3.81823 8.30436
4 65 5 2  7309.4 10401.1 4915.53 0.251749 8.37476e-07
4 65 6 2  0.166396 0.206589 0.0962867 0.038254 8.43687e-55
4 65 7 2  1427.09 582.467 456.994 305.176 163.105
4 65 8 2  1143.93 872.095 560.509 207.708 25.3119
4 65 9 2  195.559 83.4826 62.872 42.9726 44.9973
4 65 10 2  3245.67 2869.03 2648.24 1722.93 739.94
4 66 1 2  3.72574 3.36603 2.82937 1.86009 0.191151
4 66 2 2  9474.59 6937.44 6345.16 923.471 0
4 66 3 2  1059.4 963.024 1258.18 1816.74 1710.08
4 66 4 2  12.4148 7.4773 5.49643 3.81787 8.28732
4 66 5 2  6135.32 9558.97 3481 0.177356 5.8833e-07
4 66 6 2  0.10199 0.130147 0.0611247 0.026294 1.16639e-55
4 66 7 2  1400.2 574.304 453.717 305.584 164.592
4 66 8 2  1083.99 828.49 538.637 203.573 25.4266
4 66 9 2  195.391 83.3872 62.7554 42.8292 44.187
4 66 10 2  3365.35 2981.16 2762.17 1839.02 834.067
4 67 1 2  2.87531 2.62007 2.23744 1.54175 0.0857908
4 67 2 2  9376.52 6769.12 6130.98 879.86 0
4 67 3 2  1068.36 966.366 1199.73 1633.61 1560.55
4 67 4 2  12.4146 7.47711 5.4962 3.81761 8.27419
4 67 5 2  4984.89 8546.94 2465.13 0.124947 4.13305e-07
4 67 6 2  0.0703133 0.0871179 0.0393143 0.0167956 1.61256e-56
4 67 7 2  1385.48 566.573 449.238 305.058 165.766
4 67 8 2  1074.41 811.29 518.118 195.753 24.7922
4 67 9 2  195.279 83.3232 62.6772 42.7331 43.6285
4 67 10 2  3723.1 3261.28 2935.81 1922.79 880.718
4 68 1 2  2.1886 2.02535 1.76841 1.21808 0.158978
4 68 2 2  9685.18 6847.6 5994.81 771.341 0
4 68 3 2  1173.1 1047.58 1258.67 1789.23 888.916
4 68 4 2  12.4145 7.47699 5.49604 3.81743 8.26408
4 68 5 2  3644.9 6293.73 3621.44 0.088025 2.9035e-07
4 68 6 2  0.0531355 0.0566044 0.0240653 0.00831009 2.22942e-57
4 68 7 2  1384.62 561.503 444.433 303.698 166.587
4 68 8 2  1104.94 823.136 511.401 188.533 22.8931
4 68 9 2  195.204 83.2804 62.6248 42.6687 43.2444
4 68 10 2  4346.55 3707.21 3204.8 1996.78 823.973
4 69 1 2  2.05028 1.72325 1.40083 0.944625 0.180158
4 69 2 2  11379.6 7702.9 6184.05 816.071 0
4 69 3 2  1083.48 991.907 1326.8 1912.49 666.267
4 69 4 2  12.4145 7.47693 5.49594 3.8173 8.25631
4 69 5 2  4517.74 5397.61 4016.17 0.0620139 2.03973e-07
4 69 6 2  0.0349034 0.0402522 0.0167122 0.00502913 3.0823e-58
4 69 7 2  1425.23 564.059 440.712 301.792 167.039
4 69 8 2  1297.01 935.018 541.655 188.691 22.1995
4 69 9 2  195.154 83.2517 62.5897 42.6256 42.9807
4 69 10 2  5511.71 4709.46 3911.77 2268.16 877.985
4 70 1 2  1.64851 1.44387 1.16444 0.746175 0.155175
4 70 2 2  10871.9 7816.24 6609.89 878.592 0
4 70 3 2  856.063 787.397 1136.33 1886.24 698.637
4 70 4 2  12.4144 7.4769 5.49589 3.81722 8.25034
4 70 5 2  4255.59 5165.13 3815.56 0.0436892 1.43293e-07
4 70 6 2  0.0205644 0.02405 0.0109235 0.00360564 4.26152e-59
4 70 7 2  1417.8 566.448 439.465 299.9 167.159
4 70 8 2  1228.94 930.752 580.514 202.435 22.8176
4 70 9 2  195.12 83.2324 62.5661 42.5967 42.8001
4 70 10 2  5493.48 4838.1 4444.54 2765.23 1052.79
4 71 1 2  1.31466 1.17216 0.965714 0.606905 0.136098
4 71 2 2  10780.8 7745.29 6740.13 888.897 0
4 71 3 2  789.336 719.251 977.012 1908.3 421.824
4 71 4 2  12.4144 7.47689 5.49585 3.81717 8.24576
4 71 5 2  3893.48 4781.17 3876.33 0.0307794 1.00665e-07
4 71 6 2  0.0130572 0.0147448 0.00659326 0.00219493 5.89194e-60
4 71 7 2  1409.34 566.279 439.113 298.438 167.043
4 71 8 2  1208.52 912.126 577.081 209.513 23.8815
4 71 9 2  195.097 83.2195 62.5504 42.5773 42.6766
4 71 10 2  6013.88 5215.52 4672.27 2973.55 1189.77
4 72 1 2  1.19233 0.995734 0.786164 0.498743 0.0782893
4 72 2 2  11849.9 8253.63 6916.47 1003.23 0
4 72 3 2  644.577 589.029 828.656 1413.08 924.639
4 72 4 2  12.4145 7.47689 5.49584 3.81714 8.24226
4 72 5 2  4634.81 4709.45 3136.91 0.0216844 7.07183e-08
4 72 6 2  0.00814504 0.0107223 0.00479135 0.00169516 8.70946e-05
4 72 7 2  1431.73 568.742 439.013 297.376 166.793
4 72 8 2  1334.72 980 589.977 211.577 25.4909
4 72 9 2  195.082 83.2109 62.5398 42.5643 42.5923
4 72 10 2  7152.76 6272.63 5467.5 3369.77 1445.6
4 73 1 2  0.850185 0.784597 0.6486 0.413686 0.0351377
4 73 2 2  9766.58 7463.53 7001.37 1027.13 0
4 73 3 2  549.997 499.939 656.649 1030.16 1105.95
4 73 4 2  12.4145 7.47689 5.49584 3.81712 8.23958
4 73 5 2  3636.75 4644.07 2221.53 0.0152769 4.96805e-08
4 73 6 2  0.0049216 0.00637111 0.00307896 0.00136408 3.14834e-05
4 73 7 2  1381.43 564.519 439.25 296.692 166.486
4 73 8 2  1087.76 863.169 585.991 218.492 26.5289
4 73 9 2  195.072 83.2051 62.5327 42.5556 42.5347
4 73 10 2  6067.9 5518.89 5553.2 3876.13 1738.01
4 74 1 2  0.632808 0.592382 0.51582 0.335719 0.0343115
4 74 2 2  9666.98 7043.21 6579.81 927.02 0
4 74 3 2  620.3 556.821 658.062 908.249 860.399
4 74 4 2  12.4145 7.47691 5.49585 3.81712 8.23754
4 74 5 2  2821.3 4529.15 1573.27 0.0107628 3.49012e-08
4 74 6 2  0.00357101 0.00422267 0.00188041 0.000793448 4.35299e-06
4 74 7 2  1366.7 557.812 437.606 296.14 166.173
4 74 8 2  1076.25 816.924 534.061 207.79 26.186
4 74 9 2  195.065 83.2012 62.528 42.5498 42.4956
4 74 10 2  6973.18 6049.21 5419.77 3667.68 1743.36
4 75 1 2  0.483531 0.448214 0.397975 0.266194 0.0378609
4 75 2 2  9184.77 6728.35 6240.73 870.289 0
4 75 3 2  517.952 473.104 645.054 923.901 652.642
4 75 4 2  12.4146 7.47693 5.49586 3.81712 8.23599
4 75 5 2  2183.21 3884.27 1430.25 0.00758252 2.45186e-08
4 75 6 2  0.00205802 0.00245692 0.00115613 0.000454538 6.01864e-07
4 75 7 2  1351.22 551.367 434.61 295.294 165.851
4 75 8 2  1014.81 775.468 505.142 193.833 24.5757
4 75 9 2  195.06 83.1986 62.5248 42.5459 42.4689
4 75 10 2  6896.95 6094.58 5691.17 3752.07 1665.9
4 76 1 2  0.407818 0.359598 0.307268 0.207899 0.0354959
4 76 2 2  9806.85 6902.48 6049.7 830.716 0
4 76 3 2  527.127 477.091 607.447 888.74 543.716
4 76 4 2  12.4146 7.47697 5.49588 3.81713 8.23481
4 76 5 2  2014.28 3227.42 1452.06 0.00534201 1.72247e-08
4 76 6 2  0.00141803 0.00166253 0.000725553 0.000267685 8.32174e-08
4 76 7 2  1369.63 549.516 431.231 294.019 165.479
4 76 8 2  1085.64 803.178 494.656 183.795 23.0232
4 76 9 2  195.057 83.1969 62.5227 42.5433 42.4508
4 76 10 2  8038.64 6955.34 6100.31 3877.8 1684.15
4 77 1 2  0.324876 0.28969 0.244083 0.162418 0.0306102
4 77 2 2  9447.76 6836.17 6053.53 827.54 0
4 77 3 2  442.231 404.339 557.763 857.437 479.04
4 77 4 2  12.4147 7.47701 5.49591 3.81715 8.23392
4 77 5 2  1808.35 2746.54 1428.34 0.00376354 1.21006e-08
4 77 6 2  0.000834918 0.000989733 0.00045721 0.000167743 1.15063e-08
4 77 7 2  1368.78 549.282 428.923 292.503 165.021
4 77 8 2  1039.77 788.21 499.339 182.429 22.0736
4 77 9 2  195.055 83.1957 62.5212 42.5415 42.4385
4 77 10 2  8012.83 7070 6559.68 4238.51 1773.07
4 78 1 2  0.270215 0.236224 0.19515 0.129359 0.0210245
4 78 2 2  9655.54 6891.51 6041.99 853.297 0
4 78 3 2  407.568 370.878 493.162 745.195 522.645
4 78 4 2  12.4147 7.47705 5.49594 3.81716 8.23325
4 78 5 2  1782.64 2560.7 1127.67 0.00265149 8.50088e-09
4 78 6 2  0.000524882 0.000649565 0.000294544 0.000113553 1.59096e-09
4 78 7 2  1380.63 550.683 427.587 291.05 164.48
4 78 8 2  1064.14 795.964 496.762 182.056 22.1343
4 78 9 2  195.054 83.1949 62.5203 42.5403 42.4301
4 78 10 2  8743.49 7677.04 6947.92 4510.48 1974.42
4 79 1 2  0.201492 0.184682 0.156659 0.104035 0.0134683
4 79 2 2  8626.49 6439.26 5966.84 853.035 0
4 79 3 2  330.731 301.593 414.78 643.171 532.442
4 79 4 2  12.4148 7.4771 5.49597 3.81719 8.23276
4 79 5 2  1430.56 2373.28 798.621 0.00186803 5.97202e-09
4 79 6 2  0.000294575 0.000368244 0.000179527 7.65848e-05 2.19984e-10
4 79 7 2  1358.04 549.034 427 289.853 163.89
4 79 8 2  944.605 732.917 484.534 181.7 22.2298
4 79 9 2  195.053 83.1944 62.5196 42.5395 42.4245
4 79 10 2  8008.75 7187.92 6999.3 4794.62 2151.7
4 80 1 2  0.158487 0.143152 0.122306 0.0816895 0.00700415
4 80 2 2  8345.1 6121.41 5702.22 874.546 0
4 80 3 2  295.099 269.179 354.768 506.084 599.907
4 80 4 2  12.4149 7.47714 5.49601 3.81721 8.23239
4 80 5 2  1249.13 1988.87 565.59 0.00131607 4.19545e-09
4 80 6 2  0.00017431 0.000239528 0.000115532 5.02282e-05 4.57935e-06
4 80 7 2  1352.33 546.278 425.912 288.879 163.295
4 80 8 2  918.824 699.772 455.51 175.058 22.5759
4 80 9 2  195.052 83.194 62.5192 42.539 42.4207
4 80 10 2  8200.96 7346.14 6942.02 4814.69 2392.14
4 81 1 2  0.108277 0.105209 0.0949447 0.0638293 0.00691224
4 81 2 2  6928.44 5346.79 5316.38 753.599 0
4 81 3 2  247.016 223.498 292.844 463.575 465.174
4 81 4 2  12.4149 7.47718 5.49604 3.81724 8.23212
4 81 5 2  836.898 1610.35 517.91 0.000927207 2.94739e-09
4 81 6 2  0.000119374 0.000140746 6.64454e-05 2.94402e-05 1.56288e-06
4 81 7 2  1308.43 538.675 424.009 287.939 162.715
4 81 8 2  755.353 600.711 417.44 164.795 21.2041
4 81 9 2  195.052 83.1938 62.5189 42.5387 42.4181
4 81 10 2  7056.71 6352.95 6415.73 4656.89 2255.19
4 82 1 2  0.0867221 0.0793016 0.0712063 0.0509766 0.00442153
4 82 2 2  7132.74 5155.06 4852.66 715.285 0
4 82 3 2  237.349 215.759 279.698 396.577 396.824
4 82 4 2  12.415 7.47723 5.49608 3.81726 8.23194
4 82 5 2  758.474 1345.98 415.861 0.000653242 2.0706e-09
4 82 6 2  7.0719e-05 9.00154e-05 4.20495e-05 1.78896e-05 2.16108e-07
4 82 7 2  1316.83 533.487 420.567 286.753 162.14
4 82 8 2  780.962 586.731 377.885 148.985 19.7865
4 82 9 2  195.052 83.1936 62.5187 42.5384 42.4163
4 82 10 2  7771.72 6843.15 6264.87 4285.07 2134.34
4 83 1 2  0.067453 0.0615315 0.0541429 0.0390903 0.00373025
4 83 2 2  7117.97 5118.72 4641.49 657.088 0
4 83 3 2  234.043 211.631 265.876 369.763 334.368
4 83 4 2  12.4151 7.47729 5.49612 3.81729 8.23181
4 83 5 2  618.618 1178.91 294.521 0.000460228 1.45464e-09
4 83 6 2  4.73695e-05 5.74869e-05 2.62377e-05 1.10509e-05 2.98827e-08
4 83 7 2  1330.28 532.828 417.446 285.206 161.53
4 83 8 2  783.053 587.898 370.102 139.176 18.0448
4 83 9 2  195.052 83.1935 62.5186 42.5383 42.4151
4 83 10 2  8124.51 7146.06 6566.88 4358.17 2028.01
4 84 1 2  0.0525389 0.0478278 0.0417332 0.0295562 0.00373432
4 84 2 2  6940.81 5029.92 4539.14 636.76 0
4 84 3 2  205.574 187.069 249.317 357.618 281.374
4 84 4 2  12.4152 7.47734 5.49616 3.81732 8.23172
4 84 5 2  490.139 1019 208.586 0.000324245 1.02191e-09
4 84 6 2  2.86515e-05 3.47852e-05 1.62402e-05 6.63549e-06 4.13213e-09
4 84 7 2  1338.94 534.265 415.64 283.58 160.859
4 84 8 2  763.003 577.124 366.496 135.852 16.9479
4 84 9 2  195.051 83.1935 62.5185 42.5382 42.4143
4 84 10 2  8156.48 7212.9 6746.44 4504.68 2029.21
4 85 1 2  0.0410568 0.0372505 0.0323094 0.0227188 0.00291111
4 85 2 2  6698.01 4883.23 4440.72 632.522 0
4 85 3 2  175.041 159.547 216.953 325.095 264.164
4 85 4 2  12.4153 7.4774 5.4962 3.81735 8.23168
4 85 5 2  389.069 850.732 147.725 0.000228441 7.17917e-10
4 85 6 2  1.67257e-05 2.07797e-05 9.88515e-06 4.15481e-06 5.71392e-10
4 85 7 2  1343.08 536.024 415.042 282.185 160.145
4 85 8 2  736.325 559.154 358.375 133.657 16.5483
4 85 9 2  195.051 83.1934 62.5184 42.5381 42.4138
4 85 10 2  8078.29 7177.2 6785.03 4598.99 2104.15
4 86 1 2  0.0317132 0.0288106 0.0249084 0.0173432 0.00156112
4 86 2 2  6198.94 4600 4302.66 658.741 0
4 86 3 2  137.461 125.479 173.392 260.316 303.374
4 86 4 2  12.4153 7.47744 5.49624 3.81738 8.23166
4 86 5 2  319.35 662.486 104.623 0.000160944 5.04353e-10
4 86 6 2  8.92129e-06 1.23374e-05 6.18934e-06 2.7568e-06 2.50576e-07
4 86 7 2  1336.04 536.258 415.079 281.17 159.433
4 86 8 2  683.836 525.763 344.685 130.913 16.7152
4 86 9 2  195.051 83.1934 62.5184 42.538 42.4134
4 86 10 2  7508.05 6802.03 6668.79 4706.59 2321.89
4 87 1 2  0.02296 0.0216831 0.0192221 0.013786 0.000700662
4 87 2 2  5680.11 4236.07 4055.99 589.149 0
4 87 3 2  134.924 121.792 149.603 217.488 258.825
4 87 4 2  12.4154 7.47749 5.49628 3.81741 8.23166
4 87 5 2  226.563 527.112 74.097 0.000113391 3.5432e-10
4 87 6 2  6.88308e-06 8.43483e-06 3.77773e-06 1.69565e-06 8.59914e-08
4 87 7 2  1322.23 534.215 414.922 280.483 158.768
4 87 8 2  628.762 484.932 321.986 124.735 16.0841
4 87 9 2  195.051 83.1934 62.5184 42.538 42.4132
4 87 10 2  7325.98 6512.55 6262.61 4476.29 2252.3
4 88 1 2  0.01694 0.0160224 0.0145519 0.0107492 0.000571886
4 88 2 2  5445.21 4004.74 3787.8 548.682 0
4 88 3 2  119.225 108.39 142.733 201.009 205.89
4 88 4 2  12.4154 7.47753 5.49632 3.81743 8.23167
4 88 5 2  169.64 420.67 52.4777 7.98882e-05 2.48919e-10
4 88 6 2  3.93167e-06 4.91018e-06 2.36236e-06 1.03089e-06 1.18912e-08
4 88 7 2  1319.86 532.111 414.137 279.931 158.172
4 88 8 2  602.889 459.914 300.377 116.353 15.0984
4 88 9 2  195.051 83.1934 62.5184 42.538 42.413
4 88 10 2  7236.15 6431.83 6112.88 4244.45 2085.63
4 89 1 2  0.0135129 0.0123228 0.0109684 0.00803878 0.000848207
4 89 2 2  5826.96 4105.92 3636.09 502.018 0
4 89 3 2  128.061 115.353 141.187 195.468 155.458
4 89 4 2  12.4155 7.47756 5.49635 3.81746 8.2317
4 89 5 2  132.172 313.517 66.7513 5.62842e-05 1.74872e-10
4 89 6 2  2.79531e-06 3.27646e-06 1.44629e-06 5.79223e-07 1.64437e-09
4 89 7 2  1349.37 534.749 413.448 279.368 157.638
4 89 8 2  649.892 479.755 294.46 109.573 13.926
4 89 9 2  195.051 83.1933 62.5183 42.538 42.4129
4 89 10 2  8257.92 7161.19 6360.54 4156.79 1923.53
4 90 1 2  0.0111552 0.00990051 0.00848371 0.00601329 0.00100171
4 90 2 2  6172.5 4325 3676.98 490.189 0
4 90 3 2  120.987 109.925 143.31 209.117 107.668
4 90 4 2  12.4155 7.47759 5.49638 3.81748 8.23173
4 90 5 2  120.498 226.14 96.5947 3.96544e-05 1.22852e-10
4 90 6 2  1.81921e-06 2.08836e-06 9.2108e-07 3.2684e-07 2.27393e-10
4 90 7 2  1382.19 541.974 414.391 278.946 157.155
4 90 8 2  690.305 509.069 307.06 109.147 13.109
4 90 9 2  195.051 83.1933 62.5183 42.538 42.4128
4 90 10 2  8980.81 7808.27 6973.97 4405.8 1859.74
4 91 1 2  0.00918065 0.00806568 0.00673302 0.00459702 0.000849911
4 91 2 2  6259.92 4453.19 3805.56 521.37 0
4 91 3 2  96.6471 88.709 126.515 199.558 107.583
4 91 4 2  12.4155 7.47761 5.4964 3.8175 8.23177
4 91 5 2  124.845 199.087 83.5214 2.79381e-05 8.63065e-11
4 91 6 2  1.04789e-06 1.26773e-06 5.85701e-07 2.13719e-07 3.14452e-11
4 91 7 2  1401.16 550.044 417.338 279.023 156.743
4 91 8 2  701.146 523.293 321.328 113.586 13.248
4 91 9 2  195.051 83.1933 62.5183 42.538 42.4128
4 91 10 2  9132.42 8061.93 7451.33 4817.81 2024.13
4 92 1 2  0.00736061 0.00649965 0.0053802 0.00362668 0.000466799
4 92 2 2  6090.92 4415.16 3896.33 570.36 0
4 92 3 2  80.6813 73.5974 101.215 157.758 142.191
4 92 4 2  12.4155 7.47761 5.49641 3.81752 8.23181
4 92 5 2  113.996 177.053 59.1526 1.96835e-05 6.06325e-11
4 92 6 2  5.9242e-07 7.83053e-07 3.76831e-07 1.53883e-07 8.04813e-09
4 92 7 2  1403.34 555.682 421.36 279.811 156.46
4 92 8 2  686.33 518.698 327.027 118.26 14.1345
4 92 9 2  195.051 83.1933 62.5183 42.5379 42.4127
4 92 10 2  8945.44 8016.39 7634.93 5177.37 2367.96
4 93 1 2  0.00529087 0.00495324 0.00426143 0.00287274 0.00020951
4 93 2 2  5278.46 4002.05 3814.09 575.152 0
4 93 3 2  64.8732 59.1104 79.3841 121.405 150.889
4 93 4 2  12.4155 7.47759 5.49641 3.81753 8.23185
4 93 5 2  88.3791 148.62 41.8937 1.38678e-05 4.25959e-11
4 93 6 2  3.52315e-07 4.70307e-07 2.31033e-07 1.04142e-07 1.00613e-08
4 93 7 2  1368.28 554.239 424.823 281.203 156.36
4 93 8 2  595.275 466.029 313.75 119.216 14.8254
4 93 9 2  195.051 83.1933 62.5183 42.5379 42.4127
4 93 10 2  7774.77 7076.35 7153.85 5216.45 2598.68
4 94 1 2  0.00398545 0.00372116 0.00328339 0.00228544 9.40325e-05
4 94 2 2  5291.66 3840.72 3582.31 532.858 0
4 94 3 2  69.6434 63.06 75.9931 100.466 131.13
4 94 4 2  12.4154 7.47757 5.4964 3.81753 8.23188
4 94 5 2  69.8418 124.435 29.6703 9.77035e-06 2.99247e-11
4 94 6 2  2.70987e-07 3.46755e-07 1.53302e-07 6.57059e-08 5.08422e-09
4 94 7 2  1364.92 551.301 426.131 282.725 156.461
4 94 8 2  603.731 454.884 292.319 112.826 14.6608
4 94 9 2  195.051 83.1933 62.5183 42.5379 42.4127
4 94 10 2  8456.95 7462.62 6887.47 4819.97 2512.41
4 95 1 2  0.00291838 0.00275994 0.00248712 0.00178817 4.22039e-05
4 95 2 2  4885.93 3619.37 3409.96 510.736 0
4 95 3 2  56.6954 51.6403 68.9641 95.3973 115.62
4 95 4 2  12.4154 7.47755 5.49639 3.81753 8.2319
4 95 5 2  53.4413 101.824 21.0134 6.88356e-06 2.10228e-11
4 95 6 2  1.601e-07 2.10933e-07 1.01698e-07 4.41442e-08 3.58399e-09
4 95 7 2  1348.27 547.32 425.976 283.922 156.712
4 95 8 2  559.503 429.652 281.063 107.373 14.0052
4 95 9 2  195.051 83.1933 62.5183 42.5379 42.4127
4 95 10 2  7793.58 7026.28 6865.81 4827.01 2419.59
4 96 1 2  0.00212844 0.00202792 0.0018585 0.00138675 1.8942e-05
4 96 2 2  4557.51 3377.36 3209.95 475.812 0
4 96 3 2  50.1058 45.5101 58.9976 84.3903 101.335
4 96 4 2  12.4154 7.47753 5.49637 3.81752 8.23191
4 96 5 2  39.8166 82.4623 14.8822 4.84972e-06 1.4769e-11
4 96 6 2  1.0557e-07 1.35137e-07 6.33482e-08 2.9005e-08 9.92564e-10
4 96 7 2  1332.93 542.296 424.536 284.602 157.033
4 96 8 2  524.331 402.393 264.684 102.092 13.307
4 96 9 2  195.051 83.1933 62.5183 42.5379 42.4127
4 96 10 2  7481.31 6696.24 6489.21 4636.27 2352.91
4 97 1 2  0.00157844 0.0014938 0.00137543 0.00106012 8.50159e-06
4 97 2 2  4352.25 3199.65 3015.94 447.778 0
4 97 3 2  44.6746 40.6059 52.7916 74.2403 88.2734
4 97 4 2  12.4154 7.47752 5.49636 3.81751 8.23192
4 97 5 2  30.3262 65.8725 10.54 3.4168e-06 1.03756e-11
4 97 6 2  6.24965e-08 8.09474e-08 3.92307e-08 1.85912e-08 1.37254e-10
4 97 7 2  1325.37 537.794 422.16 284.675 157.34
4 97 8 2  503.497 383.845 249.815 96.2078 12.5943
4 97 9 2  195.051 83.1933 62.5183 42.5379 42.4127
4 97 10 2  7326.32 6545.82 6273.12 4422.92 2245.64
4 98 1 2  0.00121459 0.00112453 0.00101843 0.000791928 3.8157e-06
4 98 2 2  4360.99 3147.93 2879.74 430.361 0
4 98 3 2  42.4951 38.6306 49.0054 65.7111 80.6042
4 98 4 2  12.4154 7.47752 5.49635 3.8175 8.23192
4 98 5 2  24.1077 51.7193 7.46472 2.40725e-06 7.28911e-12
4 98 6 2  4.01536e-08 5.28929e-08 2.49299e-08 1.12392e-08 7.27564e-10
4 98 7 2  1333.7 536.059 419.614 284.186 157.565
4 98 8 2  510.06 383.133 242.275 91.5104 11.9731
4 98 9 2  195.051 83.1933 62.5183 42.5379 42.4127
4 98 10 2  7591.94 6753.27 6313.84 4347.98 2195.87
4 99 1 2  0.000879901 0.000834569 0.000760045 0.000586855 1.71257e-06
4 99 2 2  3908.15 2923.72 2770.02 417.193 0
4 99 3 2  33.4916 30.5176 41.0717 59.2109 74.7557
4 99 4 2  12.4154 7.47753 5.49635 3.81749 8.23191
4 99 5 2  17.8081 40.0016 5.28673 1.696e-06 5.12078e-12
4 99 6 2  2.48141e-08 3.29087e-08 1.58454e-08 7.10858e-09 7.11978e-10
4 99 7 2  1316.23 533.197 417.537 283.35 157.665
4 99 8 2  458.565 354.998 234.618 89.1543 11.5241
4 99 9 2  195.051 83.1933 62.5183 42.5379 42.4127
4 99 10 2  6754.96 6123.72 6101.27 4380.07 2207.38
4 100 1 2  0.000653458 0.000616705 0.000562911 0.000426109 7.68639e-07
4 100 2 2  3670.41 2722.86 2601.61 407.096 0
4 100 3 2  29.0237 26.506 34.4423 48.0084 72.3134
4 100 4 2  12.4154 7.47754 5.49636 3.81749 8.23191
4 100 5 2  13.8071 29.9908 3.74422 1.19489e-06 3.59747e-12
4 100 6 2  1.58552e-08 2.2133e-08 1.05852e-08 4.69729e-09 6.93327e-10
4 100 7 2  1307.49 529.623 415.268 282.326 157.635
4 100 8 2  434.914 333.435 219.541 85.1514 11.2996
4 100 9 2  195.051 83.1933 62.5183 42.5379 42.4127
4 100 10 2  6508.81 5879.63 5731.49 4165.83 2245.34
4 101 1 2  0.000465283 0.000449229 0.000416191 0.000314851 3.44982e-07
4 101 2 2  3275.31 2467.94 2414.01 368.403 0
4 101 3 2  24.9934 22.7282 28.9969 41.0507 62.0847
4 101 4 2  12.4155 7.47757 5.49637 3.8175 8.2319
4 101 5 2  9.77575 22.7053 2.65177 8.41847e-07 2.52731e-12
4 101 6 2  1.10155e-08 1.45388e-08 6.82187e-09 3.07933e-09 4.11307e-10
4 101 7 2  1287.76 524.625 412.684 281.124 157.48
4 101 8 2  390.422 303.269 203.754 79.9245 10.6973
4 101 9 2  195.051 83.1933 62.5183 42.5379 42.4127
4 101 10 2  5938.54 5362.78 5321.71 3917.17 2112.22
4 102 1 2  0.000332338 0.000322667 0.000304405 0.000236669 1.54835e-07
4 102 2 2  2992.87 2245.12 2205.11 332.953 0
4 102 3 2  21.4291 19.4821 25.38 36.0013 50.2872
4 102 4 2  12.4155 7.4776 5.49639 3.8175 8.2319
4 102 5 2  6.95293 17.3369 1.87808 5.93114e-07 1.7755e-12
4 102 6 2  6.86992e-09 8.93609e-09 4.28887e-09 1.94125e-09 1.83754e-10
4 102 7 2  1274.02 519.106 409.498 279.705 157.206
4 102 8 2  357.947 276.896 185.784 73.6109 9.90831
4 102 9 2  195.051 83.1933 62.5183 42.5379 42.4127
4 102 10 2  5531.85 4977.05 4900.1 3584.09 1917.84
4 103 1 2  0.000255043 0.000238884 0.000221639 0.000177892 6.94936e-08
4 103 2 2  3105.32 2224.12 2051.03 301.68 0
4 103 3 2  22.3756 20.2517 24.7674 32.4941 40.4422
4 103 4 2  12.4156 7.47765 5.49642 3.81752 8.23191
4 103 5 2  5.30576 13.3649 1.33012 4.17873e-07 1.24734e-12
4 103 6 2  4.9248e-09 6.22639e-09 2.79689e-09 1.23004e-09 4.22783e-11
4 103 7 2  1295.99 518.319 406.291 278.028 156.809
4 103 8 2  375.748 280.085 176.096 67.579 9.04264
4 103 9 2  195.051 83.1933 62.5183 42.5379 42.4127
4 103 10 2  6056.76 5330.25 4876.25 3344.99 1724.89
4 104 1 2  0.000200958 0.000184026 0.000165227 0.000128644 9.19182e-06
4 104 2 2  3397.37 2362.22 2024.7 273.689 0
4 104 3 2  24.8104 22.2547 26.4835 34.7654 27.8038
4 104 4 2  12.4157 7.47769 5.49645 3.81754 8.23192
4 104 5 2  3.97059 9.47933 2.30612 2.94409e-07 8.76287e-13
4 104 6 2  3.65869e-09 4.2042e-09 1.81553e-09 7.01351e-10 5.84661e-12
4 104 7 2  1339.08 524.661 404.889 276.308 156.29
4 104 8 2  415.106 303.569 181.375 65.2636 8.18083
4 104 9 2  195.051 83.1933 62.5183 42.5379 42.4127
4 104 10 2  6980.3 6026.23 5289.18 3383.78 1538.62
4 105 1 2  0.000169507 0.000147809 0.000125978 9.48096e-05 7.22351e-06
4 105 2 2  3542.64 2499.7 2112.07 306.95 0
4 105 3 2  19.2741 17.6167 24.8041 34.3728 30.0872
4 105 4 2  12.4157 7.47773 5.49648 3.81756 8.23194
4 105 5 2  4.24143 7.29537 2.16966 2.07424e-07 6.15616e-13
4 105 6 2  2.01635e-09 2.68691e-09 1.27124e-09 4.92472e-10 2.92861e-11
4 105 7 2  1373.45 534.783 406.484 275.065 155.691
4 105 8 2  436.313 322.96 194.685 68.0806 8.20781
4 105 9 2  195.051 83.1933 62.5183 42.5379 42.4127
4 105 10 2  7070.06 6313.91 5870.2 3814.6 1701.74
4 106 1 2  0.000121817 0.000113728 9.86981e-05 7.32075e-05 3.24207e-06
4 106 2 2  3151.02 2352.2 2153.03 309.341 0
4 106 3 2  15.7099 14.2839 19.1833 29.8071 30.1791
4 106 4 2  12.4157 7.47776 5.49651 3.81758 8.23197
4 106 5 2  3.23585 6.15945 1.53664 1.46139e-07 4.32487e-13
4 106 6 2  1.28822e-09 1.61951e-09 7.72584e-10 3.45148e-10 1.02091e-11
4 106 7 2  1355.77 539.663 410.144 274.761 155.109
4 106 8 2  388.939 300.971 196.776 71.8109 8.55438
4 106 9 2  195.051 83.1933 62.5183 42.5379 42.4127
4 106 10 2  6285.49 5669.84 5643.05 4008.38 1876.29
4 107 1 2  9.18777e-05 8.55814e-05 7.58813e-05 5.71793e-05 1.45512e-06
4 107 2 2  3205.62 2309.71 2092.17 302.941 0
4 107 3 2  15.509 14.0588 17.7636 25.0883 26.7291
4 107 4 2  12.4157 7.47777 5.49653 3.8176 8.232
4 107 5 2  2.59684 5.15683 1.08831 1.02962e-07 3.03834e-13
4 107 6 2  8.12681e-10 1.02612e-09 4.80203e-10 2.14607e-10 1.41182e-12
4 107 7 2  1362.18 542.334 413.439 275.326 154.657
4 107 8 2  398.732 299.022 189.195 70.8969 8.77581
4 107 9 2  195.051 83.1933 62.5183 42.5379 42.4127
4 107 10 2  6731.59 5937.38 5492.51 3789.41 1871.26
4 108 1 2  6.75033e-05 6.37266e-05 5.75986e-05 4.30389e-05 2.4107e-06
4 108 2 2  3086.71 2248.74 2046.29 290.104 0
4 108 3 2  13.5692 12.328 16.2735 23.4603 22.1405
4 108 4 2  12.4157 7.47776 5.49654 3.81761 8.23204
4 108 5 2  1.95703 4.29675 0.770789 7.2541e-08 2.13452e-13
4 108 6 2  4.86831e-10 5.9894e-10 2.87342e-10 1.27636e-10 1.95241e-13
4 108 7 2  1358.35 543.603 416.131 276.373 154.394
4 108 8 2  385.263 292.054 186.338 69.3435 8.60696
4 108 9 2  195.051 83.1933 62.5183 42.5379 42.4127
4 108 10 2  6511.67 5792.03 5519.77 3780.39 1787.31
4 109 1 2  5.55315e-05 4.98141e-05 4.36455e-05 3.19303e-05 3.40025e-06
4 109 2 2  3447.71 2391.57 2036.56 280.929 0
4 109 3 2  14.7905 13.3395 16.3052 22.1865 17.9205
4 109 4 2  12.4157 7.47775 5.49654 3.81762 8.23207
4 109 5 2  1.60284 3.60722 0.545904 5.11083e-08 1.49956e-13
4 109 6 2  3.48471e-10 4.15066e-10 1.8133e-10 7.24604e-11 2.69998e-14
4 109 7 2  1391.82 548.545 418.415 277.609 154.325
4 109 8 2  435.084 317.376 189.515 68.2489 8.3662
4 109 9 2  195.051 83.1933 62.5183 42.5379 42.4127
4 109 10 2  7684.76 6654.58 5837.51 3768.6 1726.75
4 110 1 2  4.56177e-05 4.02729e-05 3.40513e-05 2.39864e-05 3.37145e-06
4 110 2 2  3650.03 2552.12 2128.26 290.404 0
4 110 3 2  13.5657 12.3323 16.1709 22.3224 15.5419
4 110 4 2  12.4156 7.47773 5.49653 3.81762 8.2321
4 110 5 2  1.29336 3.0085 0.38663 3.60079e-08 1.05348e-13
4 110 6 2  2.23246e-10 2.68417e-10 1.20153e-10 4.54177e-11 3.73376e-15
4 110 7 2  1416.78 556.187 421.691 279.005 154.424
4 110 8 2  464.329 341.742 204.051 70.8943 8.33364
4 110 9 2  195.051 83.1933 62.5183 42.5379 42.4127
4 110 10 2  8169.04 7162.79 6475.52 4123.1 1769.08
4 111 1 2  3.71062e-05 3.25875e-05 2.70099e-05 1.86391e-05 1.94705e-06
4 111 2 2  3711.48 2640.03 2243.76 324.681 0
4 111 3 2  11.2533 10.2655 14.0386 20.1627 18.1722
4 111 4 2  12.4156 7.47769 5.49651 3.81762 8.23212
4 111 5 2  1.07747 2.38292 0.273825 2.53691e-08 7.401e-14
4 111 6 2  1.30538e-10 1.72091e-10 8.11402e-11 3.24472e-11 1.68757e-12
4 111 7 2  1425.99 562.811 425.958 280.746 154.683
4 111 8 2  476.749 355.205 216.962 75.9976 8.91641
4 111 9 2  195.051 83.1933 62.5183 42.5379 42.4127
4 111 10 2  8246.01 7359.5 6892.2 4571.94 2057.07
4 112 1 2  2.69641e-05 2.50927e-05 2.15191e-05 1.50218e-05 8.73881e-07
4 112 2 2  3428.58 2525.8 2281.41 326.225 0
4 112 3 2  9.85066 8.93896 11.6654 17.4307 17.5794
4 112 4 2  12.4155 7.47764 5.49648 3.8176 8.23213
4 112 5 2  0.768724 1.87797 0.193931 1.78735e-08 5.19939e-14
4 112 6 2  8.68121e-11 1.08382e-10 5.04943e-11 2.20698e-11 5.90721e-13
4 112 7 2  1401.02 563.585 430.007 282.861 155.113
4 112 8 2  442.307 338.783 218.511 79.6677 9.45908
4 112 9 2  195.051 83.1933 62.5183 42.5379 42.4127
4 112 10 2  7718.85 6910.37 6719.36 4708.27 2215.87
4 113 1 2  1.98991e-05 1.87307e-05 1.66664e-05 1.17857e-05 7.99206e-07
4 113 2 2  3379.02 2451.22 2226.11 316.95 0
4 113 3 2  9.12276 8.27535 10.7049 15.4593 14.8872
4 113 4 2  12.4154 7.47758 5.49644 3.81758 8.23212
4 113 5 2  0.566109 1.48086 0.137347 1.25925e-08 3.6527e-14
4 113 6 2  5.28454e-11 6.53013e-11 3.08935e-11 1.34551e-11 8.1687e-14
4 113 7 2  1386.39 560.862 432.206 285.038 155.711
4 113 8 2  437.704 330.713 211.207 78.9786 9.66829
4 113 9 2  195.051 83.1933 62.5183 42.5379 42.4127
4 113 10 2  7841.21 6939 6529.93 4516.2 2176.61
4 114 1 2  1.58562e-05 1.44527e-05 1.27426e-05 8.98319e-06 1.11922e-06
4 114 2 2  3679.25 2566.6 2203.69 298.002 0
4 114 3 2  9.82409 8.84112 10.7976 15.2076 10.8263
4 114 4 2  12.4153 7.47753 5.4964 3.81756 8.23211
4 114 5 2  0.43096 1.0514 0.246564 8.87187e-09 2.56611e-14
4 114 6 2  3.76299e-11 4.34326e-11 1.9021e-11 7.38401e-12 1.12958e-14
4 114 7 2  1400.81 560.566 432.867 286.849 156.429
4 114 8 2  480.584 352.623 212.924 77.202 9.39705
4 114 9 2  195.051 83.1933 62.5183 42.5379 42.4127
4 114 10 2  8961.06 7752.35 6857.08 4444.09 2016.54
4 115 1 2  1.33574e-05 1.16916e-05 9.88696e-06 6.87761e-06 1.0002e-06
4 115 2 2  3949.85 2751.97 2289.24 315.79 0
4 115 3 2  8.57601 7.82489 10.5547 14.888 10.0643
4 115 4 2  12.4152 7.47748 5.49636 3.81753 8.23208
4 115 5 2  0.444834 0.843294 0.233216 6.25053e-09 1.80275e-14
4 115 6 2  2.29717e-11 2.81698e-11 1.27038e-11 4.75378e-12 1.56199e-15
4 115 7 2  1419.04 563.517 433.57 288.206 157.19
4 115 8 2  519.567 381.592 227.444 79.4112 9.39723
4 115 9 2  195.051 83.1933 62.5183 42.5379 42.4127
4 115 10 2  9550.2 8393.54 7592.29 4833.93 2084.97
4 116 1 2  1.03227e-05 9.2604e-06 7.79048e-06 5.28432e-06 5.47514e-07
4 116 2 2  3649.97 2680.89 2380.84 356.596 0
4 116 3 2  6.21881 5.67999 8.11352 12.4529 13.0529
4 116 4 2  12.4152 7.47742 5.49632 3.8175 8.23205
4 116 5 2  0.386661 0.686065 0.165168 4.40369e-09 1.26648e-14
4 116 6 2  1.1835e-11 1.63657e-11 8.24099e-12 3.52449e-12 3.02549e-13
4 116 7 2  1396.64 563.055 434.681 289.332 157.937
4 116 8 2  482.66 369.274 235.977 84.7157 10.1148
4 116 9 2  195.051 83.1933 62.5183 42.5379 42.4127
4 116 10 2  8471.02 7715.79 7667.63 5351.04 2499.22
4 117 1 2  7.41173e-06 6.99134e-06 6.10078e-06 4.18143e-06 2.45736e-07
4 117 2 2  3300.33 2466.08 2321.77 344.034 0
4 117 3 2  5.69738 5.16857 6.52445 9.66675 12.525
4 117 4 2  12.4151 7.47738 5.49628 3.81747 8.23201
4 117 5 2  0.287352 0.556738 0.116975 3.10253e-09 8.89727e-15
4 117 6 2  8.48109e-12 1.09005e-11 5.04725e-12 2.29329e-12 1.88527e-13
4 117 7 2  1359.27 556.765 434.561 290.27 158.652
4 117 8 2  438.659 339.357 225.238 85.4522 10.5965
4 117 9 2  195.051 83.1933 62.5183 42.5379 42.4127
4 117 10 2  7903.1 7102.68 7000.27 5124.66 2621.47
4 118 1 2  5.41152e-06 5.14978e-06 4.65684e-06 3.29495e-06 1.97699e-07
4 118 2 2  3220.67 2350.06 2191.4 316.05 0
4 118 3 2  5.48786 4.96544 6.23338 8.64415 9.81786
4 118 4 2  12.4151 7.47734 5.49624 3.81744 8.23196
4 118 5 2  0.213197 0.459802 0.0828433 2.18582e-09 6.25052e-15
4 118 6 2  5.57716e-12 6.88489e-12 3.18392e-12 1.39351e-12 4.23267e-14
4 118 7 2  1340.64 549.032 432.296 290.713 159.308
4 118 8 2  430.018 326.188 211.179 81.1547 10.3592
4 118 9 2  195.051 83.1933 62.5183 42.5379 42.4127
4 118 10 2  8014.93 7093.42 6693.94 4704.88 2388.64
4 119 1 2  4.24087e-06 3.8927e-06 3.48635e-06 2.54135e-06 1.1929e-07
4 119 2 2  3268.96 2345.25 2113.32 314.436 0
4 119 3 2  4.86691 4.43222 5.82674 7.90028 8.99786
4 119 4 2  12.4151 7.47733 5.49621 3.81741 8.23191
4 119 5 2  0.175043 0.366231 0.0586709 1.53997e-09 4.39112e-15
4 119 6 2  3.29212e-12 4.36252e-12 2.08066e-12 8.9059e-13 6.02349e-14
4 119 7 2  1341.02 543.935 428.804 290.411 159.844
4 119 8 2  440.19 329.563 206.745 77.487 10.0123
4 119 9 2  195.051 83.1933 62.5183 42.5379 42.4127
4 119 10 2  8148.17 7268.68 6827.6 4666.24 2319.57
4 120 1 2  3.10362e-06 2.91693e-06 2.61906e-06 1.90192e-06 5.35397e-08
4 120 2 2  2923.05 2184.95 2055.65 316.118 0
4 120 3 2  3.71195 3.38788 4.60021 6.73935 9.15558
4 120 4 2  12.4151 7.47732 5.4962 3.8174 8.23186
4 120 5 2  0.133772 0.280055 0.0415516 1.08495e-09 3.08485e-15
4 120 6 2  1.96754e-12 2.7182e-12 1.3331e-12 6.0125e-13 7.75897e-14
4 120 7 2  1315.36 537.759 425.14 289.445 160.198
4 120 8 2  395.563 306.262 202.04 76.3789 9.86383
4 120 9 2  195.051 83.1933 62.5183 42.5379 42.4127
4 120 10 2  7109.67 6487.55 6539.25 4752.59 2435.52
4 121 1 2  2.19287e-06 2.12459e-06 1.96621e-06 1.42042e-06 1.12806e-07
4 121 2 2  2744.72 2029.06 1928.87 270.514 0
4 121 3 2  3.77296 3.38474 4.08002 6.08465 6.65549
4 121 4 2  12.4151 7.47734 5.4962 3.81738 8.23181
4 121 5 2  0.0894893 0.206918 0.0494928 7.64383e-10 2.16718e-15
4 121 6 2  1.54829e-12 1.79886e-12 7.97452e-13 3.41356e-13 2.24787e-14
4 121 7 2  1296.57 530.636 420.881 287.96 160.337
4 121 8 2  372.395 285.421 188.069 72.707 9.29002
4 121 9 2  195.051 83.1933 62.5183 42.5379 42.4127
4 121 10 2  7090.54 6247.39 5961.8 4289.83 2176.51
4 122 1 2  1.79988e-06 1.63149e-06 1.46491e-06 1.06298e-06 1.58632e-07
4 122 2 2  3065.35 2130.28 1852.46 250.78 0
4 122 3 2  3.96009 3.57708 4.43445 6.20025 4.25302
4 122 4 2  12.4152 7.47737 5.49621 3.81738 8.23177
4 122 5 2  0.0810492 0.15091 0.0664449 5.38531e-10 1.52249e-15
4 122 6 2  1.00772e-12 1.16168e-12 5.10735e-13 1.84919e-13 3.10833e-15
4 122 7 2  1325.86 529.695 416.651 286.006 160.246
4 122 8 2  417.381 305.262 184.529 68.2764 8.56899
4 122 9 2  195.051 83.1933 62.5183 42.5379 42.4127
4 122 10 2  8225.75 7100.99 6238.34 4033.72 1866.89
4 123 1 2  1.56101e-06 1.34813e-06 1.13143e-06 7.9835e-07 1.43952e-07
4 123 2 2  3390.59 2337.4 1920.12 259.674 0
4 123 3 2  3.56776 3.25409 4.35824 6.2516 3.63097
4 123 4 2  12.4153 7.47741 5.49623 3.81739 8.23174
4 123 5 2  0.0867853 0.135778 0.0565194 3.79412e-10 1.06958e-15
4 123 6 2  6.36363e-13 7.58661e-13 3.36114e-13 1.18719e-13 4.29819e-16
4 123 7 2  1365.91 535.904 414.639 283.911 159.929
4 123 8 2  464.682 338.574 198.804 69.0689 8.23886
4 123 9 2  195.051 83.1933 62.5183 42.5379 42.4127
4 123 10 2  9023.26 7875.53 7012.29 4389.66 1858.64
full time series of fishery length comp
fleet year spp area catch-at-size
1 1 1 1  188.849 870.327 2628.25 891.678 56.6898
1 1 2 1  1.69576e-18 6.06537e-13 1.68823e-12 1.58969e-13 3.68726e-14
1 1 3 1  74.8689 191.165 97.0524 106.92 408.218
1 1 4 1  18.5528 53.6156 6.08839 0.0717239 122.546
1 1 5 1  38.9469 259.49 2105.99 286.75 686.774
1 1 6 1  1811.1 3976.61 23525.9 11661.4 1374.82
1 1 7 1  5.5347e-33 657.033 86.3117 648.639 29.9313
1 1 8 1  364.285 1962.68 4034.68 743.441 84.6818
1 1 9 1  62.7152 104.045 443.283 1639.64 257.02
1 1 10 1  394.258 2361.48 2266.13 3247.23 591.299
1 2 1 1  138.311 1436.42 1277.92 925.764 229.702
1 2 2 1  1.30847e-12 1.34401e-12 9.65486e-13 1.62199e-13 1.37715e-19
1 2 3 1  22.8765 160.044 413.684 89.1138 148.114
1 2 4 1  11.5071 112.687 56.8511 10.2112 78.3933
1 2 5 1  52.5428 598.711 1192.74 747.258 403.452
1 2 6 1  1913.35 5644.31 7657.51 1284.74 146.115
1 2 7 1  63.9539 349.549 190.037 414.328 81.8599
1 2 8 1  228.978 1745.1 2740.74 1251.41 103.843
1 2 9 1  61.4567 228.105 203.98 643.361 537.906
1 2 10 1  330.881 1688.11 3786.37 3291.1 992.735
1 3 1 1  183.659 1885.58 1537.93 1056.8 423.804
1 3 2 1  1.35528e-12 2.99008e-12 3.03791e-12 2.73923e-13 3.15414e-24
1 3 3 1  8.17969 88.5529 547.033 175.075 84.8225
1 3 4 1  11.5994 154.037 132.127 49.6947 91.1652
1 3 5 1  67.2141 980.435 1750.72 1469.67 378.163
1 3 6 1  3988.63 11734.1 10599.9 230.155 25.0875
1 3 7 1  110.655 421.608 298.862 451.447 153.057
1 3 8 1  313.731 2094.65 3129.1 1565.29 162.288
1 3 9 1  391.504 873.615 321.111 436.06 702.536
1 3 10 1  332.172 1911.09 4755.55 4772.74 1645.94
1 4 1 1  288.715 2247.67 1327.49 772.369 356.551
1 4 2 1  5.70385e-13 1.94887e-12 3.41278e-12 9.75163e-13 1.11813e-30
1 4 3 1  164.732 436.005 432.055 213.938 30.5369
1 4 4 1  7.98583 118.257 129.478 70.1945 86.636
1 4 5 1  27.1772 674.89 1655.67 1620.02 236.071
1 4 6 1  2772.41 9699.47 12038.6 25.7657 2.66078
1 4 7 1  113.402 384.777 283.049 339.942 156.523
1 4 8 1  282.449 1860.45 2575 1186.13 127.107
1 4 9 1  244.235 1251.94 676.178 319.705 499.291
1 4 10 1  507.756 2061.1 3765.99 3700.9 1405.36
1 5 1 1  329.096 3223.05 2053.7 923.56 384.283
1 5 2 1  3.6176e-13 1.30729e-12 3.27408e-12 1.96747e-12 9.359e-32
1 5 3 1  634.25 1980.21 1948.17 305.887 14.7994
1 5 4 1  7.77773 117.487 144.633 96.7353 121.338
1 5 5 1  18.6538 444.987 1569.79 2324.95 202.445
1 5 6 1  7771.25 20450.5 15669 3.93714 0.386374
1 5 7 1  158.805 507.724 364.188 364.685 202.082
1 5 8 1  379.846 2365.12 3030.2 1283.34 128.685
1 5 9 1  214.107 1265.71 999.707 517.614 513.198
1 5 10 1  374.501 2348.53 5490.87 4562.82 1406.51
1 6 1 1  167.781 2219.14 1788.93 852.995 297.31
1 6 2 1  1.69433e-13 5.61308e-13 1.70733e-12 1.61709e-12 1.64329e-32
1 6 3 1  102.731 1098.16 3593.01 1442.76 4.77179
1 6 4 1  5.38161 80.0766 103.206 77.7722 112.823
1 6 5 1  23.797 314.78 940.782 1834.38 119.585
1 6 6 1  2853.85 12643.1 19046.9 0.395063 0.0365936
1 6 7 1  146.883 471.758 327.99 281.093 173.054
1 6 8 1  283.253 1966.38 2655.63 1061.93 97.332
1 6 9 1  130.928 803.195 741.077 479.336 411.42
1 6 10 1  183.416 1233.6 3564.05 3798.4 1281.65
1 7 1 1  102.415 1280.04 1192.45 702.155 245.917
1 7 2 1  1.23619e-13 2.92234e-13 7.79661e-13 9.51753e-13 2.55152e-33
1 7 3 1  242.256 810.275 2018.6 2164.91 1.55797
1 7 4 1  3.48147 51.5874 68.68 55.5745 95.369
1 7 5 1  29.964 350.878 653.841 1177.04 64.4513
1 7 6 1  2555.47 8328.89 11547.4 0.0391511 0.00348367
1 7 7 1  118.533 396.003 274.029 207.208 133.592
1 7 8 1  175.438 1334.86 2091.8 959.461 92.8953
1 7 9 1  169.475 638.59 502.268 368.567 338.236
1 7 10 1  128.809 692.457 1895.86 2466.59 1149.58
1 8 1 1  197.121 1659.44 1242.17 804.765 312.477
1 8 2 1  5.79116e-13 7.53143e-13 7.64299e-13 2.04913e-14 7.15413e-36
1 8 3 1  62.684 614.706 2563.72 3441.46 0.844725
1 8 4 1  3.77076 54.3733 73.1359 61.9012 124.541
1 8 5 1  61.7649 684.771 997.671 1169.59 56.5311
1 8 6 1  2686.41 9898.7 13883.5 1186.81 0.000563504
1 8 7 1  159.832 533.194 372.567 258.239 167.25
1 8 8 1  222.72 1507.09 2300.15 1173.58 131.664
1 8 9 1  154.728 867.435 678.068 451.051 439.258
1 8 10 1  217.032 971.134 2016.89 2317.23 1230.9
1 9 1 1  138.261 1638.65 1220.54 672.804 257.804
1 9 2 1  7.09902e-13 1.25042e-12 1.26569e-12 1.34267e-13 2.54728e-122
1 9 3 1  195.972 644.198 1435.01 3573.15 0.335094
1 9 4 1  3.24601 44.748 58.8361 50.5312 117.075
1 9 5 1  32.1399 727.712 1340.23 785.24 38.252
1 9 6 1  4227.82 13138.5 14247.5 2623.06 6.59964e-05
1 9 7 1  162.291 551.794 388.771 254.487 161.396
1 9 8 1  201.431 1387.25 2022.01 975.44 115.138
1 9 9 1  113.031 678.786 617.238 430.544 418.173
1 9 10 1  123.327 788.165 2076.17 2124.27 948.039
1 10 1 1  271.259 2032.44 1152.42 590.35 214.227
1 10 2 1  1.16253e-12 1.8231e-12 1.84896e-12 4.97999e-13 2.66244e-128
1 10 3 1  113.067 556.331 1631.12 2957.76 0.135211
1 10 4 1  2.83588 37.8062 48.3199 41.1773 106.753
1 10 5 1  21.6371 508.965 1381.78 691.661 25.6966
1 10 6 1  2205.79 9045.44 15788.1 1945.03 7.83466e-06
1 10 7 1  162.054 558.823 396.947 250.126 153.085
1 10 8 1  180.97 1253.63 1843.62 876.105 100.015
1 10 9 1  84.3626 509.719 499.906 384.571 393.327
1 10 10 1  88.8093 516.727 1471.05 1831.67 858.981
1 11 1 1  229.158 2744.05 1833.42 747.419 239.183
1 11 2 1  6.8739e-13 2.21975e-12 3.44952e-12 1.28565e-12 1.52359e-129
1 11 3 1  49.8546 386.209 1783.88 3015.87 0.070019
1 11 4 1  3.38266 43.012 52.6551 43.8414 123.057
1 11 5 1  27.8403 482.46 1461.32 1179.91 23.0545
1 11 6 1  6915.77 18765.8 17011.2 318.444 1.20922e-06
1 11 7 1  219.71 750.874 533.939 327.734 192.264
1 11 8 1  239.548 1548.81 2100.65 946.7 102.413
1 11 9 1  335.992 896.562 529.039 402.799 451.256
1 11 10 1  415.997 1401.69 1780.11 1557.12 717.933
1 12 1 1  233.763 1951.51 1175.45 517.428 149.135
1 12 2 1  5.80651e-13 1.13484e-12 2.01372e-12 1.02695e-12 5.61e-131
1 12 3 1  86.6429 291.597 786.152 1550.11 0.0187123
1 12 4 1  2.08031 25.9878 30.7313 24.6387 72.2642
1 12 5 1  18.734 292.948 783.635 838.708 10.4981
1 12 6 1  2847.6 10934.6 15483.5 26.143 9.28229e-08
1 12 7 1  146.565 511.148 362.65 218.011 122.398
1 12 8 1  148.007 1012.44 1414.76 611.748 61.3186
1 12 9 1  154.847 818.625 503.116 255.755 260.41
1 12 10 1  266.109 1320.71 2510.19 1741.63 465.277
1 13 1 1  318.562 3405.39 2194.19 872.507 233.4
1 13 2 1  8.93328e-13 1.94833e-12 3.2293e-12 1.45902e-12 3.34363e-132
1 13 3 1  40.8426 344.387 1379.94 2198.94 0.0133204
1 13 4 1  3.48391 41.741 47.7256 37.128 110.131
1 13 5 1  33.5406 517.723 1231.84 1424.63 12.7858
1 13 6 1  3818.06 14185.4 22301.1 5.96743 1.9969e-08
1 13 7 1  257.278 914.482 652.511 386.045 207.57
1 13 8 1  281.835 1750.38 2252.98 956.455 95.2607
1 13 9 1  196.077 1133.1 923.428 514.556 414.243
1 13 10 1  261.577 1737.56 4514.83 3999.74 1127.43
1 14 1 1  263.809 2568.47 1592.7 631.552 150.359
1 14 2 1  7.21897e-13 1.70708e-12 2.70205e-12 3.53278e-15 7.71404e-137
1 14 3 1  171.595 558.139 979.515 1751.77 0.00419286
1 14 4 1  38.5894 136.033 49.1836 28.1134 81.8577
1 14 5 1  42.3483 548.099 1139.13 1127.13 8.1966
1 14 6 1  2849.16 11125 16806.5 1691.7 1.86993e-09
1 14 7 1  243.354 853.755 606.102 353.596 182.347
1 14 8 1  254.692 1623.71 1942.44 695.906 61.3156
1 14 9 1  134.949 746.156 644.013 418.029 327.682
1 14 10 1  248.553 1244.16 2861.28 2837.1 951.63
1 15 1 1  182.109 2022.38 1264.62 467.918 100.272
1 15 2 1  2.49897e-13 1.11431e-12 2.40482e-12 3.51272e-13 0
1 15 3 1  95.0149 493.428 1416.2 1683.3 0.00139458
1 15 4 1  27.1299 263.828 145.132 42.4522 65.3096
1 15 5 1  39.5658 631.692 1190.95 908.13 5.34825
1 15 6 1  7314.27 19179.7 16339.7 1959.83 1.86036e-10
1 15 7 1  228.608 809.959 570.309 327.504 162.348
1 15 8 1  207.63 1421.85 1816.35 648.474 51.8167
1 15 9 1  124.661 570.781 458.343 315.275 265.586
1 15 10 1  169.023 960.624 2313.25 2155.35 724.977
1 16 1 1  95.6552 1387.32 1122.5 482.948 110.607
1 16 2 1  8.04583e-14 4.85262e-13 1.63875e-12 2.50616e-15 0
1 16 3 1  504.717 1501.23 1781.24 1511.66 0.000503449
1 16 4 1  20.4931 262.488 220.73 89.5046 72.0778
1 16 5 1  49.0653 675.884 1288.14 1077.16 3.74542
1 16 6 1  8576.32 26293 26411.8 228.957 1.98801e-11
1 16 7 1  228.234 826.177 593.188 340.862 164.058
1 16 8 1  201.177 1313.64 1664.25 617.362 49.2579
1 16 9 1  169.506 614.694 401.095 258.666 231.039
1 16 10 1  151.192 790.444 1810.25 1700.36 547.062
1 17 1 1  165.791 1374.25 961.414 493.523 127.127
1 17 2 1  5.98827e-14 2.81073e-13 1.27386e-12 9.08676e-15 0
1 17 3 1  119.638 1269.19 4652.84 3984.63 0.000224953
1 17 4 1  23.324 313.996 313.921 166.083 130.066
1 17 5 1  54.221 1003.35 2144.99 1442.64 3.85575
1 17 6 1  3548.26 20199.4 40153.2 3969.32 2.75302e-12
1 17 7 1  333.052 1216.91 892.47 519.119 245.403
1 17 8 1  396.383 2097.29 2036.45 634.608 48.9641
1 17 9 1  191.42 858.526 546.164 298.95 253.64
1 17 10 1  242.052 1113.95 2078.63 1593.94 448.961
1 18 1 1  52.5233 528.361 296.303 115.466 28.2611
1 18 2 1  1.30743e-12 1.38804e-12 5.62332e-13 1.56016e-15 0
1 18 3 1  34.7619 165.266 835.898 2129.98 2.66621e-05
1 18 4 1  6.63988 95.1372 105.65 65.3477 61.0411
1 18 5 1  20.7251 354.31 851.688 365.046 0.975558
1 18 6 1  1676.04 5727.9 8572.97 2436.42 8.99315e-14
1 18 7 1  115.808 436.999 323.426 189.597 88.5121
1 18 8 1  124.328 852.302 1030.44 314.591 20.32
1 18 9 1  99.6232 358.152 204.712 104.851 77.648
1 18 10 1  118.698 523.713 946.351 736.965 216.475
1 19 1 1  33.0188 480.341 361.155 140.888 30.9036
1 19 2 1  3.2563e-12 4.79508e-12 2.81002e-12 8.04659e-16 0
1 19 3 1  52.374 197.737 569.336 1815.64 1.3056e-05
1 19 4 1  5.62941 87.5824 110.905 78.6292 90.1284
1 19 5 1  15.4861 331.036 895.936 424.104 0.731371
1 19 6 1  2332.47 7137.04 8781.66 1477.07 1.33616e-14
1 19 7 1  114.757 452.508 343.602 203.671 94.533
1 19 8 1  139.085 929.239 1340.01 574.327 47.7742
1 19 9 1  86.5485 454.987 311.576 152.636 98.2361
1 19 10 1  120.835 612.8 1378.48 1296.61 456.076
1 20 1 1  53.2276 440.378 290.764 137.808 34.3722
1 20 2 1  3.3518e-12 6.88633e-12 6.66153e-12 8.13804e-15 0
1 20 3 1  72.723 284.898 595.603 1143.3 5.26359e-06
1 20 4 1  4.18928 66.3505 91.0456 72.2451 102.827
1 20 5 1  62.996 526.612 750.329 521.656 0.466738
1 20 6 1  3038.09 9570.54 9597.77 750.346 1.65772e-15
1 20 7 1  98.915 393.552 307.849 186.21 86.592
1 20 8 1  141.091 914.918 1310.18 625.733 64.2365
1 20 9 1  105.454 443.698 323.514 183.308 114.512
1 20 10 1  165.396 720.999 1400.77 1402.8 586.079
1 21 1 1  44.018 497.964 335.244 143.099 38.4121
1 21 2 1  1.55353e-12 5.62537e-12 9.32135e-12 1.29453e-14 0
1 21 3 1  97.0445 366.953 824.464 918.193 2.40171e-06
1 21 4 1  3.48937 54.3698 77.689 66.8556 117.535
1 21 5 1  24.4795 614.655 1105.19 595.627 0.322448
1 21 6 1  2830.2 9175.34 11738 954.715 2.25281e-16
1 21 7 1  91.9918 369.55 297.106 184.931 87.0482
1 21 8 1  141.989 957.762 1414.93 697.07 78.2764
1 21 9 1  146.77 571.743 378.108 218.088 146.313
1 21 10 1  384.372 1420.86 2099.21 1745.62 721.331
1 22 1 1  58.0488 532.062 360.167 163.414 43.2344
1 22 2 1  1.32856e-12 3.85153e-12 8.62267e-12 3.29866e-13 0
1 22 3 1  31.0787 242.148 999.679 1045.41 1.14387e-06
1 22 4 1  3.15084 47.1184 67.6288 61.106 130.558
1 22 5 1  32.3141 454.875 1132.6 818.373 0.232304
1 22 6 1  2800.59 10198.1 12606.6 1564.23 3.16735e-17
1 22 7 1  91.2664 362.227 296.331 189.905 91.1781
1 22 8 1  181.901 1120.86 1551.31 769.835 91.2986
1 22 9 1  241.503 863.054 511.922 274.667 187.796
1 22 10 1  274.879 1634.19 3785.78 3222.66 1100.98
1 23 1 1  64.8101 571.376 316.956 124.454 28.6235
1 23 2 1  2.74478e-12 4.38452e-12 6.51376e-12 6.23247e-14 0
1 23 3 1  33.7739 130.24 445.172 1369 4.79227e-07
1 23 4 1  2.53273 36.3237 51.2636 47.2179 119.705
1 23 5 1  22.5792 432.76 1005.8 503.494 0.143173
1 23 6 1  1218.77 5495.12 11246 3341.1 3.8477e-18
1 23 7 1  77.6815 302.268 244.695 159.07 77.9109
1 23 8 1  158.217 1086.48 1604.43 781.54 95.4688
1 23 9 1  151.444 884.335 631.281 318.918 203.387
1 23 10 1  173.896 1041.74 3060.2 3899.05 1892.31
1 24 1 1  75.8527 767.692 430.152 138.788 26.1698
1 24 2 1  1.45457e-12 5.70488e-12 1.04926e-11 1.23075e-13 0
1 24 3 1  51.4316 205.523 494.776 1496.89 2.86879e-07
1 24 4 1  3.02901 41.4581 56.5044 51.8412 151.224
1 24 5 1  55.5004 669.897 1395.5 448.693 0.12738
1 24 6 1  1380.55 5184.37 8988.83 2997.58 6.76863e-19
1 24 7 1  97.5347 365.963 285.922 184.206 91.3411
1 24 8 1  170.36 1279.96 2059.74 1057.03 130.119
1 24 9 1  320.918 1203.11 851.692 494.115 312.588
1 24 10 1  221.939 1138.74 2964.74 4054.07 2466.59
1 25 1 1  30.7894 469.406 325.017 107.637 17.3538
1 25 2 1  1.57282e-12 3.70439e-12 5.90165e-12 1.91061e-15 0
1 25 3 1  10.0806 88.9719 387.508 1017.03 9.74723e-08
1 25 4 1  2.25065 29.95 39.2207 35.0703 113.795
1 25 5 1  25.5176 570.282 1286.11 246.18 0.069711
1 25 6 1  1594.3 5383.01 6518.82 1659.83 7.06546e-20
1 25 7 1  77.682 278.889 208.929 131.67 65.5561
1 25 8 1  115.621 874.786 1475.51 810.927 104.46
1 25 9 1  181.642 1045.11 774.676 433.362 287.552
1 25 10 1  199.06 969.252 2214.42 2660.51 1622.34
1 26 1 1  25.7354 415.337 369.867 158.866 28.5412
1 26 2 1  1.52373e-12 5.03242e-12 1.78972e-12 8.05549e-17 0
1 26 3 1  102.296 306.252 353.108 684.739 3.45986e-08
1 26 4 1  3.25768 41.4908 52.0267 45.0201 156.467
1 26 5 1  78.6076 1000.06 1988.89 475.647 0.0736251
1 26 6 1  3365.01 10528.3 12411.2 1725.12 1.41245e-20
1 26 7 1  120.729 423.499 308.143 189.529 94.1071
1 26 8 1  147.542 1101.06 1807.77 1000.01 133.798
1 26 9 1  206.449 1252.52 1124.72 710.499 490.301
1 26 10 1  179.547 1166.26 3225.29 3581.44 1816.2
1 27 1 1  17.23 213.007 185.914 99.7104 26.0181
1 27 2 1  2.68528e-12 4.87245e-12 2.02334e-13 4.31182e-19 0
1 27 3 1  23.3912 222.701 297.934 38.8678 8.46587e-10
1 27 4 1  2.59505 31.7679 37.7031 31.0659 111.429
1 27 5 1  84.1197 1146.26 1846.6 980.983 0.04216
1 27 6 1  1885.32 7219.65 10519.1 182.32 1.38424e-21
1 27 7 1  105.312 355.009 250.644 150.356 73.9339
1 27 8 1  109.658 781.873 1199.68 614.122 75.6065
1 27 9 1  127.566 773.117 737.912 532.391 417.23
1 27 10 1  92.0556 614.701 1866.8 2281.3 991.726
1 28 1 1  28.9098 221.724 122.509 59.461 19.6319
1 28 2 1  1.22722e-12 4.35098e-12 8.09851e-13 1.99605e-18 0
1 28 3 1  6.34319 73.4704 175.395 16.0845 7.80186e-13
1 28 4 1  2.0778 25.3172 29.448 23.2568 82.8153
1 28 5 1  55.0427 914.114 1818.71 1472.57 0.0240538
1 28 6 1  1599.07 5557.5 6891.02 20.9462 1.49354e-22
1 28 7 1  93.3077 304.427 206.781 119.81 57.7463
1 28 8 1  89.727 615.29 930.22 472.925 55.2531
1 28 9 1  571.384 1322.48 581.279 387.856 352.037
1 28 10 1  71.7594 394.328 1094.2 1460.79 697.871
1 29 1 1  21.5426 209.102 115.446 40.036 10.9886
1 29 2 1  5.82764e-13 2.08543e-12 1.2532e-13 1.81496e-19 0
1 29 3 1  58.743 181.569 107.795 8.65002 1.57479e-14
1 29 4 1  1.3687 16.8833 19.8725 15.4125 53.2052
1 29 5 1  26.3412 508.208 1292.46 1037.97 0.0111705
1 29 6 1  782.039 3236.22 4816.85 426.794 1.45253e-23
1 29 7 1  67.2684 215.665 141.793 79.1695 37.1209
1 29 8 1  64.9966 435.877 672.68 361.407 44.8595
1 29 9 1  261.943 1462.89 850.54 344.648 255.084
1 29 10 1  77.7943 342.662 714.908 901.552 538.914
1 30 1 1  22.2365 280.323 191.313 67.6091 14.154
1 30 2 1  1.28896e-12 2.73363e-12 5.02263e-13 1.63088e-18 0
1 30 3 1  21.3368 195.137 445.663 77.7423 4.59889e-17
1 30 4 1  1.85257 22.6818 27.0045 21.0246 70.2902
1 30 5 1  70.6612 872.595 1769.43 1266.3 0.0104677
1 30 6 1  1816.99 5414.08 6209.1 779.788 3.01945e-24
1 30 7 1  94.1509 308.2 198.476 106.388 48.0487
1 30 8 1  88.9824 611.241 966.585 539.908 71.7141
1 30 9 1  249.604 1682.81 1467.18 766.116 441.462
1 30 10 1  72.3987 445.085 1198.47 1382.46 776.991
1 31 1 1  20.3073 269.147 230.645 106.768 24.881
1 31 2 1  2.9073e-12 5.20411e-12 8.57692e-13 3.9029e-18 0
1 31 3 1  8.67451 85.4213 360.244 128.942 5.4046e-18
1 31 4 1  2.24304 26.5874 30.9996 24.0709 78.5072
1 31 5 1  40.2128 950.101 2235.48 1908.21 0.00872692
1 31 6 1  1586.83 6215.37 8571.13 137.46 5.07478e-25
1 31 7 1  118.416 393.625 257.544 135.734 59.1152
1 31 8 1  102.003 709.854 1100.46 595.738 78.181
1 31 9 1  208.807 1465.91 1556.18 1083.48 706.737
1 31 10 1  53.2561 362.313 1140.3 1516.54 796.195
1 32 1 1  15.6871 226.003 218.774 125.456 34.7939
1 32 2 1  1.53562e-12 6.0686e-12 1.83137e-12 2.06917e-17 0
1 32 3 1  3.45751 30.4832 174.374 147.54 6.61015e-19
1 32 4 1  2.64491 30.1139 33.6884 25.6016 81.238
1 32 5 1  23.9328 691.637 2436.21 2027.76 0.0070188
1 32 6 1  1375.47 5657.02 9093.83 871.962 7.64397e-26
1 32 7 1  147.065 485.649 324.729 172.202 73.0433
1 32 8 1  114.78 778.349 1148.76 583.159 74.1434
1 32 9 1  238.157 1276.63 1348.97 1134.9 944.821
1 32 10 1  35.2763 247.156 832.338 1219.64 700.877
1 33 1 1  10.2008 143.464 137.072 85.1276 25.4573
1 33 2 1  3.55263e-12 6.41217e-12 3.24744e-12 2.536e-16 0
1 33 3 1  3.27747 14.928 61.6904 127.87 1.17699e-19
1 33 4 1  2.54715 28.3071 30.448 22.3165 67.7904
1 33 5 1  28.5116 502.74 2060.12 1312.86 0.00454095
1 33 6 1  1380.48 5223.83 7639.74 1949.65 9.04862e-27
1 33 7 1  149.081 481.598 319.753 169.873 70.6084
1 33 8 1  100.909 694.543 1015.62 488.776 59.6154
1 33 9 1  157.273 972.182 965.534 834.885 863.49
1 33 10 1  18.2153 128.692 450.594 710.602 470.237
1 34 1 1  10.6298 123.197 102.946 61.7394 18.7138
1 34 2 1  3.45801e-12 9.13122e-12 6.3225e-12 6.43536e-16 0
1 34 3 1  1.81822 10.438 41.7748 119.017 4.33324e-20
1 34 4 1  3.02761 33.0944 34.5733 24.4567 69.7369
1 34 5 1  74.8932 820.415 2107.69 1046.39 0.00360973
1 34 6 1  1934.94 6783.1 9272.19 2553.72 1.32458e-27
1 34 7 1  177.502 586.064 384.684 202.514 82.6581
1 34 8 1  95.4499 702.119 1068.39 510.049 60.242
1 34 9 1  342.333 1165.62 875.297 730.637 868.111
1 34 10 1  10.5193 77.7211 282.209 460.562 331.503
1 35 1 1  8.06598 88.0919 65.3153 35.1414 9.89585
1 35 2 1  2.15249e-12 6.40757e-12 4.07039e-12 2.96932e-16 0
1 35 3 1  13.9158 45.3562 51.5305 55.4598 12.5971
1 35 4 1  2.4319 27.0321 27.9913 19.2267 50.6675
1 35 5 1  49.5863 884.301 1567.16 576.878 0.0019859
1 35 6 1  2037 7637.05 9870.94 2720.04 1.32688e-28
1 35 7 1  144.203 489.145 324.614 170.273 68.4544
1 35 8 1  63.7929 473.915 754.429 378.334 45.6473
1 35 9 1  192.036 1062.75 767.296 496.69 594.481
1 35 10 1  4.70374 32.956 119.597 205.49 161.397
1 36 1 1  4.03413 53.0931 43.3274 22.5385 5.04194
1 36 2 1  1.71831e-12 3.64259e-12 8.71201e-14 1.43405e-18 0
1 36 3 1  50.0995 158.598 64.9351 4.55942 0.974346
1 36 4 1  1.43775 16.7972 18.1077 12.4564 30.3433
1 36 5 1  87.3494 874.978 768.519 239.427 0.000824972
1 36 6 1  732.285 3224.1 6909.93 3134.63 1.13635e-29
1 36 7 1  82.103 303.573 211.798 113.137 45.239
1 36 8 1  28.8677 235.346 433.57 253.403 34.8658
1 36 9 1  522.28 1316.27 592.966 341.581 366.023
1 36 10 1  1.94485 11.9849 42.2211 82.4948 86.3683
1 37 1 1  12.6305 106.545 75.1794 41.4309 9.03785
1 37 2 1  1.90676e-12 5.75637e-12 1.07566e-12 2.36212e-18 0
1 37 3 1  15.4413 131.09 368.223 158.77 3.89826
1 37 4 1  2.42702 28.9169 32.3825 22.9642 53.2376
1 37 5 1  232.508 2577.65 1706.18 286.488 0.00098884
1 37 6 1  971.808 4064.48 8101.3 4420.82 2.96023e-30
1 37 7 1  130.602 516.691 385.612 214.116 86.25
1 37 8 1  45.8781 335.856 610.919 402.901 64.2463
1 37 9 1  603.596 3396.17 2082.68 872.727 689.096
1 37 10 1  2.69155 15.2287 47.0785 86.7259 102.656
1 38 1 1  8.76168 116.109 81.9786 37.6231 7.42217
1 38 2 1  1.15993e-12 4.21223e-12 2.34615e-12 1.04534e-16 0
1 38 3 1  11.3657 50.9486 166.534 284.077 56.1872
1 38 4 1  2.47929 29.3241 32.8872 23.8004 54.2322
1 38 5 1  125.655 3263.54 2289.32 206.486 0.000712531
1 38 6 1  938.484 3790.25 6697.09 3450.76 4.14602e-31
1 38 7 1  127.873 513.022 401.477 232.881 95.5063
1 38 8 1  43.3887 310.015 509.509 309.933 51.7331
1 38 9 1  425.275 2817.76 2472.59 1343.42 838.467
1 38 10 1  1.79916 11.181 34.5266 53.8532 54.5196
1 39 1 1  3.58154 63.0983 59.418 29.6951 4.93218
1 39 2 1  7.71088e-13 2.169e-12 1.92599e-13 3.57482e-18 0
1 39 3 1  28.5316 95.8133 92.494 44.4328 16.6356
1 39 4 1  1.66369 20.4718 23.3879 17.1253 38.9643
1 39 5 1  72.5694 2181.23 1544.33 101.6 0.000351065
1 39 6 1  404.103 1893.4 4118.03 2279.61 4.09475e-32
1 39 7 1  83.0563 346.822 284.734 173.938 73.689
1 39 8 1  26.3464 197.359 336.358 198.682 32.2114
1 39 9 1  205.166 1487.14 1593.21 1134.81 793.086
1 39 10 1  0.976489 5.64976 17.3901 28.4488 27.5087
1 40 1 1  2.25424 42.4037 52.4212 34.1542 5.9657
1 40 2 1  5.6965e-13 1.70929e-12 2.90077e-13 4.1804e-19 0
1 40 3 1  25.733 104.484 177.659 85.0144 0.644889
1 40 4 1  1.47669 19.1862 22.9714 17.2822 39.7716
1 40 5 1  38.388 1855.79 1342.86 68.4549 0.000237342
1 40 6 1  954.75 3157.08 3712.67 1757.07 6.04008e-33
1 40 7 1  74.6729 318.273 275.633 178.721 79.2518
1 40 8 1  25.921 180.697 309.741 196.093 32.7674
1 40 9 1  136.115 1052 1302.98 1146.15 1011.27
1 40 10 1  0.726161 4.17408 12.8627 21.8852 23.2543
1 41 1 1  1.96159 26.1993 33.4818 28.1692 6.53862
1 41 2 1  1.40274e-12 2.12974e-12 6.08203e-13 1.21541e-17 0
1 41 3 1  6.8312 41.2379 140.094 155.249 0.0473259
1 41 4 1  1.05867 14.2267 17.9092 14.0375 33.3849
1 41 5 1  29.7059 1002.93 1300.8 37.1956 0.000129494
1 41 6 1  841.598 3097.76 4478.84 1568.87 7.40945e-34
1 41 7 1  53.7291 233.56 211.293 145.415 68.0977
1 41 8 1  21.386 146.359 246.702 160.011 27.9113
1 41 9 1  74.947 595.15 811.407 842.175 960.112
1 41 10 1  0.739757 3.45861 8.52783 13.9912 16.0441
1 42 1 1  1.22532 14.7544 16.4159 15.4672 4.86397
1 42 2 1  2.62417e-13 1.09091e-12 1.28677e-12 3.09908e-13 0
1 42 3 1  84.0017 247.397 192.525 107.864 0.00942427
1 42 4 1  0.506032 7.03855 9.35744 7.70337 19.4073
1 42 5 1  12.3465 371.432 733.708 13.444 4.70458e-05
1 42 6 1  691.86 2288.07 2879.12 964.143 6.54045e-35
1 42 7 1  25.7145 113.469 106.676 77.772 38.7069
1 42 8 1  12.5903 84.8582 146.132 100.227 18.3684
1 42 9 1  146.488 445.092 366.198 405.072 594.955
1 42 10 1  0.748643 3.09048 5.90675 7.88513 9.03503
1 43 1 1  5.79191 61.7951 58.1356 52.4275 19.6647
1 43 2 1  1.19796e-12 2.87671e-12 5.52337e-12 2.64847e-14 0
1 43 3 1  86.4855 590.02 2135.54 2465.98 0.0189059
1 43 4 1  1.8799 25.4591 34.2496 29.4248 80.1499
1 43 5 1  52.8545 1082.57 2797.31 37.1894 0.000130613
1 43 6 1  1203.16 4859.25 11760 4807.3 4.24909e-35
1 43 7 1  95.5901 416.523 399.596 305.64 161.668
1 43 8 1  70.7988 412.745 588.8 373.389 69.8063
1 43 9 1  393.376 2335.66 1808.46 1430.15 2359
1 43 10 1  4.56985 19.3797 36.8475 37.8075 30.4569
1 44 1 1  4.80491 58.8859 48.3765 35.5589 12.7397
1 44 2 1  9.98136e-13 2.63948e-12 4.96671e-12 1.759e-14 0
1 44 3 1  46.2338 228.034 962.533 3423.15 806.355
1 44 4 1  1.81155 23.1125 29.6033 25.4929 75.439
1 44 5 1  48.7614 958.495 2289.77 26.0242 9.14175e-05
1 44 6 1  614.143 2071.35 5305.72 3897.83 5.7351e-36
1 44 7 1  90.7493 386.757 368.407 290.576 162.616
1 44 8 1  65.5 450.718 642.011 315.699 49.4024
1 44 9 1  270.675 1814.56 1743.93 1311.27 1997.1
1 44 10 1  4.18014 20.8816 48.6212 50.3314 26.7548
1 45 1 1  3.88828 50.4225 42.2895 26.974 7.70811
1 45 2 1  9.51623e-13 2.45695e-12 4.61645e-12 1.6754e-14 0
1 45 3 1  48.5495 195.853 515.007 2067.88 2115.87
1 45 4 1  1.76305 21.7379 26.5447 22.2354 69.929
1 45 5 1  46.7699 940.904 1703.07 18.2302 6.40186e-05
1 45 6 1  369.143 1218.11 2725.04 2262.43 7.77233e-37
1 45 7 1  88.4502 364.206 341.179 274.075 161.503
1 45 8 1  65.0822 441.518 654.296 321.603 43.4749
1 45 9 1  188.45 1306.14 1424.74 1185.19 1729.03
1 45 10 1  4.72669 21.9632 50.0372 58.1983 33.4987
1 46 1 1  2.92282 40.7685 35.9599 21.8745 4.8504
1 46 2 1  8.66727e-13 2.32881e-12 4.41588e-12 1.58188e-14 0
1 46 3 1  42.5939 178.9 467.827 1360.43 2056.57
1 46 4 1  1.72866 20.883 24.6074 19.8576 64.2172
1 46 5 1  40.0225 910.978 1261.33 12.7825 4.48541e-05
1 46 6 1  209.885 692.501 1600.64 1313.66 1.05708e-37
1 46 7 1  86.7363 348.548 318.649 257.492 158.666
1 46 8 1  60.304 423.104 644.795 323.14 42.6655
1 46 9 1  133.349 924.066 1071.8 990.045 1503.1
1 46 10 1  4.82194 23.0638 53.9716 62.5564 37.3746
1 47 1 1  2.27421 31.6694 29.3349 18.0111 3.81961
1 47 2 1  8.54445e-13 2.24144e-12 4.23429e-12 1.48193e-14 0
1 47 3 1  37.3114 161.435 434.068 1199.87 1419.23
1 47 4 1  1.7043 20.3265 23.3806 18.2332 58.79
1 47 5 1  35.1243 788.981 1109.11 8.97038 3.14411e-05
1 47 6 1  126.51 408.372 907.754 697.718 1.44211e-38
1 47 7 1  87.1912 338.714 300.858 241.855 154.513
1 47 8 1  59.5192 406.086 614.719 314.451 41.6667
1 47 9 1  96.4239 657.284 778.37 774.878 1284.45
1 47 10 1  5.28807 24.7172 56.4358 65.4072 38.866
1 48 1 1  1.89617 25.1849 23.3995 14.7685 3.44252
1 48 2 1  9.1954e-13 2.30181e-12 4.1599e-12 1.38787e-14 0
1 48 3 1  33.922 149.073 405.449 1184.83 784.124
1 48 4 1  1.68706 19.9528 22.5914 17.157 53.9312
1 48 5 1  33.3788 656.222 1122.73 6.29986 2.20481e-05
1 48 6 1  82.2835 253.309 529.934 351.821 1.97264e-39
1 48 7 1  90.3096 336.069 287.88 227.852 149.47
1 48 8 1  63.513 414.862 600.551 301.624 39.5818
1 48 9 1  71.6794 475.714 560.525 582.168 1069.54
1 48 10 1  6.28838 28.4844 61.885 68.647 38.7322
1 49 1 1  1.54438 20.4962 18.9016 12.0444 3.21327
1 49 2 1  9.25844e-13 2.40448e-12 4.27973e-12 1.3915e-14 0
1 49 3 1  24.7337 122.164 378.123 1175.51 341.238
1 49 4 1  1.67487 19.6969 22.0729 16.4506 49.7532
1 49 5 1  31.6756 556.657 1179.51 4.42723 1.54668e-05
1 49 6 1  44.3522 146.094 316.589 178.539 2.70441e-40
1 49 7 1  93.1904 339.881 280.118 216.005 143.945
1 49 8 1  62.3287 422.28 615.268 299.089 37.6848
1 49 9 1  55.0973 353.314 407.049 428.695 868.125
1 49 10 1  6.57039 31.4065 70.8864 76.3943 39.7405
1 50 1 1  1.27365 16.7743 15.3608 9.77815 2.76049
1 50 2 1  9.47146e-13 2.46733e-12 4.43604e-12 1.45727e-14 0
1 50 3 1  18.707 91.4865 298.626 1122.05 149.46
1 50 4 1  1.66626 19.5194 21.7256 15.9853 46.2587
1 50 5 1  31.0138 510.437 1155.38 3.11293 1.08533e-05
1 50 6 1  25.0201 82.24 180.236 102.988 3.71457e-41
1 50 7 1  96.519 347.278 277.107 206.708 138.315
1 50 8 1  62.0347 419.468 617.728 302.776 37.55
1 50 9 1  43.9853 271.102 301.641 314.593 689.928
1 50 10 1  7.13748 33.7541 76.5858 85.0482 44.5071
1 51 1 1  1.1428 14.2038 12.5817 7.92106 2.19401
1 51 2 1  1.08083e-12 2.65499e-12 4.61977e-12 1.54949e-14 0
1 51 3 1  16.9554 77.1879 229.374 959.072 181.773
1 51 4 1  1.66018 19.3956 21.4892 15.6758 43.3914
1 51 5 1  33.4719 506.98 1065.2 2.18979 7.61791e-06
1 51 6 1  16.7522 53.5994 107.355 64.01 5.10979e-42
1 51 7 1  102.287 358.758 278.036 200.084 132.913
1 51 8 1  69.3064 442.605 623.438 303.883 38.1887
1 51 9 1  36.5387 215.961 230.15 233.192 540.023
1 51 10 1  8.96418 40.3303 85.6191 93.1897 50.6421
1 52 1 1  0.896919 12.0437 10.6009 6.46077 1.63681
1 52 2 1  1.0351e-12 2.77886e-12 4.9736e-12 1.68948e-14 0
1 52 3 1  14.0542 64.2157 190.021 731.021 369.852
1 52 4 1  1.65588 19.3088 21.3265 15.4676 41.0708
1 52 5 1  30.2149 520.997 931.6 1.54096 5.34807e-06
1 52 6 1  9.39968 31.6548 69.7997 44.6434 7.03763e-43
1 52 7 1  104.624 372.585 282.741 196.098 128.007
1 52 8 1  64.3457 447.348 658.336 314.417 39.1629
1 52 9 1  31.5486 178.996 181.962 176.556 418.911
1 52 10 1  8.92078 43.4408 100.858 110.434 59.1097
1 53 1 1  0.752086 9.8822 8.82465 5.35137 1.24395
1 53 2 1  1.12458e-12 2.86014e-12 5.16811e-12 1.78215e-14 0
1 53 3 1  15.1446 64.0415 165.369 559.731 441.028
1 53 4 1  1.65285 19.2478 21.2135 15.3259 39.2113
1 53 5 1  29.3444 514.555 817.658 1.08468 3.75516e-06
1 53 6 1  6.46733 20.6111 42.4044 28.9724 9.70211e-44
1 53 7 1  108.741 385.427 289.727 194.619 123.8
1 53 8 1  68.3588 448.995 653.705 322.5 40.7335
1 53 9 1  28.2046 154.221 149.578 137.743 324.104
1 53 10 1  10.9111 49.4234 108.099 122.411 69.4952
1 54 1 1  0.581386 8.02458 7.2763 4.51333 0.825263
1 54 2 1  1.05607e-12 2.89391e-12 5.38662e-12 1.91524e-14 0
1 54 3 1  11.8444 54.3702 159.236 457.247 496.452
1 54 4 1  1.65071 19.2049 21.1346 15.2285 37.7324
1 54 5 1  26.0665 506.652 678.522 0.763678 2.63704e-06
1 54 6 1  3.5347 12.3904 27.7667 19.7527 1.33854e-44
1 54 7 1  109.666 397.334 298.084 195.241 120.425
1 54 8 1  62.3449 439.428 662.432 326.021 41.9358
1 54 9 1  25.9637 137.618 127.848 111.386 251.701
1 54 10 1  10.6321 52.3736 123.724 139.456 79.7872
1 55 1 1  0.445493 6.31836 5.87773 3.79614 0.51244
1 55 2 1  1.05142e-12 2.81925e-12 5.40748e-12 1.91103e-14 0
1 55 3 1  12.1657 50.5719 131.322 388.953 491.579
1 55 4 1  1.6492 19.1746 21.0794 15.1611 36.5631
1 55 5 1  22.0627 487.131 545.007 0.537764 1.85202e-06
1 55 6 1  2.37351 7.50313 16.5959 13.0831 1.84775e-45
1 55 7 1  110.952 405.725 306.431 197.493 117.935
1 55 8 1  60.9022 417.926 635.932 323.893 42.5833
1 55 9 1  24.4619 126.492 113.277 93.5867 197.472
1 55 10 1  11.8874 55.1653 127.204 150.965 90.7082
1 56 1 1  0.394395 5.08504 4.69051 3.03381 0.564285
1 56 2 1  1.23548e-12 3.00384e-12 5.39269e-12 1.8312e-14 0
1 56 3 1  13.2929 56.2647 139.401 394.364 289.988
1 56 4 1  1.64812 19.1533 21.0406 15.1141 35.6429
1 56 5 1  22.3307 421.14 570.238 0.378729 1.30079e-06
1 56 6 1  1.75431 5.36501 10.3754 6.90925 2.55178e-46
1 56 7 1  115.702 414.929 314.052 200.766 116.306
1 56 8 1  70.5408 443.416 623.043 311.373 41.0461
1 56 9 1  23.4556 119.036 103.51 81.6045 157.481
1 56 10 1  15.7559 69.1297 143.191 156.605 91.0166
1 57 1 1  0.31881 4.24446 3.84071 2.43784 0.544037
1 57 2 1  1.21481e-12 3.20475e-12 5.71076e-12 1.89886e-14 0
1 57 3 1  9.44696 46.3451 143.18 444.627 129.35
1 57 4 1  1.64736 19.1382 21.0133 15.0813 34.9214
1 57 5 1  20.9031 377.882 596.155 0.266751 9.13681e-07
1 57 6 1  0.991318 3.27944 6.98259 4.13477 3.52518e-47
1 57 7 1  116.76 425.557 321.983 204.643 115.454
1 57 8 1  67.6505 461.413 665.62 315.845 39.7237
1 57 9 1  22.7812 114.039 96.9633 73.5539 128.356
1 57 10 1  16.0301 77.3202 175.47 186.246 97.1432
1 58 1 1  0.260839 3.47538 3.15905 1.98094 0.470432
1 58 2 1  1.22658e-12 3.24033e-12 5.94396e-12 2.01472e-14 0
1 58 3 1  7.26626 34.6244 111.343 455.879 57.7152
1 58 4 1  1.64681 19.1275 20.994 15.0583 34.3575
1 58 5 1  20.2907 351.668 585.453 0.187894 6.41799e-07
1 58 6 1  0.595841 1.95822 4.2185 2.64345 4.87102e-48
1 58 7 1  117.241 432.812 329.734 208.998 115.277
1 58 8 1  66.9407 454.463 672.303 328.07 40.6628
1 58 9 1  22.3293 110.691 92.576 68.1509 107.361
1 58 10 1  17.6732 83.1558 189.203 213.069 114.909
1 59 1 1  0.219507 2.87287 2.58997 1.61501 0.382539
1 59 2 1  1.28787e-12 3.3224e-12 6.07653e-12 2.08139e-14 0
1 59 3 1  6.12582 28.0189 85.0479 392.209 76.8433
1 59 4 1  1.64642 19.1198 20.9803 15.0421 33.9181
1 59 5 1  20.1643 341.668 548.023 0.132355 4.50834e-07
1 59 6 1  0.386633 1.24573 2.59452 1.68426 6.73181e-49
1 59 7 1  118.137 437.911 336.42 213.556 115.675
1 59 8 1  69.3325 459.642 669.655 330.348 41.831
1 59 9 1  22.0265 108.447 89.6359 64.527 92.3531
1 59 10 1  20.5407 94.5978 208.857 233.117 130.45
1 60 1 1  0.173021 2.36161 2.14706 1.33032 0.330798
1 60 2 1  1.25088e-12 3.35342e-12 6.22327e-12 2.04854e-14 0
1 60 3 1  5.72471 25.3309 72.1724 300.079 104.539
1 60 4 1  1.64614 19.1143 20.9706 15.0306 33.5763
1 60 5 1  17.9696 324.551 553.382 0.0932365 3.16697e-07
1 60 6 1  0.229351 0.722186 1.59851 0.981105 9.30453e-50
1 60 7 1  117.053 440.885 341.928 218.007 116.535
1 60 8 1  66.0927 455.193 676.353 331.782 41.6337
1 60 9 1  21.8235 106.944 87.6657 62.0974 81.7016
1 60 10 1  21.4797 101.972 233.938 259.47 139.137
1 61 1 1  0.146295 1.91131 1.75832 1.10393 0.295784
1 61 2 1  1.29687e-12 3.386e-12 6.26186e-12 2.10826e-14 0
1 61 3 1  4.67694 22.511 67.3807 252.329 72.7185
1 61 4 1  1.64593 19.1103 20.9636 15.0225 33.3111
1 61 5 1  18.929 295.486 581.228 0.0656813 2.22473e-07
1 61 6 1  0.128576 0.434522 0.924792 0.530706 1.28615e-50
1 61 7 1  116.866 441.294 345.826 222.106 117.733
1 61 8 1  67.3749 451.363 664.934 330.39 41.4734
1 61 9 1  21.6875 105.936 86.3453 60.4688 74.1871
1 61 10 1  23.875 112.594 252.595 280.535 150.794
1 62 1 1  0.120028 1.59079 1.43706 0.898777 0.230169
1 62 2 1  1.29219e-12 3.42064e-12 6.3508e-12 2.16471e-14 0
1 62 3 1  4.18761 18.767 54.8767 221.292 70.1906
1 62 4 1  1.64578 19.1074 20.9586 15.0167 33.1056
1 62 5 1  18.3469 302.012 531.17 0.0462706 1.56285e-07
1 62 6 1  0.0795774 0.257422 0.558687 0.358874 1.77793e-51
1 62 7 1  115.921 440.685 348.242 225.615 119.142
1 62 8 1  66.4793 450.723 665.162 328.756 41.9012
1 62 9 1  21.5964 105.261 85.4605 59.3772 68.9128
1 62 10 1  25.9462 122.184 278.018 312.425 171.997
1 63 1 1  0.0970455 1.30257 1.18349 0.735465 0.183202
1 63 2 1  1.27047e-12 3.40177e-12 6.39257e-12 2.20206e-14 0
1 63 3 1  3.19507 15.1362 46.7554 192.199 60.5937
1 63 4 1  1.64567 19.1053 20.955 15.0125 32.9465
1 63 5 1  17.5638 297.039 497.934 0.0325967 1.09789e-07
1 63 6 1  0.0464021 0.154627 0.33733 0.220729 2.45783e-52
1 63 7 1  114.465 438.393 349.336 228.424 120.641
1 63 8 1  64.621 442.377 659.942 327.915 41.9308
1 63 9 1  21.5353 104.808 84.8676 58.6457 65.2273
1 63 10 1  27.55 131.277 301.727 341.64 191.198
1 64 1 1  0.0804557 1.06601 0.966015 0.601103 0.136135
1 64 2 1  1.29435e-12 3.40104e-12 6.38096e-12 2.25817e-14 0
1 64 3 1  3.1901 13.7688 37.6523 138.603 107.47
1 64 4 1  1.64559 19.1038 20.9523 15.0095 32.8236
1 64 5 1  17.2458 306.536 417.749 0.0229639 7.71268e-08
1 64 6 1  0.0294416 0.0978201 0.207728 0.145152 3.39782e-53
1 64 7 1  113.709 435.139 349.121 230.471 122.122
1 64 8 1  65.531 439.722 649.494 324.771 42.284
1 64 9 1  21.4944 104.505 84.4702 58.1554 62.6619
1 64 10 1  30.8937 144.527 326.513 372.373 216.396
1 65 1 1  0.0632869 0.868414 0.788027 0.492276 0.0907701
1 65 2 1  1.23235e-12 3.35184e-12 6.3927e-12 2.31348e-14 0
1 65 3 1  3.00553 12.8927 34.5565 100.674 135.242
1 65 4 1  1.64553 19.1027 20.9504 15.0073 32.7288
1 65 5 1  14.8578 323.927 295.832 0.0161778 5.41816e-08
1 65 6 1  0.0178955 0.0606195 0.133824 0.101523 4.6974e-54
1 65 7 1  111.738 431.232 347.962 231.742 123.496
1 65 8 1  62.0488 429.998 646.62 322.772 42.5927
1 65 9 1  21.467 104.302 84.204 57.8269 60.8821
1 65 10 1  31.7767 152.899 358.282 414.061 246.772
1 66 1 1  0.0488911 0.688026 0.635572 0.407881 0.0513759
1 66 2 1  1.17151e-12 3.21187e-12 6.27956e-12 2.33424e-14 0
1 66 3 1  2.75898 11.7607 31.6655 82.0769 141.258
1 66 4 1  1.64549 19.1019 20.949 15.0058 32.6556
1 66 5 1  12.3205 306.164 209.497 0.0113972 3.80628e-08
1 66 6 1  0.0111381 0.0379683 0.0846042 0.0699728 6.49412e-55
1 66 7 1  109.633 425.639 345.826 232.29 124.695
1 66 8 1  58.8188 409.285 625.722 318.675 42.8859
1 66 9 1  21.4486 104.166 84.0255 57.6067 59.6511
1 66 10 1  33.086 158.599 374.938 447.264 280.632
1 67 1 1  0.0378275 0.537408 0.504239 0.338992 0.0230581
1 67 2 1  1.15836e-12 3.10466e-12 6.06911e-12 2.25727e-14 0
1 67 3 1  2.75553 11.3943 29.0795 71.9817 135.153
1 67 4 1  1.64547 19.1014 20.948 15.0046 32.5992
1 67 5 1  10.0986 274.699 148.359 0.00802929 2.67393e-08
1 67 6 1  0.00759338 0.0249196 0.0540216 0.0463383 8.9782e-56
1 67 7 1  108.48 419.638 342.671 232.124 125.67
1 67 8 1  58.2834 396.478 598.81 307.781 42.3234
1 67 9 1  21.4363 104.074 83.9059 57.4592 58.8019
1 67 10 1  36.4911 170.561 393.498 469.221 303.332
1 68 1 1  0.029323 0.4173 0.397985 0.273668 0.0241676
1 68 2 1  1.19004e-12 3.10039e-12 5.90222e-12 2.03429e-14 0
1 68 3 1  2.84569 11.732 29.5289 73.4958 96.6595
1 68 4 1  1.64545 19.101 20.9474 15.0038 32.5557
1 68 5 1  7.88783 223.448 159.368 0.00565664 1.87845e-08
1 68 6 1  0.00535239 0.0160736 0.034256 0.0259725 1.24127e-56
1 68 7 1  108.413 415.128 339.008 231.285 126.386
1 68 8 1  59.8331 398.057 585.357 295.636 39.8399
1 68 9 1  21.428 104.013 83.8258 57.3603 58.2175
1 68 10 1  41.7497 190.474 426.674 490.255 296.511
1 69 1 1  0.0272223 0.338639 0.313527 0.212209 0.0381203
1 69 2 1  1.40187e-12 3.38122e-12 5.92897e-12 2.00202e-14 0
1 69 3 1  2.70534 12.2192 32.3875 80.7755 55.2185
1 69 4 1  1.64545 19.1008 20.9469 15.0032 32.5223
1 69 5 1  9.45356 169.089 218.492 0.00398512 1.31963e-08
1 69 6 1  0.00363177 0.0116307 0.0220624 0.0131497 1.71612e-57
1 69 7 1  111.593 414.77 335.722 229.939 126.822
1 69 8 1  70.2949 437.48 599.247 290.158 37.5295
1 69 9 1  21.4225 103.972 83.7721 57.294 57.8161
1 69 10 1  53.4561 239.057 496.481 527.81 293.774
1 70 1 1  0.0218783 0.290013 0.25755 0.165961 0.0338234
1 70 2 1  1.33947e-12 3.57572e-12 6.3671e-12 2.16458e-14 0
1 70 3 1  2.14058 9.88514 29.5557 82.3866 56.9725
1 70 4 1  1.64544 19.1007 20.9467 15.0029 32.4967
1 70 5 1  8.89095 162.137 208.541 0.00280754 9.27052e-09
1 70 6 1  0.00214334 0.00711261 0.0152671 0.00957952 2.37265e-58
1 70 7 1  111.01 417.409 334.224 228.442 126.992
1 70 8 1  66.6083 456.543 657.228 306.26 37.8786
1 70 9 1  21.4188 103.945 83.7361 57.2496 57.541
1 70 10 1  53.3047 258.983 599.439 649.748 343.324
1 71 1 1  0.0175139 0.237308 0.214308 0.133876 0.0290684
1 71 2 1  1.32675e-12 3.54204e-12 6.58255e-12 2.24572e-14 0
1 71 3 1  1.94912 8.62982 24.5739 80.5797 45.8668
1 71 4 1  1.64544 19.1007 20.9465 15.0026 32.477
1 71 5 1  8.24765 152.736 204.76 0.00197793 6.51264e-09
1 71 6 1  0.00134176 0.00431273 0.009328 0.00620414 3.28041e-59
1 71 7 1  110.348 417.81 333.851 227.213 126.953
1 71 8 1  65.4772 446.173 663.314 323.363 39.8053
1 71 9 1  21.4163 103.926 83.712 57.2199 57.3527
1 71 10 1  58.1121 273.346 629.678 725.239 403.831
1 72 1 1  0.015586 0.196432 0.175239 0.109888 0.0210419
1 72 2 1  1.46671e-12 3.68953e-12 6.67458e-12 2.42301e-14 0
1 72 3 1  1.70361 7.64017 21.8636 69.7903 55.7418
1 72 4 1  1.64544 19.1007 20.9464 15.0025 32.4619
1 72 5 1  9.18493 143.325 188.788 0.00139347 4.5752e-09
1 72 6 1  0.000905352 0.00310864 0.00617554 0.00409036 0.000152513
1 72 7 1  112.101 418.562 333.653 226.314 126.79
1 72 8 1  72.4524 465.894 662.899 326.184 42.0081
1 72 9 1  21.4146 103.914 83.6959 57.2 57.224
1 72 10 1  70.6491 324.579 704.14 784.883 467.391
1 73 1 1  0.0111382 0.161893 0.144445 0.090694 0.009444
1 73 2 1  1.20789e-12 3.54976e-12 6.91893e-12 2.591e-14 0
1 73 3 1  1.44089 6.09106 16.8861 48.5842 91.7924
1 73 4 1  1.64545 19.1007 20.9464 15.0024 32.4504
1 73 5 1  7.26219 145.44 133.698 0.000981715 3.21414e-09
1 73 6 1  0.000541434 0.00186011 0.00434716 0.00356722 0.000175287
1 73 7 1  108.163 418.052 333.938 225.697 126.566
1 73 8 1  59.0326 440.615 686.226 336.609 44.2132
1 73 9 1  21.4135 103.906 83.685 57.1866 57.1363
1 73 10 1  59.769 307.719 787.766 941.35 572.901
1 74 1 1  0.00836892 0.122917 0.11631 0.0746353 0.00635663
1 74 2 1  1.19204e-12 3.24931e-12 6.58494e-12 2.43591e-14 0
1 74 3 1  1.56951 6.33548 15.3658 39.7466 80.0037
1 74 4 1  1.64545 19.1007 20.9464 15.0024 32.4416
1 74 5 1  5.82121 141.358 94.6833 0.000691631 2.25797e-09
1 74 6 1  0.000377318 0.00120013 0.00263243 0.00230659 2.42356e-05
1 74 7 1  107.01 412.975 333.193 225.288 126.327
1 74 8 1  58.3524 401.375 626.957 330.443 44.8134
1 74 9 1  21.4128 103.9 83.6778 57.1776 57.0765
1 74 10 1  67.9263 313.532 734.697 928.865 622.056
1 75 1 1  0.00640153 0.0925792 0.0905054 0.059463 0.00771694
1 75 2 1  1.13212e-12 3.11467e-12 6.21902e-12 2.23924e-14 0
1 75 3 1  1.30558 5.83092 16.2755 39.437 58.7295
1 75 4 1  1.64546 19.1008 20.9465 15.0024 32.4349
1 75 5 1  4.52166 128.702 76.008 0.000487264 1.58626e-09
1 75 6 1  0.000216531 0.000728471 0.00164385 0.00127946 3.35092e-06
1 75 7 1  105.797 408.183 331.194 224.741 126.088
1 75 8 1  55.0154 383.369 588.574 307.08 42.4145
1 75 9 1  21.4123 103.897 83.6729 57.1716 57.0358
1 75 10 1  67.101 327.076 778.568 918.436 584.038
1 76 1 1  0.00540189 0.0725155 0.0694895 0.0466383 0.00754913
1 76 2 1  1.20858e-12 3.11193e-12 5.95291e-12 2.12025e-14 0
1 76 3 1  1.32632 5.64398 14.7908 38.6895 47.7047
1 76 4 1  1.64546 19.1009 20.9465 15.0024 32.4298
1 76 5 1  4.17931 105.875 77.6076 0.000343285 1.11437e-09
1 76 6 1  0.000148898 0.000477439 0.000995782 0.000746904 4.63318e-07
1 76 7 1  107.238 405.311 328.576 223.879 125.822
1 76 8 1  58.8524 385.34 564.255 289.092 39.6661
1 76 9 1  21.4119 103.894 83.6696 57.1676 57.0081
1 76 10 1  78.163 359.744 808.553 945.639 584.445
1 77 1 1  0.004304 0.0587386 0.0547856 0.0363524 0.00665834
1 77 2 1  1.16422e-12 3.13912e-12 5.93579e-12 2.08715e-14 0
1 77 3 1  1.11198 4.99222 14.1857 37.3558 41.2686
1 77 4 1  1.64547 19.101 20.9466 15.0025 32.4259
1 77 5 1  3.75441 89.4124 77.3238 0.000241851 7.82863e-10
1 77 6 1  8.76074e-05 0.000292421 0.000643777 0.000460698 6.40618e-08
1 77 7 1  107.172 405.156 326.528 222.757 125.497
1 77 8 1  56.3645 386.879 572.203 282.743 37.5881
1 77 9 1  21.4117 103.892 83.6675 57.1649 56.9893
1 77 10 1  77.8955 378.765 892.808 1022.69 603.38
1 78 1 1  0.00355825 0.0475174 0.0437388 0.028733 0.00507421
1 78 2 1  1.19198e-12 3.13487e-12 5.91442e-12 2.12998e-14 0
1 78 3 1  1.04699 4.54669 12.439 33.7129 41.4661
1 78 4 1  1.64548 19.1011 20.9468 15.0025 32.423
1 78 5 1  3.62322 79.8804 67.8659 0.000170389 5.49974e-10
1 78 6 1  5.64506e-05 0.000189009 0.000401772 0.000298952 8.85776e-09
1 78 7 1  108.1 405.641 325.259 221.619 125.105
1 78 8 1  57.7202 385.603 567.518 282.64 37.2111
1 78 9 1  21.4116 103.891 83.666 57.1631 56.9765
1 78 10 1  85.5903 403.936 931.194 1092.71 664.303
1 79 1 1  0.00265286 0.0379753 0.0351727 0.0230753 0.00319972
1 79 2 1  1.06493e-12 3.0161e-12 5.907e-12 2.16031e-14 0
1 79 3 1  0.850059 3.74703 10.7762 29.0726 44.5237
1 79 4 1  1.64549 19.1012 20.9469 15.0026 32.4209
1 79 5 1  2.90599 75.7219 48.063 0.000120042 3.86366e-10
1 79 6 1  3.17026e-05 0.000109441 0.000256787 0.000208278 1.22477e-09
1 79 7 1  106.331 405.636 324.734 220.632 124.665
1 79 8 1  51.2375 367.091 564.639 282.686 37.4555
1 79 9 1  21.4115 103.89 83.665 57.1619 56.9679
1 79 10 1  78.4116 393.623 978.321 1176.41 730.217
1 80 1 1  0.00206249 0.0292883 0.0277218 0.0183543 0.00188251
1 80 2 1  1.03393e-12 2.83495e-12 5.67313e-12 2.1926e-14 0
1 80 3 1  0.793903 3.35859 9.14505 23.3476 47.583
1 80 4 1  1.64549 19.1013 20.947 15.0027 32.4193
1 80 5 1  2.43759 65.8303 34.0386 8.45726e-05 2.71429e-10
1 80 6 1  1.97996e-05 7.00465e-05 0.000156966 0.000133521 8.30795e-06
1 80 7 1  105.884 403.527 324.061 219.853 124.212
1 80 8 1  49.8993 344.267 530.406 275.75 37.9301
1 80 9 1  21.4114 103.89 83.6644 57.1611 56.962
1 80 10 1  81.4491 393.609 949.596 1187.15 807.123
1 81 1 1  0.00143314 0.0221901 0.0215565 0.0142821 0.00127637
1 81 2 1  8.53806e-13 2.55442e-12 5.37605e-12 2.01319e-14 0
1 81 3 1  0.622944 2.64136 7.41118 20.6178 44.0317
1 81 4 1  1.6455 19.1014 20.9471 15.0028 32.4181
1 81 5 1  1.73182 53.7111 27.44 5.95835e-05 1.90684e-10
1 81 6 1  1.2571e-05 4.03733e-05 9.72126e-05 8.66955e-05 8.70137e-06
1 81 7 1  102.447 399.553 322.925 219.145 123.767
1 81 8 1  40.9503 307.426 497.86 261.933 36.8238
1 81 9 1  21.4113 103.89 83.6639 57.1605 56.9581
1 81 10 1  68.6679 351.78 926.428 1189.79 814.524
1 82 1 1  0.00113862 0.0162947 0.0163315 0.011316 0.00118838
1 82 2 1  8.81077e-13 2.36385e-12 4.87537e-12 1.83302e-14 0
1 82 3 1  0.616233 2.63302 6.92263 17.8304 33.6822
1 82 4 1  1.64551 19.1015 20.9473 15.0029 32.4173
1 82 5 1  1.52603 43.739 25.0275 4.19781e-05 1.33959e-10
1 82 6 1  7.70295e-06 2.64113e-05 5.77052e-05 4.79132e-05 1.20318e-06
1 82 7 1  103.105 394.328 320.588 218.335 123.331
1 82 8 1  42.3729 285.318 441.279 239.14 34.1712
1 82 9 1  21.4113 103.889 83.6636 57.1602 56.9554
1 82 10 1  76.3374 360.124 849.27 1077.19 755.144
1 83 1 1  0.000889854 0.0126219 0.0123193 0.00886978 0.000734264
1 83 2 1  8.77948e-13 2.33962e-12 4.60018e-12 1.69786e-14 0
1 83 3 1  0.597048 2.49536 6.47876 16.1652 29.7541
1 83 4 1  1.64552 19.1017 20.9474 15.003 32.4167
1 83 5 1  1.26535 38.0537 17.7249 2.95748e-05 9.41092e-11
1 83 6 1  5.05543e-06 1.65534e-05 3.66951e-05 3.10777e-05 1.66371e-07
1 83 7 1  104.158 392.854 318.001 217.235 122.88
1 83 8 1  42.4658 285.863 424.757 219.422 31.3907
1 83 9 1  21.4113 103.889 83.6634 57.1599 56.9536
1 83 10 1  79.3548 378.336 892.191 1071.46 716.187
1 84 1 1  0.000693727 0.00980019 0.00946752 0.00668948 0.000779449
1 84 2 1  8.55853e-13 2.31071e-12 4.48034e-12 1.62107e-14 0
1 84 3 1  0.522726 2.28037 6.2688 15.5488 24.6163
1 84 4 1  1.64553 19.1018 20.9476 15.0031 32.4163
1 84 5 1  1.00572 33.1515 12.5532 2.08363e-05 6.61137e-11
1 84 6 1  3.04647e-06 1.0206e-05 2.28848e-05 1.84861e-05 2.30055e-08
1 84 7 1  104.835 393.582 316.275 215.988 122.386
1 84 8 1  41.3747 282.594 421.304 211.925 29.0567
1 84 9 1  21.4113 103.889 83.6633 57.1598 56.9523
1 84 10 1  79.5839 386.139 924.955 1106.67 704.212
1 85 1 1  0.000540763 0.0076241 0.0073241 0.00510767 0.000669795
1 85 2 1  8.26532e-13 2.25194e-12 4.38799e-12 1.59997e-14 0
1 85 3 1  0.449105 1.97394 5.56379 14.5054 22.1932
1 85 4 1  1.64554 19.102 20.9478 15.0032 32.4161
1 85 5 1  0.791402 28.0276 8.89044 1.46799e-05 4.64464e-11
1 85 6 1  1.79701e-06 6.13197e-06 1.39397e-05 1.13577e-05 3.1812e-09
1 85 7 1  105.16 394.895 315.55 214.85 121.851
1 85 8 1  39.9381 274.717 413.709 208.549 28.0679
1 85 9 1  21.4113 103.889 83.6632 57.1597 56.9515
1 85 10 1  79.0496 386.094 934.775 1134.36 723.947
1 86 1 1  0.000412711 0.00590868 0.00566288 0.00392474 0.000419582
1 86 2 1  7.6782e-13 2.14601e-12 4.2724e-12 1.64233e-14 0
1 86 3 1  0.369647 1.61183 4.65218 12.1017 23.8439
1 86 4 1  1.64555 19.1021 20.9479 15.0034 32.416
1 86 5 1  0.623251 22.4277 6.29644 1.03425e-05 3.26296e-11
1 86 6 1  1.01317e-06 3.67616e-06 8.61218e-06 7.332e-06 4.53382e-07
1 86 7 1  104.609 395.566 315.487 213.979 121.305
1 86 8 1  37.1373 260.905 400.863 204.711 28.0374
1 86 9 1  21.4113 103.889 83.6631 57.1596 56.951
1 86 10 1  74.5586 372.954 929.606 1158.42 780.158
1 87 1 1  0.000302181 0.0045174 0.004365 0.00304891 0.000188318
1 87 2 1  7.0104e-13 1.98205e-12 4.06951e-12 1.5507e-14 0
1 87 3 1  0.34711 1.41559 3.63237 9.86264 23.5082
1 87 4 1  1.64556 19.1022 20.9481 15.0035 32.4159
1 87 5 1  0.459647 17.5071 4.45931 7.28664e-06 2.29231e-11
1 87 6 1  7.41887e-07 2.36744e-06 5.25828e-06 4.80452e-06 4.78752e-07
1 87 7 1  103.527 394.631 315.48 213.386 120.785
1 87 8 1  34.1064 241.588 378.086 197.373 27.6793
1 87 9 1  21.4113 103.889 83.6631 57.1595 56.9506
1 87 10 1  71.7502 350.319 880.614 1140.99 807.157
1 88 1 1  0.000223005 0.00334025 0.00333141 0.00242593 0.000114079
1 88 2 1  6.71978e-13 1.85713e-12 3.79519e-12 1.41741e-14 0
1 88 3 1  0.306429 1.32077 3.58123 8.8113 18.3036
1 88 4 1  1.64557 19.1023 20.9482 15.0036 32.416
1 88 5 1  0.344463 14.0453 3.15822 5.1337e-06 1.6104e-11
1 88 6 1  4.23316e-07 1.45259e-06 3.35078e-06 2.85242e-06 6.62035e-08
1 88 7 1  103.342 392.891 315.026 212.951 120.315
1 88 8 1  32.7021 226.887 350.867 184.765 26.0412
1 88 9 1  21.4113 103.889 83.6631 57.1595 56.9503
1 88 10 1  70.8489 346.014 847.305 1066.04 743.921
1 89 1 1  0.000178942 0.00252588 0.00250335 0.00183368 0.000150896
1 89 2 1  7.17846e-13 1.85119e-12 3.58994e-12 1.29928e-14 0
1 89 3 1  0.322324 1.33504 3.35993 8.40877 14.3531
1 89 4 1  1.64557 19.1024 20.9483 15.0037 32.4161
1 89 5 1  0.273985 10.824 3.08772 3.61689e-06 1.13135e-11
1 89 6 1  2.93791e-07 9.3578e-07 2.01218e-06 1.6725e-06 9.15493e-09
1 89 7 1  105.652 393.335 314.345 212.527 119.895
1 89 8 1  35.2309 229.681 335.503 172.636 24.1617
1 89 9 1  21.4113 103.889 83.6631 57.1595 56.9502
1 89 10 1  80.3073 371.7 852.254 1030.99 689.256
1 90 1 1  0.000148235 0.00200113 0.00191637 0.0013643 0.000200271
1 90 2 1  7.59704e-13 1.94315e-12 3.5754e-12 1.23994e-14 0
1 90 3 1  0.300983 1.3126 3.50197 8.73439 10.1993
1 90 4 1  1.64558 19.1025 20.9485 15.0038 32.4162
1 90 5 1  0.252926 7.80763 4.63625 2.54824e-06 7.94801e-12
1 90 6 1  1.88664e-07 6.06412e-07 1.28255e-06 9.28568e-07 1.26599e-09
1 90 7 1  108.222 397.694 314.564 212.142 119.515
1 90 8 1  37.409 243.585 345.182 168.403 22.4469
1 90 9 1  21.4113 103.889 83.6631 57.1595 56.95
1 90 10 1  87.0017 409.431 932.881 1066.52 649.626
1 91 1 1  0.000121337 0.00162461 0.00151146 0.00103489 0.000190606
1 91 2 1  7.71767e-13 2.02062e-12 3.68766e-12 1.28679e-14 0
1 91 3 1  0.244948 1.12381 3.28282 8.86733 8.51704
1 91 4 1  1.64558 19.1025 20.9486 15.0039 32.4163
1 91 5 1  0.257024 6.22222 5.02649 1.79533e-06 5.58368e-12
1 91 6 1  1.10995e-07 3.75558e-07 8.14077e-07 5.67864e-07 1.75069e-10
1 91 7 1  109.707 403.721 316.341 212.046 119.18
1 91 8 1  38.0169 253.091 362.927 173.539 22.1111
1 91 9 1  21.4112 103.889 83.663 57.1595 56.95
1 91 10 1  89.0114 430.822 1009.7 1160.28 680.076
1 92 1 1  9.62503e-05 0.00131583 0.00120817 0.000807196 0.000125462
1 92 2 1  7.5345e-13 2.02799e-12 3.79956e-12 1.39986e-14 0
1 92 3 1  0.212801 0.931576 2.66616 7.39368 10.7779
1 92 4 1  1.64557 19.1026 20.9486 15.0039 32.4165
1 92 5 1  0.226191 5.74305 3.55993 1.26488e-06 3.92268e-12
1 92 6 1  6.57313e-08 2.31489e-07 5.18106e-07 3.98939e-07 1.43982e-08
1 92 7 1  109.878 408.657 319.24 212.461 118.927
1 92 8 1  37.254 253.512 373.354 181.346 23.2738
1 92 9 1  21.4112 103.889 83.663 57.1595 56.9499
1 92 10 1  88.3023 433.5 1047.48 1256.42 783.081
1 93 1 1  6.90761e-05 0.0010283 0.000962103 0.000641443 5.63101e-05
1 93 2 1  6.53268e-13 1.89315e-12 3.79787e-12 1.45759e-14 0
1 93 3 1  0.172197 0.73582 2.08799 5.68501 12.5764
1 93 4 1  1.64557 19.1025 20.9486 15.004 32.4166
1 93 5 1  0.17441 4.89147 2.52125 8.91157e-07 2.75578e-12
1 93 6 1  3.93859e-08 1.37541e-07 3.25804e-07 2.83313e-07 2.88577e-08
1 93 7 1  107.133 409.653 322.204 213.392 118.801
1 93 8 1  32.3169 235.079 368.161 185.587 24.7131
1 93 9 1  21.4112 103.889 83.663 57.1595 56.9499
1 93 10 1  76.8981 393.339 1022.2 1307.9 886.949
1 94 1 1  5.21925e-05 0.00077162 0.000747014 0.000508645 2.52732e-05
1 94 2 1  6.54271e-13 1.7659e-12 3.57949e-12 1.38235e-14 0
1 94 3 1  0.18263 0.735484 1.8066 4.49771 11.5759
1 94 4 1  1.64557 19.1025 20.9486 15.004 32.4168
1 94 5 1  0.139284 4.07953 1.78562 6.27853e-07 1.93601e-12
1 94 6 1  2.98617e-08 9.72599e-08 2.05191e-07 1.79808e-07 1.99603e-08
1 94 7 1  106.87 407.226 323.725 214.568 118.829
1 94 8 1  32.7655 221.73 339.895 178.898 25.0222
1 94 9 1  21.4112 103.889 83.663 57.1594 56.9499
1 94 10 1  83.3294 392.504 941.765 1222.29 897.573
1 95 1 1  3.81597e-05 0.000575336 0.00056912 0.000401672 1.13432e-05
1 95 2 1  6.04379e-13 1.68675e-12 3.40153e-12 1.30587e-14 0
1 95 3 1  0.149574 0.641514 1.78285 4.19367 9.90837
1 95 4 1  1.64556 19.1024 20.9486 15.004 32.4169
1 95 5 1  0.106017 3.37726 1.26463 4.42346e-07 1.36009e-12
1 95 6 1  1.77687e-08 6.17367e-08 1.41557e-07 1.18828e-07 1.07943e-08
1 95 7 1  105.566 404.73 323.945 215.581 118.988
1 95 8 1  30.37 213.083 326.824 168.953 23.9845
1 95 9 1  21.4112 103.889 83.663 57.1594 56.9498
1 95 10 1  76.9378 384.36 959.701 1195.46 846.324
1 96 1 1  2.79022e-05 0.00042405 0.000426857 0.000311506 5.09106e-06
1 96 2 1  5.63271e-13 1.57428e-12 3.21482e-12 1.23144e-14 0
1 96 3 1  0.130863 0.550592 1.49307 3.7955 8.85413
1 96 4 1  1.64556 19.1024 20.9485 15.004 32.4169
1 96 5 1  0.0796866 2.73691 0.895645 3.11648e-07 9.55497e-13
1 96 6 1  1.15788e-08 3.88807e-08 8.82975e-08 7.88769e-08 5.52605e-09
1 96 7 1  104.365 401.209 323.159 216.241 119.221
1 96 8 1  28.4533 199.505 309.4 161.297 22.8594
1 96 9 1  21.4112 103.889 83.663 57.1594 56.9498
1 96 10 1  73.6223 362.691 910.79 1171.91 832.047
1 97 1 1  2.06811e-05 0.000311496 0.000316721 0.000239787 2.28498e-06
1 97 2 1  5.37963e-13 1.48367e-12 3.01627e-12 1.15256e-14 0
1 97 3 1  0.116913 0.494167 1.33282 3.31881 7.66092
1 97 4 1  1.64556 19.1023 20.9484 15.0039 32.417
1 97 5 1  0.0605817 2.19907 0.63432 2.19567e-07 6.7126e-13
1 97 6 1  6.87116e-09 2.3729e-08 5.53453e-08 5.08943e-08 7.64156e-10
1 97 7 1  103.773 397.649 321.54 216.452 119.465
1 97 8 1  27.3242 189.155 290.923 152.194 21.648
1 97 9 1  21.4112 103.889 83.663 57.1594 56.9498
1 97 10 1  72.143 353.052 872.327 1111.57 794.92
1 98 1 1  1.58727e-05 0.000232382 0.000234111 0.000180559 1.02555e-06
1 98 2 1  5.39471e-13 1.44176e-12 2.85714e-12 1.09732e-14 0
1 98 3 1  0.112344 0.466322 1.21598 2.91565 6.8715
1 98 4 1  1.64556 19.1023 20.9484 15.0039 32.417
1 98 5 1  0.0477333 1.73637 0.449243 1.54693e-07 4.71576e-13
1 98 6 1  4.4681e-09 1.52691e-08 3.42737e-08 3.12997e-08 1.40809e-09
1 98 7 1  104.425 395.541 319.559 216.211 119.661
1 98 8 1  27.6878 186.174 278.585 143.942 20.5206
1 98 9 1  21.4112 103.889 83.663 57.1594 56.9498
1 98 10 1  74.9965 359.519 862.345 1078.13 768.832
1 99 1 1  1.14927e-05 0.000174175 0.000174501 0.000133832 4.60289e-07
1 99 2 1  4.83503e-13 1.37113e-12 2.76144e-12 1.06503e-14 0
1 99 3 1  0.0887235 0.380519 1.07764 2.66423 6.36301
1 99 4 1  1.64556 19.1023 20.9484 15.0039 32.417
1 99 5 1  0.035196 1.34974 0.318167 1.08987e-07 3.31294e-13
1 99 6 1  2.76812e-09 9.55456e-09 2.20925e-08 1.94819e-08 2.19434e-09
1 99 7 1  103.057 394.107 317.901 215.641 119.77
1 99 8 1  24.8938 177.319 273.433 139.488 19.6451
1 99 9 1  21.4112 103.889 83.663 57.1594 56.9498
1 99 10 1  66.7713 338.013 863.648 1091.76 765.917
1 100 1 1  8.48441e-06 0.000128427 0.000129624 9.8182e-05 2.06588e-07
1 100 2 1  4.54938e-13 1.27e-12 2.6065e-12 1.03745e-14 0
1 100 3 1  0.0788128 0.327813 0.890314 2.19471 6.07313
1 100 4 1  1.64557 19.1024 20.9484 15.0039 32.4169
1 100 5 1  0.026728 1.02468 0.225335 7.67851e-08 2.32742e-13
1 100 6 1  1.82205e-09 6.37441e-09 1.43036e-08 1.25162e-08 1.98504e-09
1 100 7 1  102.373 391.459 316.247 214.908 119.78
1 100 8 1  23.6248 164.999 256.652 134.474 19.1932
1 100 9 1  21.4112 103.889 83.663 57.1594 56.9498
1 100 10 1  64.8279 319.205 801.895 1050.24 781.061
1 101 1 1  6.07535e-06 9.44146e-05 9.58682e-05 7.1554e-05 9.27211e-08
1 101 2 1  4.05191e-13 1.16257e-12 2.43401e-12 9.63706e-15 0
1 101 3 1  0.0662832 0.273968 0.733146 1.87377 5.49374
1 101 4 1  1.64557 19.1024 20.9484 15.0039 32.4169
1 101 5 1  0.0193002 0.768639 0.159589 5.4098e-08 1.63507e-13
1 101 6 1  1.23062e-09 4.13288e-09 9.44839e-09 8.50431e-09 1.48711e-09
1 101 7 1  100.828 388.249 314.39 214.039 119.693
1 101 8 1  21.1952 151.931 240.006 126.846 18.451
1 101 9 1  21.4112 103.889 83.663 57.1594 56.9498
1 101 10 1  58.7216 293.678 756.865 998.055 756.212
1 102 1 1  4.35017e-06 6.79787e-05 7.04245e-05 5.36917e-05 4.16153e-08
1 102 2 1  3.69928e-13 1.05441e-12 2.23023e-12 8.70289e-15 0
1 102 3 1  0.0562697 0.23713 0.645999 1.6172 4.48411
1 102 4 1  1.64558 19.1025 20.9485 15.0039 32.4169
1 102 5 1  0.013844 0.586663 0.113027 3.81141e-08 1.14868e-13
1 102 6 1  7.58608e-10 2.59176e-09 6.0289e-09 5.35225e-09 7.06513e-10
1 102 7 1  99.7526 384.177 312.117 213.022 119.515
1 102 8 1  19.4272 138.243 219.315 117.559 17.1805
1 102 9 1  21.4112 103.889 83.663 57.1594 56.9498
1 102 10 1  54.5318 271.608 694.13 916.473 691.768
1 103 1 1  3.34619e-06 4.95982e-05 5.12167e-05 4.03803e-05 1.86778e-08
1 103 2 1  3.8354e-13 1.01309e-12 2.04717e-12 7.83617e-15 0
1 103 3 1  0.058226 0.237717 0.593666 1.42725 3.61314
1 103 4 1  1.64559 19.1026 20.9486 15.0039 32.4169
1 103 5 1  0.0106491 0.450263 0.0800496 2.68529e-08 8.06976e-14
1 103 6 1  5.38088e-10 1.7672e-09 3.8e-09 3.3523e-09 2.35381e-10
1 103 7 1  101.472 382.031 309.549 211.809 119.245
1 103 8 1  20.3884 135.18 202.858 107.493 15.7443
1 103 9 1  21.4112 103.889 83.663 57.1594 56.9498
1 103 10 1  59.5367 279.82 661.851 840.672 622.658
1 104 1 1  2.6665e-06 3.7783e-05 3.77823e-05 2.9738e-05 1.06957e-06
1 104 2 1  4.18214e-13 1.0553e-12 1.97931e-12 7.0893e-15 0
1 104 3 1  0.0620069 0.253027 0.618293 1.44869 2.67904
1 104 4 1  1.6456 19.1027 20.9487 15.004 32.417
1 104 5 1  0.00829032 0.334458 0.0962048 1.8919e-08 5.66922e-14
1 104 6 1  3.81527e-10 1.19131e-09 2.51837e-09 2.0456e-09 3.25504e-11
1 104 7 1  104.847 384.921 307.876 210.477 118.88
1 104 8 1  22.4985 144.053 203.605 101.6 14.2442
1 104 9 1  21.4112 103.889 83.663 57.1594 56.9498
1 104 10 1  67.7262 311.306 703.997 831.001 555.585
1 105 1 1  2.21468e-06 2.97598e-05 2.86368e-05 2.15452e-05 1.94147e-06
1 105 2 1  4.38198e-13 1.12646e-12 2.03475e-12 7.41614e-15 0
1 105 3 1  0.0509858 0.229417 0.650863 1.50105 2.28887
1 105 4 1  1.6456 19.1028 20.9489 15.0041 32.417
1 105 5 1  0.00839188 0.240069 0.130574 1.33293e-08 3.98278e-14
1 105 6 1  2.2459e-10 7.9618e-10 1.70266e-09 1.24153e-09 5.49881e-11
1 105 7 1  107.538 391.788 308.32 209.361 118.44
1 105 8 1  23.685 154.742 217.471 103.458 13.6462
1 105 9 1  21.4112 103.889 83.663 57.1594 56.9498
1 105 10 1  69.8554 338.63 787.138 900.954 560.268
1 106 1 1  1.60078e-06 2.35785e-05 2.22967e-05 1.63819e-05 8.71375e-07
1 106 2 1  3.89069e-13 1.10107e-12 2.11781e-12 7.84073e-15 0
1 106 3 1  0.0406444 0.174464 0.498494 1.36309 2.58709
1 106 4 1  1.64561 19.1029 20.949 15.0042 32.4171
1 106 5 1  0.00652994 0.201229 0.0924781 9.39106e-09 2.79802e-14
1 106 6 1  1.39779e-10 4.69186e-10 1.09993e-09 9.42909e-10 5.68382e-11
1 106 7 1  106.153 397.342 310.805 208.871 117.983
1 106 8 1  21.1008 150.362 227.623 110.056 14.2377
1 106 9 1  21.4112 103.889 83.663 57.1594 56.9498
1 106 10 1  61.671 312.518 802.229 999.083 641.277
1 107 1 1  1.20685e-06 1.7726e-05 1.72801e-05 1.28275e-05 3.91093e-07
1 107 2 1  3.95882e-13 1.0565e-12 2.06924e-12 7.71709e-15 0
1 107 3 1  0.0401896 0.167778 0.435851 1.12749 2.32004
1 107 4 1  1.64561 19.103 20.9491 15.0043 32.4173
1 107 5 1  0.00523292 0.169468 0.0654969 6.61642e-09 1.96568e-14
1 107 6 1  8.83413e-11 2.97889e-10 6.6867e-10 5.91031e-10 7.86017e-12
1 107 7 1  106.655 399.327 313.475 209.115 117.599
1 107 8 1  21.633 145.17 218.091 110.968 14.7553
1 107 9 1  21.4112 103.889 83.663 57.1594 56.9498
1 107 10 1  66.0817 313.707 751.041 953.539 659.342
1 108 1 1  8.89931e-07 1.32741e-05 1.31618e-05 9.81628e-06 3.78146e-07
1 108 2 1  3.80784e-13 1.03634e-12 2.02287e-12 7.42582e-15 0
1 108 3 1  0.0346933 0.14934 0.410155 1.03006 1.96855
1 108 4 1  1.6456 19.103 20.9491 15.0043 32.4174
1 108 5 1  0.00399389 0.141256 0.0463876 4.66156e-09 1.38095e-14
1 108 6 1  5.20972e-11 1.75921e-10 4.11618e-10 3.61715e-10 1.08698e-12
1 108 7 1  106.355 400.722 315.69 209.816 117.35
1 108 8 1  20.8945 143.274 214.623 108.249 14.6501
1 108 9 1  21.4112 103.889 83.663 57.1594 56.9498
1 108 10 1  63.6484 312.631 765.429 938.753 631.095
1 109 1 1  7.33844e-07 1.01355e-05 9.93833e-06 7.27769e-06 6.50588e-07
1 109 2 1  4.25057e-13 1.06639e-12 1.98549e-12 7.13412e-15 0
1 109 3 1  0.0375003 0.155195 0.386946 0.961799 1.59998
1 109 4 1  1.6456 19.1029 20.9491 15.0044 32.4175
1 109 5 1  0.00329841 0.118143 0.0328536 3.28427e-09 9.70155e-15
1 109 6 1  3.69285e-11 1.18266e-10 2.47983e-10 2.05098e-10 1.50318e-13
1 109 7 1  108.976 402.982 317.414 210.727 117.249
1 109 8 1  23.591 150.146 212.966 106.045 14.253
1 109 9 1  21.4112 103.889 83.663 57.1594 56.9498
1 109 10 1  74.9109 343.224 774.096 927.543 609.411
1 110 1 1  6.02716e-07 8.13189e-06 7.67496e-06 5.43283e-06 7.1296e-07
1 110 2 1  4.50079e-13 1.14441e-12 2.0503e-12 7.21319e-15 0
1 110 3 1  0.0344232 0.149367 0.400127 0.956662 1.33814
1 110 4 1  1.64559 19.1029 20.9491 15.0044 32.4176
1 110 5 1  0.00265968 0.0989375 0.0232682 2.31391e-09 6.8156e-15
1 110 6 1  2.36776e-11 7.79089e-11 1.65054e-10 1.23737e-10 2.07873e-14
1 110 7 1  110.931 408.231 319.598 211.732 117.284
1 110 8 1  25.1772 163.086 227.541 107.94 13.9993
1 110 9 1  21.4112 103.889 83.663 57.1594 56.9498
1 110 10 1  79.6522 377.951 866.716 988.596 605.16
1 111 1 1  4.85217e-07 6.58103e-06 6.07326e-06 4.16701e-06 5.23311e-07
1 111 2 1  4.59161e-13 1.19706e-12 2.163e-12 7.89501e-15 0
1 111 3 1  0.0296842 0.129983 0.365834 0.903962 1.40335
1 111 4 1  1.64559 19.1028 20.949 15.0044 32.4177
1 111 5 1  0.00213793 0.0800758 0.0164793 1.63024e-09 4.78815e-15
1 111 6 1  1.44838e-11 5.05234e-11 1.0993e-10 8.36924e-11 3.01725e-12
1 111 7 1  111.652 413.595 322.654 212.956 117.44
1 111 8 1  25.878 171.286 243.856 115.149 14.6169
1 111 9 1  21.4112 103.889 83.663 57.1594 56.9498
1 111 10 1  81.4001 394.819 934.279 1096.18 677.79
1 112 1 1  3.54508e-07 5.19496e-06 4.84199e-06 3.31863e-06 2.34874e-07
1 112 2 1  4.2346e-13 1.17291e-12 2.24046e-12 8.27257e-15 0
1 112 3 1  0.0254511 0.107665 0.295911 0.7891 1.51957
1 112 4 1  1.64557 19.1027 20.9489 15.0043 32.4178
1 112 5 1  0.00155394 0.0628103 0.0116712 1.14857e-09 3.3638e-15
1 112 6 1  9.3999e-12 3.11817e-11 7.09282e-11 6.03922e-11 3.2888e-12
1 112 7 1  109.696 415.928 325.952 214.481 117.722
1 112 8 1  23.9951 167.721 251.871 122.357 15.7072
1 112 9 1  21.4112 103.889 83.663 57.1594 56.9498
1 112 10 1  75.6995 376.001 943.775 1173.25 763.353
1 113 1 1  2.62154e-07 3.89671e-06 3.79013e-06 2.6538e-06 1.52119e-07
1 113 2 1  4.17083e-13 1.12698e-12 2.20194e-12 8.09925e-15 0
1 113 3 1  0.0233954 0.0994215 0.266392 0.686648 1.31354
1 113 4 1  1.64556 19.1025 20.9488 15.0042 32.4178
1 113 5 1  0.00115243 0.0495919 0.00826587 8.0921e-10 2.36315e-15
1 113 6 1  5.6725e-12 1.91086e-11 4.3725e-11 3.76056e-11 4.54787e-13
1 113 7 1  108.551 414.432 328.139 216.161 118.136
1 113 8 1  23.7405 161.735 244.039 123.394 16.2775
1 113 9 1  21.4112 103.889 83.663 57.1594 56.9498
1 113 10 1  76.7162 370.724 902.465 1135.31 768.821
1 114 1 1  2.10374e-07 2.96083e-06 2.89678e-06 2.03274e-06 2.05609e-07
1 114 2 1  4.53205e-13 1.14994e-12 2.15493e-12 7.65121e-15 0
1 114 3 1  0.0245788 0.101957 0.256157 0.64864 1.02069
1 114 4 1  1.64555 19.1024 20.9486 15.0041 32.4178
1 114 5 1  0.000899471 0.0371524 0.0101808 5.70117e-10 1.66017e-15
1 114 6 1  3.92602e-12 1.24086e-11 2.65056e-11 2.15083e-11 6.2889e-14
1 114 7 1  109.68 413.222 328.906 217.655 118.657
1 114 8 1  26.048 167.872 240.53 120.292 16.0649
1 114 9 1  21.4112 103.889 83.663 57.1594 56.9498
1 114 10 1  86.9702 401.959 917.437 1100.16 722.6
1 115 1 1  1.76129e-07 2.3523e-06 2.23355e-06 1.54899e-06 2.25126e-07
1 115 2 1  4.87465e-13 1.23118e-12 2.20506e-12 7.77131e-15 0
1 115 3 1  0.0219255 0.0971138 0.265136 0.647508 0.821578
1 115 4 1  1.64554 19.1023 20.9485 15.004 32.4177
1 115 5 1  0.00090834 0.0272452 0.0140355 4.01666e-10 1.16631e-15
1 115 6 1  2.45674e-12 8.23673e-12 1.72747e-11 1.25539e-11 8.69633e-15
1 115 7 1  111.108 414.687 329.326 218.789 119.23
1 115 8 1  28.1782 181.681 253.611 121.235 15.7467
1 115 9 1  21.4112 103.889 83.663 57.1594 56.9498
1 115 10 1  93.3431 443.417 1013.04 1155.81 707.413
1 116 1 1  1.34375e-07 1.88914e-06 1.75829e-06 1.19081e-06 1.47156e-07
1 116 2 1  4.52266e-13 1.24274e-12 2.31702e-12 8.67127e-15 0
1 116 3 1  0.0167128 0.07451 0.223139 0.577119 0.987398
1 116 4 1  1.64553 19.1021 20.9483 15.0039 32.4175
1 116 5 1  0.000755327 0.0229163 0.00994019 2.82986e-10 8.19359e-16
1 116 6 1  1.34235e-12 4.90793e-12 1.1449e-11 9.08192e-12 5.40948e-13
1 116 7 1  109.354 415.737 330.172 219.684 119.804
1 116 8 1  26.2114 182.44 269.698 128.821 16.5428
1 116 9 1  21.4112 103.889 83.663 57.1594 56.9498
1 116 10 1  84.1033 427.8 1072.73 1294.47 815.32
1 117 1 1  9.70576e-08 1.4559e-06 1.3808e-06 9.28798e-07 6.60467e-08
1 117 2 1  4.08138e-13 1.15605e-12 2.31101e-12 8.86046e-15 0
1 117 3 1  0.0149471 0.0615526 0.163022 0.449845 1.09319
1 117 4 1  1.64553 19.102 20.9481 15.0038 32.4174
1 117 5 1  0.000572961 0.0184152 0.00703981 1.99372e-10 5.75618e-16
1 117 6 1  9.34831e-13 3.09093e-12 7.01394e-12 6.36863e-12 7.41482e-13
1 117 7 1  106.427 412.518 330.527 220.462 120.357
1 117 8 1  23.807 169.446 263.63 133.3 17.74
1 117 9 1  21.4112 103.889 83.663 57.1594 56.9498
1 117 10 1  77.8816 387.09 995.162 1308.2 919.202
1 118 1 1  7.12487e-08 1.0764e-06 1.06351e-06 7.38471e-07 3.96546e-08
1 118 2 1  3.97591e-13 1.08477e-12 2.18846e-12 8.22076e-15 0
1 118 3 1  0.0141051 0.0586985 0.152406 0.380927 0.892256
1 118 4 1  1.64552 19.1019 20.948 15.0037 32.4172
1 118 5 1  0.000433087 0.0151426 0.0049857 1.40464e-10 4.04384e-16
1 118 6 1  6.00215e-13 1.98461e-12 4.46233e-12 3.89592e-12 2.35654e-13
1 118 7 1  104.968 406.773 329.321 220.955 120.874
1 118 8 1  23.3251 160.09 245.973 128.44 17.7316
1 118 9 1  21.4112 103.889 83.663 57.1594 56.9498
1 118 10 1  78.472 378.7 928.765 1196.23 864.912
1 119 1 1  5.54177e-08 8.01525e-07 7.99514e-07 5.73022e-07 3.20616e-08
1 119 2 1  4.04472e-13 1.06995e-12 2.08729e-12 7.91535e-15 0
1 119 3 1  0.0128733 0.0548827 0.147735 0.348194 0.751856
1 119 4 1  1.64552 19.1018 20.9479 15.0036 32.417
1 119 5 1  0.000346508 0.0122719 0.00353095 9.89606e-11 2.84088e-16
1 119 6 1  3.66458e-13 1.2779e-12 2.85104e-12 2.39336e-12 1.31242e-13
1 119 7 1  104.998 402.157 326.852 220.921 121.318
1 119 8 1  23.8953 159.645 236.767 121.571 17.0534
1 119 9 1  21.4112 103.889 83.663 57.1594 56.9498
1 119 10 1  80.5029 389.138 931.399 1148.37 806.786
1 120 1 1  4.03605e-08 6.06491e-07 6.00126e-07 4.33866e-07 1.43899e-08
1 120 2 1  3.62198e-13 1.02454e-12 2.04235e-12 7.97433e-15 0
1 120 3 1  0.010015 0.0429136 0.123364 0.308953 0.756282
1 120 4 1  1.64552 19.1018 20.9478 15.0035 32.4168
1 120 5 1  0.0002604 0.00950593 0.00250067 6.97205e-11 1.99578e-16
1 120 6 1  2.2429e-13 7.92386e-13 1.8463e-12 1.61238e-12 2.13685e-13
1 120 7 1  102.989 398.273 324.123 220.336 121.637
1 120 8 1  21.4837 152.928 234.934 119.018 16.6726
1 120 9 1  21.4112 103.889 83.663 57.1594 56.9498
1 120 10 1  70.6732 360.457 929.062 1181.84 832.415
1 121 1 1  2.90415e-08 4.47561e-07 4.50629e-07 3.22639e-07 1.66764e-08
1 121 2 1  3.38145e-13 9.44247e-13 1.93603e-12 7.23578e-15 0
1 121 3 1  0.0094946 0.0384566 0.0975284 0.269002 0.642881
1 121 4 1  1.64553 19.1018 20.9478 15.0034 32.4166
1 121 5 1  0.00018557 0.0071331 0.00234783 4.91202e-11 1.40208e-16
1 121 6 1  1.62667e-13 5.04031e-13 1.13243e-12 1.01034e-12 1.2515e-13
1 121 7 1  101.518 393.088 321.048 219.335 121.799
1 121 8 1  20.1876 141.489 220.67 115.237 16.1158
1 121 9 1  21.4112 103.889 83.663 57.1594 56.9498
1 121 10 1  68.9495 333.692 841.442 1112.62 805.745
1 122 1 1  2.39037e-08 3.33275e-07 3.35518e-07 2.41751e-07 3.07455e-08
1 122 2 1  3.77329e-13 9.51843e-13 1.8234e-12 6.45047e-15 0
1 122 3 1  0.00987109 0.0418357 0.104988 0.260675 0.409764
1 122 4 1  1.64554 19.1019 20.9478 15.0034 32.4164
1 122 5 1  0.000169762 0.0051839 0.00326455 3.46066e-11 9.84989e-17
1 122 6 1  1.04738e-13 3.36968e-13 7.08053e-13 5.27851e-13 1.73055e-14
1 122 7 1  103.812 390.322 317.652 217.958 121.789
1 122 8 1  22.6201 144.888 209.235 107.636 14.851
1 122 9 1  21.4112 103.889 83.663 57.1594 56.9498
1 122 10 1  79.7388 367.359 830.852 1003.5 680.145
1 123 1 1  2.06497e-08 2.69154e-07 2.55253e-07 1.80963e-07 3.16023e-08
1 123 2 1  4.17869e-13 1.03797e-12 1.84619e-12 6.42002e-15 0
1 123 3 1  0.00901365 0.0399223 0.10846 0.269941 0.304744
1 123 4 1  1.64554 19.102 20.9479 15.0034 32.4163
1 123 5 1  0.000179233 0.00421471 0.00340146 2.43815e-11 6.91977e-17
1 123 6 1  6.71625e-14 2.20961e-13 4.58665e-13 3.17109e-13 2.393e-15
1 123 7 1  106.948 393.292 315.42 216.353 121.602
1 123 8 1  25.1933 160.016 220.387 105.673 13.9677
1 123 9 1  21.4112 103.889 83.663 57.1594 56.9498
1 123 10 1  87.8568 412.91 929.399 1048.07 636.894
2 1 1 1  21.0668 53.8453 382.823 177.361 12.1126
2 1 2 1  2.00233e-18 2.82654e-13 5.48662e-13 3.89762e-14 7.87835e-15
2 1 3 1  4.57058e-14 3.94946e-14 1.51269e-14 1.44782e-14 8.62188e-14
2 1 4 1  4.55558e-15 4.29766e-15 9.81167e-16 2.04824e-17 4.48724e-14
2 1 5 1  3.51747 7.17185 96.4659 24.3197 84.7385
2 1 6 1  6.16028e-13 4.29839e-13 1.5409e-12 8.79233e-13 2.95286e-13
2 1 7 1  1.30494e-33 176.51 40.6641 379.848 18.9813
2 1 8 1  3.89451e-14 6.06054e-14 1.10285e-13 2.94504e-14 8.24657e-15
2 1 9 1  1.29869 1.65724 13.326 67.8844 12.2248
2 1 10 1  5.98705e-14 1.16457e-13 7.80874e-14 1.06944e-13 4.01847e-14
2 2 1 1  16.8756 97.1996 203.588 201.404 53.6804
2 2 2 1  1.68987e-12 6.85041e-13 3.43191e-13 4.34965e-14 3.21834e-20
2 2 3 1  1.52748e-14 3.61648e-14 7.05229e-14 1.31983e-14 3.42155e-14
2 2 4 1  3.09042e-15 9.87944e-15 1.00207e-14 3.1894e-15 3.13962e-14
2 2 5 1  5.19026 18.0986 59.7562 69.3177 54.4474
2 2 6 1  7.11819e-13 6.67299e-13 5.48571e-13 1.05946e-13 3.4325e-14
2 2 7 1  16.4923 102.709 97.9258 265.38 56.779
2 2 8 1  2.67747e-14 5.89386e-14 8.19393e-14 5.42203e-14 1.10606e-14
2 2 9 1  1.39194 3.97388 6.70693 29.1336 27.9832
2 2 10 1  5.49569e-14 9.10543e-14 1.42704e-13 1.1855e-13 7.37912e-14
2 3 1 1  29.5755 168.401 323.373 303.443 130.717
2 3 2 1  2.31012e-12 2.01148e-12 1.42523e-12 9.6951e-14 9.72857e-25
2 3 3 1  7.20846e-15 2.641e-14 1.23082e-13 3.42227e-14 2.58617e-14
2 3 4 1  4.11155e-15 1.78238e-14 3.07375e-14 2.04863e-14 4.81887e-14
2 3 5 1  8.76303 39.117 115.763 179.934 67.3569
2 3 6 1  1.95847e-12 1.83095e-12 1.00222e-12 2.505e-14 7.77841e-15
2 3 7 1  37.6621 163.504 203.258 381.636 140.116
2 3 8 1  4.84178e-14 9.33699e-14 1.2347e-13 8.95107e-14 2.28142e-14
2 3 9 1  11.7032 20.0872 13.9351 26.0617 48.2367
2 3 10 1  7.28168e-14 1.3605e-13 2.36555e-13 2.26906e-13 1.61474e-13
2 4 1 1  62.762 270.982 376.795 299.376 148.456
2 4 2 1  1.31245e-12 1.76979e-12 2.16135e-12 4.65916e-13 4.6555e-31
2 4 3 1  1.9597e-13 1.75535e-13 1.31228e-13 5.64528e-14 1.25683e-14
2 4 4 1  3.82117e-15 1.84718e-14 4.06613e-14 3.90628e-14 6.18189e-14
2 4 5 1  4.78305 36.3485 147.786 267.744 56.7612
2 4 6 1  1.83762e-12 2.04307e-12 1.53655e-12 3.78562e-15 1.11365e-15
2 4 7 1  52.1027 201.435 259.864 387.931 193.428
2 4 8 1  5.8843e-14 1.1195e-13 1.3716e-13 9.15631e-14 2.4121e-14
2 4 9 1  9.85563 38.8588 39.6117 25.7936 46.2775
2 4 10 1  1.50256e-13 1.98072e-13 2.52882e-13 2.37516e-13 1.86115e-13
2 5 1 1  62.2514 338.123 507.237 311.499 139.228
2 5 2 1  7.24326e-13 1.03303e-12 1.80428e-12 8.1797e-13 3.39081e-32
2 5 3 1  6.56558e-13 6.93717e-13 5.1489e-13 7.02358e-14 5.30025e-15
2 5 4 1  3.23839e-15 1.59688e-14 3.95229e-14 4.6843e-14 7.5339e-14
2 5 5 1  2.85672 20.8545 121.928 334.358 42.3562
2 5 6 1  4.48219e-12 3.74834e-12 1.74024e-12 5.03356e-16 1.40717e-16
2 5 7 1  63.4897 231.288 290.944 362.132 217.305
2 5 8 1  6.88592e-14 1.23839e-13 1.4045e-13 8.62046e-14 2.12497e-14
2 5 9 1  7.51805 34.1852 50.9606 36.3387 41.3905
2 5 10 1  9.64335e-14 1.96391e-13 3.20834e-13 2.54811e-13 1.62083e-13
2 6 1 1  33.8813 248.532 471.69 307.135 114.994
2 6 2 1  3.62162e-13 4.73512e-13 1.00444e-12 7.17718e-13 6.35594e-33
2 6 3 1  1.13528e-13 4.10704e-13 1.01376e-12 3.53657e-13 1.82442e-15
2 6 4 1  2.3921e-15 1.16193e-14 3.01076e-14 4.02044e-14 7.47846e-14
2 6 5 1  3.89057 15.7489 78.008 281.629 26.7102
2 6 6 1  1.7572e-12 2.47387e-12 2.25831e-12 5.39202e-17 1.42277e-17
2 6 7 1  62.6904 229.422 279.727 297.983 198.662
2 6 8 1  5.48174e-14 1.09916e-13 1.31404e-13 7.61506e-14 1.71582e-14
2 6 9 1  4.90795 23.1588 40.3288 35.9248 35.4235
2 6 10 1  5.04201e-14 1.10126e-13 2.22317e-13 2.26452e-13 1.57672e-13
2 7 1 1  23.4614 162.628 356.68 286.807 107.901
2 7 2 1  2.99754e-13 2.79664e-13 5.20339e-13 4.79203e-13 1.11954e-33
2 7 3 1  3.03704e-13 3.43771e-13 6.46103e-13 6.02007e-13 6.75734e-16
2 7 4 1  1.75551e-15 8.49164e-15 2.27289e-14 3.25912e-14 7.17125e-14
2 7 5 1  5.55732 19.9147 61.5031 205 16.3307
2 7 6 1  1.78498e-12 1.84879e-12 1.55317e-12 6.06182e-18 1.53653e-18
2 7 7 1  57.3908 218.468 265.122 249.185 173.975
2 7 8 1  3.85161e-14 8.46454e-14 1.17418e-13 7.80513e-14 1.85774e-14
2 7 9 1  7.20688 20.8878 31.0071 31.3361 33.037
2 7 10 1  4.01687e-14 7.01265e-14 1.34156e-13 1.6682e-13 1.60436e-13
2 8 1 1  35.183 164.264 289.487 256.115 106.823
2 8 2 1  1.09409e-12 5.61552e-13 3.97422e-13 8.03844e-15 2.44571e-36
2 8 3 1  6.12269e-14 2.03195e-13 6.39337e-13 7.45613e-13 2.85457e-16
2 8 4 1  1.48142e-15 6.97335e-15 1.88576e-14 2.82834e-14 7.29641e-14
2 8 5 1  8.92516 30.2811 73.1173 158.71 11.1602
2 8 6 1  1.46199e-12 1.71193e-12 1.45493e-12 1.43169e-13 1.93646e-19
2 8 7 1  60.2941 229.184 280.841 241.961 169.699
2 8 8 1  3.80966e-14 7.44588e-14 1.00596e-13 7.43828e-14 2.05147e-14
2 8 9 1  5.12647 22.1063 32.6143 29.8787 33.4279
2 8 10 1  5.27317e-14 7.6626e-14 1.11197e-13 1.22103e-13 1.33841e-13
2 9 1 1  27.2619 179.193 314.234 236.542 97.3627
2 9 2 1  1.48163e-12 1.02997e-12 7.27064e-13 5.81873e-14 9.62012e-123
2 9 3 1  2.11463e-13 2.35245e-13 3.9534e-13 8.55218e-13 1.25097e-16
2 9 4 1  1.40882e-15 6.33995e-15 1.67593e-14 2.55063e-14 7.57729e-14
2 9 5 1  5.13066 35.5501 108.509 117.714 8.34243
2 9 6 1  2.54182e-12 2.5102e-12 1.64945e-12 3.49568e-13 2.50546e-20
2 9 7 1  67.6334 262.018 323.748 263.417 180.91
2 9 8 1  3.80636e-14 7.5716e-14 9.76927e-14 6.82993e-14 1.98185e-14
2 9 9 1  4.13714 19.1103 32.7977 31.5072 35.156
2 9 10 1  3.31027e-14 6.8702e-14 1.26453e-13 1.23659e-13 1.13881e-13
2 10 1 1  91.3727 379.692 506.863 354.574 138.215
2 10 2 1  4.14499e-12 2.56541e-12 1.81447e-12 3.68692e-13 1.71775e-128
2 10 3 1  2.08427e-13 3.47065e-13 7.67679e-13 1.20939e-12 8.62326e-17
2 10 4 1  2.10266e-15 9.15064e-15 2.35134e-14 3.55078e-14 1.18034e-13
2 10 5 1  5.90072 42.4763 191.119 177.132 9.57396
2 10 6 1  2.26553e-12 2.95237e-12 3.12252e-12 4.42818e-13 5.08119e-21
2 10 7 1  115.373 453.32 564.706 442.298 293.144
2 10 8 1  5.84206e-14 1.1689e-13 1.52169e-13 1.04797e-13 2.94101e-14
2 10 9 1  5.27511 24.5156 45.3791 48.0779 56.4905
2 10 10 1  4.0723e-14 7.69468e-14 1.53063e-13 1.82153e-13 1.76273e-13
2 11 1 1  62.2403 413.342 650.199 361.965 124.427
2 11 2 1  1.97618e-12 2.51857e-12 2.72951e-12 7.67474e-13 7.92599e-130
2 11 3 1  7.41015e-14 1.94269e-13 6.7696e-13 9.94306e-13 3.60063e-17
2 11 4 1  2.0223e-15 8.39426e-15 2.06601e-14 3.04827e-14 1.09708e-13
2 11 5 1  6.12188 32.4656 162.973 243.644 6.92589
2 11 6 1  5.72729e-12 4.93868e-12 2.71278e-12 5.8457e-14 6.32345e-22
2 11 7 1  126.124 491.136 612.471 467.283 296.857
2 11 8 1  6.2353e-14 1.16442e-13 1.39802e-13 9.13081e-14 2.42824e-14
2 11 9 1  16.94 34.7692 38.7221 40.6033 52.2575
2 11 10 1  1.53807e-13 1.683e-13 1.49347e-13 1.24858e-13 1.18793e-13
2 12 1 1  122.398 566.697 803.614 483.075 149.564
2 12 2 1  3.21811e-12 2.48226e-12 3.07175e-12 1.18182e-12 5.62613e-131
2 12 3 1  2.48266e-13 2.82766e-13 5.75129e-13 9.85218e-13 1.85503e-17
2 12 4 1  2.39759e-15 9.77743e-15 2.32453e-14 3.30255e-14 1.24199e-13
2 12 5 1  7.94153 38.0028 168.479 333.873 6.07986
2 12 6 1  4.54621e-12 5.54767e-12 4.76006e-12 9.25171e-15 9.35764e-23
2 12 7 1  162.196 644.531 801.943 599.24 364.324
2 12 8 1  7.42691e-14 1.46738e-13 1.81512e-13 1.13745e-13 2.80279e-14
2 12 9 1  15.0505 61.2015 70.9908 49.7003 58.1361
2 12 10 1  1.89673e-13 3.05705e-13 4.05992e-13 2.69223e-13 1.48416e-13
2 13 1 1  99.2294 588.293 892.417 484.597 139.25
2 13 2 1  2.9454e-12 2.53526e-12 2.93051e-12 9.98876e-13 1.99486e-132
2 13 3 1  6.96219e-14 1.98673e-13 6.00575e-13 8.31439e-13 7.85577e-18
2 13 4 1  2.38871e-15 9.34255e-15 2.1476e-14 2.96061e-14 1.12603e-13
2 13 5 1  8.45847 39.955 157.556 337.38 4.40511
2 13 6 1  3.62629e-12 4.28149e-12 4.07865e-12 1.25632e-15 1.19761e-23
2 13 7 1  169.379 685.994 858.404 631.259 367.558
2 13 8 1  8.41335e-14 1.50923e-13 1.7196e-13 1.05797e-13 2.59036e-14
2 13 9 1  11.3376 50.3955 77.5148 59.4861 55.0162
2 13 10 1  1.10916e-13 2.39267e-13 4.3441e-13 3.67821e-13 2.13947e-13
2 14 1 1  126.042 680.586 993.594 538.024 137.596
2 14 2 1  3.65081e-12 3.40717e-12 3.76105e-12 3.70977e-15 7.05923e-137
2 14 3 1  4.48661e-13 4.93873e-13 6.53881e-13 1.01596e-12 3.79283e-18
2 14 4 1  4.0583e-14 4.67011e-14 3.39472e-14 3.43854e-14 1.28376e-13
2 14 5 1  16.3809 64.8803 223.477 409.422 4.33155
2 14 6 1  4.15066e-12 5.15031e-12 4.71464e-12 5.46284e-13 1.72014e-24
2 14 7 1  245.741 982.333 1223.01 886.866 495.267
2 14 8 1  1.16619e-13 2.1474e-13 2.27404e-13 1.1807e-13 2.55739e-14
2 14 9 1  11.9686 50.9021 82.9195 74.1261 66.7527
2 14 10 1  1.61657e-13 2.62786e-13 4.22279e-13 4.00185e-13 2.7699e-13
2 15 1 1  80.1219 493.473 726.489 367.076 84.4982
2 15 2 1  1.16377e-12 2.04804e-12 3.08242e-12 3.39679e-13 0
2 15 3 1  2.28769e-13 4.02059e-13 8.70573e-13 8.98984e-13 1.16169e-18
2 15 4 1  2.62736e-14 8.34061e-14 9.22444e-14 4.78139e-14 9.43178e-14
2 15 5 1  14.0934 68.8577 215.153 303.767 2.60264
2 15 6 1  9.81216e-12 8.17656e-12 4.22094e-12 5.82781e-13 1.57591e-25
2 15 7 1  212.581 858.188 1059.71 756.415 406.051
2 15 8 1  8.75466e-14 1.73161e-13 1.95814e-13 1.01315e-13 1.99017e-14
2 15 9 1  10.1812 35.8566 54.3434 51.4811 49.8214
2 15 10 1  1.01231e-13 1.86841e-13 3.1438e-13 2.79961e-13 1.94318e-13
2 16 1 1  15.7046 126.321 240.631 141.379 34.7816
2 16 2 1  1.39822e-13 3.32819e-13 7.83829e-13 9.04338e-16 0
2 16 3 1  4.53474e-13 4.56469e-13 4.08604e-13 3.01261e-13 1.56495e-19
2 16 4 1  7.40586e-15 3.0966e-14 5.23524e-14 3.76181e-14 3.88434e-14
2 16 5 1  6.52181 27.4927 86.8394 134.453 0.680146
2 16 6 1  4.29331e-12 4.18281e-12 2.54601e-12 2.54062e-14 6.28422e-27
2 16 7 1  79.1974 326.656 411.309 293.779 153.12
2 16 8 1  3.16538e-14 5.96998e-14 6.69514e-14 3.59931e-14 7.05982e-15
2 16 9 1  5.16597 14.4097 17.746 15.7614 16.1731
2 16 10 1  3.37906e-14 5.73703e-14 9.18058e-14 8.24173e-14 5.47173e-14
2 17 1 1  43.9049 201.836 332.436 233.037 64.482
2 17 2 1  1.67857e-13 3.10945e-13 9.82796e-13 5.28888e-15 0
2 17 3 1  1.73383e-13 6.22475e-13 1.72159e-12 1.28088e-12 1.12789e-19
2 17 4 1  1.35958e-14 5.97491e-14 1.20096e-13 1.12592e-13 1.13061e-13
2 17 5 1  11.625 65.8307 233.243 290.457 1.12939
2 17 6 1  2.8651e-12 5.1832e-12 6.24331e-12 7.10452e-13 1.4037e-27
2 17 7 1  186.413 776.083 998.166 721.674 369.442
2 17 8 1  1.00599e-13 1.5374e-13 1.32144e-13 5.96785e-14 1.13195e-14
2 17 9 1  9.40996 32.4626 38.9771 29.3824 28.639
2 17 10 1  8.72589e-14 1.30411e-13 1.70036e-13 1.24618e-13 7.24318e-14
2 18 1 1  32.5865 181.801 240.031 127.734 33.5832
2 18 2 1  8.58601e-12 3.59748e-12 1.0164e-12 2.12745e-15 0
2 18 3 1  1.18025e-13 1.89896e-13 7.246e-13 1.6041e-12 3.13188e-20
2 18 4 1  9.06766e-15 4.24123e-14 9.46914e-14 1.03788e-13 1.24309e-13
2 18 5 1  10.4101 54.4621 216.97 172.189 0.669455
2 18 6 1  3.17061e-12 3.44341e-12 3.12291e-12 1.02166e-12 1.07426e-28
2 18 7 1  151.858 652.926 847.457 617.502 312.178
2 18 8 1  7.39234e-14 1.46371e-13 1.5665e-13 6.93093e-14 1.10054e-14
2 18 9 1  11.4735 31.7272 34.2266 24.1431 20.5402
2 18 10 1  1.00249e-13 1.4364e-13 1.81363e-13 1.34987e-13 8.18206e-14
2 19 1 1  24.0505 194.041 343.481 182.979 43.1141
2 19 2 1  2.51058e-11 1.45905e-11 5.96294e-12 1.28818e-15 0
2 19 3 1  2.08768e-13 2.66745e-13 5.79417e-13 1.60532e-12 1.80053e-20
2 19 4 1  9.02557e-15 4.58391e-14 1.167e-13 1.46615e-13 2.15486e-13
2 19 5 1  9.13228 59.7398 267.962 234.859 0.589227
2 19 6 1  5.18025e-12 5.03719e-12 3.75563e-12 7.27163e-13 1.87385e-29
2 19 7 1  176.665 793.756 1057 778.781 391.436
2 19 8 1  9.70891e-14 1.87356e-13 2.39162e-13 1.48553e-13 3.03777e-14
2 19 9 1  11.7023 47.3195 61.159 41.2625 30.5086
2 19 10 1  1.19812e-13 1.97323e-13 3.10153e-13 2.78823e-13 2.0238e-13
2 20 1 1  29.4972 135.347 210.393 136.17 36.4836
2 20 2 1  1.96611e-11 1.5942e-11 1.07549e-11 9.91212e-15 0
2 20 3 1  2.20547e-13 2.92401e-13 4.6117e-13 7.69088e-13 5.52269e-21
2 20 4 1  5.11013e-15 2.64207e-14 7.28884e-14 1.02491e-13 1.87046e-13
2 20 5 1  28.2638 72.3037 170.737 219.786 0.286088
2 20 6 1  5.13354e-12 5.1391e-12 3.12289e-12 2.81043e-13 1.76875e-30
2 20 7 1  115.856 525.224 720.506 541.713 272.794
2 20 8 1  7.49326e-14 1.40347e-13 1.77909e-13 1.23138e-13 3.10759e-14
2 20 9 1  10.8481 35.1083 48.3138 37.7018 27.0572
2 20 10 1  1.24772e-13 1.76634e-13 2.39784e-13 2.29508e-13 1.97865e-13
2 21 1 1  27.0371 169.632 268.866 156.722 45.1903
2 21 2 1  1.01004e-11 1.44342e-11 1.668e-11 1.74761e-14 0
2 21 3 1  3.26201e-13 4.17431e-13 7.07556e-13 6.84595e-13 2.79303e-21
2 21 4 1  4.71766e-15 2.39962e-14 6.89359e-14 1.05123e-13 2.3697e-13
2 21 5 1  12.1732 93.5378 278.741 278.147 0.219064
2 21 6 1  5.30053e-12 5.46084e-12 4.23318e-12 3.96342e-13 2.66419e-31
2 21 7 1  119.424 546.639 770.723 596.297 303.951
2 21 8 1  8.35819e-14 1.62841e-13 2.12954e-13 1.52043e-13 4.19719e-14
2 21 9 1  16.7346 50.1428 62.5865 49.7161 38.3178
2 21 10 1  3.21388e-13 3.85813e-13 3.98288e-13 3.16546e-13 2.69919e-13
2 22 1 1  29.2113 148.491 236.65 146.626 41.671
2 22 2 1  7.07661e-12 8.0966e-12 1.26412e-11 3.64835e-13 0
2 22 3 1  8.55865e-14 2.25675e-13 7.02874e-13 6.38579e-13 1.08983e-21
2 22 4 1  3.49006e-15 1.70374e-14 4.91637e-14 7.87179e-14 2.15653e-13
2 22 5 1  13.165 56.712 234.027 313.097 0.129299
2 22 6 1  4.29712e-12 4.9726e-12 3.72475e-12 5.32016e-13 3.06878e-32
2 22 7 1  97.0686 438.972 629.783 501.666 260.832
2 22 8 1  8.77244e-14 1.56129e-13 1.91284e-13 1.37567e-13 4.0107e-14
2 22 9 1  22.5594 62.0116 69.4216 51.2979 40.2932
2 22 10 1  1.88299e-13 3.63544e-13 5.8847e-13 4.78772e-13 3.37523e-13
2 23 1 1  79.0346 386.436 504.685 270.612 66.8566
2 23 2 1  3.54298e-11 2.23362e-11 2.31417e-11 1.67047e-13 0
2 23 3 1  2.25393e-13 2.94147e-13 7.58513e-13 2.02651e-12 1.10647e-21
2 23 4 1  6.7985e-15 3.18289e-14 9.03107e-14 1.47406e-13 4.79162e-13
2 23 5 1  22.2924 130.752 503.64 466.81 0.193117
2 23 6 1  4.53177e-12 6.49321e-12 8.05226e-12 2.7538e-12 9.03418e-33
2 23 7 1  200.218 887.697 1260.25 1018.32 540.116
2 23 8 1  1.84907e-13 3.66753e-13 4.79422e-13 3.38444e-13 1.01633e-13
2 23 9 1  34.2827 153.982 207.459 144.341 105.751
2 23 10 1  2.88677e-13 5.61605e-13 1.15275e-12 1.40376e-12 1.40584e-12
2 24 1 1  67.3436 378.002 498.648 219.707 44.5014
2 24 2 1  1.36693e-11 2.11585e-11 2.71391e-11 2.40159e-13 0
2 24 3 1  2.49886e-13 3.37933e-13 6.13754e-13 1.61319e-12 4.82225e-22
2 24 4 1  5.91937e-15 2.6448e-14 7.2471e-14 1.17824e-13 4.40699e-13
2 24 5 1  39.893 147.353 508.732 302.863 0.125086
2 24 6 1  3.73724e-12 4.45994e-12 4.68568e-12 1.79872e-12 1.15702e-33
2 24 7 1  183.019 782.459 1072.09 858.523 461.006
2 24 8 1  1.44951e-13 3.14557e-13 4.48086e-13 3.33253e-13 1.00848e-13
2 24 9 1  52.8894 152.514 203.771 162.814 118.328
2 24 10 1  2.68231e-13 4.46937e-13 8.13063e-13 1.06261e-12 1.33411e-12
2 25 1 1  36.5813 309.305 504.209 228.025 39.4912
2 25 2 1  1.97799e-11 1.8386e-11 2.04277e-11 4.98924e-15 0
2 25 3 1  6.55438e-14 1.95775e-13 6.43279e-13 1.46677e-12 2.19263e-22
2 25 4 1  5.88593e-15 2.55689e-14 6.73177e-14 1.06667e-13 4.43791e-13
2 25 5 1  24.5455 167.871 627.438 222.373 0.0916099
2 25 6 1  5.77564e-12 6.19714e-12 4.54747e-12 1.33287e-12 1.61626e-34
2 25 7 1  195.07 797.974 1048.37 821.234 442.778
2 25 8 1  1.3165e-13 2.87698e-13 4.29559e-13 3.42137e-13 1.08344e-13
2 25 9 1  40.0612 177.295 248.035 191.093 145.668
2 25 10 1  3.21952e-13 5.09087e-13 8.127e-13 9.33213e-13 1.17427e-12
2 26 1 1  10.4388 93.4331 195.89 114.899 22.1738
2 26 2 1  6.54207e-12 8.52726e-12 2.11492e-12 7.1815e-17 0
2 26 3 1  2.27071e-13 2.30062e-13 2.00119e-13 3.37144e-13 2.65708e-23
2 26 4 1  2.90856e-15 1.20928e-14 3.04861e-14 4.67475e-14 2.08324e-13
2 26 5 1  25.8142 100.502 331.257 146.682 0.0330315
2 26 6 1  4.16178e-12 4.13797e-12 2.9558e-12 4.72942e-13 1.10308e-35
2 26 7 1  103.501 413.686 527.874 403.57 216.999
2 26 8 1  5.73541e-14 1.23625e-13 1.79675e-13 1.4404e-13 4.73771e-14
2 26 9 1  15.5446 72.541 122.942 106.96 84.7952
2 26 10 1  9.91397e-14 2.09129e-13 4.04111e-13 4.28881e-13 4.488e-13
2 27 1 1  14.3681 98.5122 202.43 148.259 41.5565
2 27 2 1  2.37024e-11 1.69737e-11 4.91558e-13 7.90278e-19 0
2 27 3 1  1.06747e-13 3.4394e-13 3.47134e-13 3.93438e-14 1.33664e-24
2 27 4 1  4.76333e-15 1.90354e-14 4.54203e-14 6.63182e-14 3.05007e-13
2 27 5 1  56.7921 236.823 632.3 621.941 0.0388865
2 27 6 1  4.79373e-12 5.83364e-12 5.15034e-12 1.02758e-13 2.2225e-36
2 27 7 1  185.612 712.941 882.736 658.204 350.489
2 27 8 1  8.7636e-14 1.8048e-13 2.45135e-13 1.81858e-13 5.50395e-14
2 27 9 1  19.747 92.0534 165.827 164.772 148.348
2 27 10 1  1.045e-13 2.26609e-13 4.80869e-13 5.61639e-13 5.03822e-13
2 28 1 1  18.9375 80.5511 104.783 69.4505 24.6314
2 28 2 1  8.50917e-12 1.19063e-11 1.54551e-12 2.87378e-18 0
2 28 3 1  2.2739e-14 8.91324e-14 1.6053e-13 1.27896e-14 9.67612e-28
2 28 4 1  2.99593e-15 1.19165e-14 2.7867e-14 3.89997e-14 1.78067e-13
2 28 5 1  29.1912 148.356 489.186 733.374 0.0174278
2 28 6 1  3.19387e-12 3.52748e-12 2.65036e-12 9.27363e-15 1.88368e-37
2 28 7 1  129.183 480.241 572.064 411.998 215.038
2 28 8 1  5.63286e-14 1.11567e-13 1.49309e-13 1.1001e-13 3.15961e-14
2 28 9 1  69.4792 123.693 102.612 94.2943 98.323
2 28 10 1  6.39889e-14 1.14191e-13 2.21404e-13 2.82504e-13 2.78498e-13
2 29 1 1  30.9434 166.575 216.519 102.538 30.2314
2 29 2 1  8.86031e-12 1.25135e-11 5.2442e-13 5.72982e-19 0
2 29 3 1  4.61755e-13 4.83011e-13 2.16335e-13 1.5082e-14 4.28271e-29
2 29 4 1  4.32741e-15 1.74254e-14 4.12361e-14 5.66729e-14 2.50853e-13
2 29 5 1  30.6323 180.858 762.29 1133.51 0.0177469
2 29 6 1  3.42508e-12 4.50418e-12 4.06234e-12 4.14339e-13 4.01704e-38
2 29 7 1  204.217 746.017 860.164 596.968 303.112
2 29 8 1  8.94722e-14 1.73305e-13 2.36756e-13 1.84343e-13 5.62502e-14
2 29 9 1  69.8434 300.026 329.23 183.731 156.222
2 29 10 1  1.52113e-13 2.17587e-13 3.17199e-13 3.82313e-13 4.71583e-13
2 30 1 1  19.1845 134.129 215.514 104.005 23.389
2 30 2 1  1.17709e-11 9.8523e-12 1.26242e-12 3.09251e-18 0
2 30 3 1  1.0074e-13 3.11796e-13 5.37219e-13 8.14166e-14 7.51214e-32
2 30 4 1  3.5181e-15 1.40611e-14 3.36571e-14 4.64349e-14 1.99056e-13
2 30 5 1  49.356 186.519 626.832 830.601 0.00998897
2 30 6 1  4.77981e-12 4.52603e-12 3.14526e-12 4.54704e-13 5.01562e-39
2 30 7 1  171.68 640.348 723.186 481.837 235.657
2 30 8 1  7.35727e-14 1.45973e-13 2.04337e-13 1.65411e-13 5.40118e-14
2 30 9 1  39.9746 207.3 341.117 245.31 162.393
2 30 10 1  8.50285e-14 1.69756e-13 3.19392e-13 3.52125e-13 4.08385e-13
2 31 1 1  5.78069 42.4911 85.7271 54.192 13.5657
2 31 2 1  8.76002e-12 6.18853e-12 7.11292e-13 2.44185e-18 0
2 31 3 1  1.35132e-14 4.5034e-14 1.4328e-13 4.45548e-14 2.91284e-33
2 31 4 1  1.40545e-15 5.43827e-15 1.2748e-14 1.75409e-14 7.33557e-14
2 31 5 1  9.26759 67.0077 261.296 412.977 0.00274772
2 31 6 1  1.3773e-12 1.71436e-12 1.43255e-12 2.64467e-14 2.78137e-40
2 31 7 1  71.2446 269.842 309.626 202.834 95.6626
2 31 8 1  2.78273e-14 5.59337e-14 7.67584e-14 6.02205e-14 1.9428e-14
2 31 9 1  11.0337 59.5818 119.378 114.468 85.7779
2 31 10 1  2.0637e-14 4.55942e-14 1.00267e-13 1.2745e-13 1.38075e-13
2 32 1 1  5.07317 40.5353 92.3802 72.3428 21.552
2 32 2 1  5.25664e-12 8.19859e-12 1.72545e-12 1.47075e-17 0
2 32 3 1  6.11908e-15 1.82576e-14 7.87914e-14 5.79184e-14 4.04739e-34
2 32 4 1  1.88277e-15 6.99779e-15 1.57389e-14 2.11952e-14 8.62369e-14
2 32 5 1  6.26622 55.4169 323.509 498.569 0.00251063
2 32 6 1  1.35631e-12 1.77269e-12 1.72674e-12 1.90591e-13 4.75959e-41
2 32 7 1  100.521 378.232 443.523 292.346 134.287
2 32 8 1  3.55738e-14 6.96768e-14 9.10309e-14 6.69707e-14 2.09319e-14
2 32 9 1  14.2972 58.9496 117.564 136.217 130.28
2 32 10 1  1.55299e-14 3.5335e-14 8.31475e-14 1.16447e-13 1.38086e-13
2 33 1 1  6.24857 48.7381 109.633 92.9782 29.868
2 33 2 1  2.30347e-11 1.64083e-11 5.79528e-12 3.41427e-16 0
2 33 3 1  1.09868e-14 1.69353e-14 5.27987e-14 9.5079e-14 1.36504e-34
2 33 4 1  3.43439e-15 1.24594e-14 2.69439e-14 3.49949e-14 1.36304e-13
2 33 5 1  14.1397 76.2984 518.168 611.416 0.00307663
2 33 6 1  2.57838e-12 3.10057e-12 2.74769e-12 8.0718e-13 1.06719e-41
2 33 7 1  193.01 710.442 827.212 546.253 245.876
2 33 8 1  5.92385e-14 1.17766e-13 1.5244e-13 1.0632e-13 3.18789e-14
2 33 9 1  17.8833 85.0298 159.385 189.805 225.523
2 33 10 1  1.51891e-14 3.48494e-14 8.52595e-14 1.28508e-13 1.75481e-13
2 34 1 1  5.05264 32.4768 63.8922 52.3262 17.0373
2 34 2 1  1.73982e-11 1.81315e-11 8.75527e-12 6.72308e-16 0
2 34 3 1  4.72959e-15 9.18872e-15 2.77438e-14 6.86708e-14 3.89969e-35
2 34 4 1  3.16768e-15 1.13032e-14 2.37405e-14 2.97592e-14 1.08805e-13
2 34 5 1  28.8209 96.6167 411.37 378.144 0.00189779
2 34 6 1  2.80435e-12 3.12412e-12 2.58772e-12 8.20412e-13 1.21222e-42
2 34 7 1  178.323 670.866 772.242 505.325 223.353
2 34 8 1  4.34806e-14 9.23803e-14 1.24436e-13 8.60924e-14 2.49971e-14
2 34 9 1  30.2058 79.1091 112.12 128.893 175.936
2 34 10 1  6.80657e-15 1.63316e-14 4.14358e-14 6.46306e-14 9.59949e-14
2 35 1 1  3.96769 24.0324 41.951 30.8223 9.32356
2 35 2 1  1.12075e-11 1.3167e-11 5.83317e-12 3.21027e-16 0
2 35 3 1  3.74605e-14 4.13203e-14 3.54165e-14 3.31154e-14 1.17321e-14
2 35 4 1  2.63315e-15 9.55471e-15 1.98912e-14 2.42113e-14 8.18099e-14
2 35 5 1  19.7477 107.772 316.54 215.743 0.00108049
2 35 6 1  3.05523e-12 3.64011e-12 2.8509e-12 9.04323e-13 1.25668e-43
2 35 7 1  149.923 579.451 674.38 439.693 191.424
2 35 8 1  3.00733e-14 6.45294e-14 9.09331e-14 6.60871e-14 1.96018e-14
2 35 9 1  17.5353 74.643 101.713 90.6782 124.683
2 35 10 1  3.14973e-15 7.16658e-15 1.81724e-14 2.98421e-14 4.83665e-14
2 36 1 1  0.476021 3.47453 6.67553 4.74206 1.13952
2 36 2 1  2.14617e-12 1.79556e-12 2.99491e-14 3.71916e-19 0
2 36 3 1  3.23516e-14 3.46593e-14 1.07057e-14 6.53066e-16 2.17678e-16
2 36 4 1  3.73431e-16 1.4242e-15 3.08671e-15 3.76271e-15 1.17526e-14
2 36 5 1  8.34469 25.58 37.2361 21.4794 0.000107671
2 36 6 1  2.63469e-13 3.68632e-13 4.78733e-13 2.49994e-13 2.58168e-45
2 36 7 1  20.4761 86.2658 105.549 70.0819 30.3462
2 36 8 1  3.2645e-15 7.68705e-15 1.2536e-14 1.06182e-14 3.59149e-15
2 36 9 1  11.4401 22.1768 18.8556 14.9592 18.4151
2 36 10 1  3.12401e-16 6.25183e-16 1.53893e-15 2.87383e-15 6.20869e-15
2 37 1 1  5.89317 27.5702 45.8007 34.468 8.07681
2 37 2 1  9.41695e-12 1.12199e-11 1.46214e-12 2.42232e-18 0
2 37 3 1  3.94271e-14 1.13277e-13 2.40048e-13 8.99219e-14 3.44368e-15
2 37 4 1  2.49258e-15 9.69471e-15 2.1827e-14 2.74291e-14 8.15344e-14
2 37 5 1  87.8293 297.973 326.878 101.626 0.000510312
2 37 6 1  1.38255e-12 1.83755e-12 2.21935e-12 1.39411e-12 2.65929e-45
2 37 7 1  128.792 580.572 759.862 524.443 228.77
2 37 8 1  2.05144e-14 4.33767e-14 6.98446e-14 6.67553e-14 2.61682e-14
2 37 9 1  52.2784 226.253 261.868 151.127 137.087
2 37 10 1  1.70954e-15 3.14114e-15 6.78518e-15 1.19463e-14 2.91797e-14
2 38 1 1  3.57102 26.2453 43.6266 27.3416 5.79406
2 38 2 1  5.00408e-12 7.17183e-12 2.78579e-12 9.36412e-17 0
2 38 3 1  2.53504e-14 3.84576e-14 9.48346e-14 1.40544e-13 4.33578e-14
2 38 4 1  2.22424e-15 8.58786e-15 1.93636e-14 2.48325e-14 7.25534e-14
2 38 5 1  41.4629 329.549 383.128 63.9832 0.000321212
2 38 6 1  1.16628e-12 1.49686e-12 1.60263e-12 9.50576e-13 3.25348e-46
2 38 7 1  110.152 503.545 691.071 498.267 221.284
2 38 8 1  1.69476e-14 3.49755e-14 5.08838e-14 4.48573e-14 1.84065e-14
2 38 9 1  32.1754 163.978 271.576 203.214 145.707
2 38 10 1  9.98215e-16 2.01457e-15 4.34681e-15 6.47999e-15 1.35371e-14
2 39 1 1  0.990778 9.68066 21.4621 14.6473 2.61333
2 39 2 1  2.25786e-12 2.50657e-12 1.55221e-13 2.17352e-18 0
2 39 3 1  4.31936e-14 4.90883e-14 3.57504e-14 1.49204e-14 8.71306e-15
2 39 4 1  1.01305e-15 4.0693e-15 9.34661e-15 1.21277e-14 3.5381e-14
2 39 5 1  16.253 149.498 175.42 21.3683 0.000107418
2 39 6 1  3.40857e-13 5.07524e-13 6.68867e-13 4.26221e-13 2.18095e-47
2 39 7 1  48.5614 231.053 332.662 252.595 115.884
2 39 8 1  6.98484e-15 1.51126e-14 2.27998e-14 1.95175e-14 7.77886e-15
2 39 9 1  10.5356 58.7406 118.772 116.511 93.544
2 39 10 1  3.67725e-16 6.9093e-16 1.486e-15 2.32342e-15 4.63602e-15
2 40 1 1  0.428295 4.46815 13.0046 11.5705 2.17096
2 40 2 1  1.14561e-12 1.35666e-12 1.60563e-13 1.74568e-19 0
2 40 3 1  2.67559e-14 3.67653e-14 4.71618e-14 1.96068e-14 2.31982e-16
2 40 4 1  6.17564e-16 2.61932e-15 6.30502e-15 8.40572e-15 2.48035e-14
2 40 5 1  5.90491 87.3572 104.763 9.88826 4.9877e-05
2 40 6 1  5.53103e-13 5.81216e-13 4.14165e-13 2.25632e-13 2.20953e-48
2 40 7 1  29.986 145.627 221.173 178.255 85.5988
2 40 8 1  4.71979e-15 9.50325e-15 1.442e-14 1.32302e-14 5.43481e-15
2 40 9 1  4.80064 28.5389 66.7141 80.8209 81.9219
2 40 10 1  1.87813e-16 3.50592e-16 7.54898e-16 1.22759e-15 2.69164e-15
2 41 1 1  0.612325 4.5357 13.6468 15.6789 3.90938
2 41 2 1  4.63487e-12 2.77725e-12 5.5311e-13 8.33873e-18 0
2 41 3 1  1.16696e-14 2.38406e-14 6.11017e-14 5.88266e-14 2.79704e-17
2 41 4 1  7.27422e-16 3.19107e-15 8.0762e-15 1.12175e-14 3.42075e-14
2 41 5 1  7.50742 77.5658 166.732 8.8275 4.47101e-05
2 41 6 1  8.01035e-13 9.3698e-13 8.20887e-13 3.31e-13 4.45321e-49
2 41 7 1  35.4483 175.578 278.558 238.29 120.843
2 41 8 1  6.39781e-15 1.26465e-14 1.88699e-14 1.77372e-14 7.60595e-15
2 41 9 1  4.34288 26.5265 68.2572 97.5693 127.787
2 41 10 1  3.14349e-16 4.7728e-16 8.2229e-16 1.2894e-15 3.05112e-15
2 42 1 1  0.250093 1.67014 4.37483 5.62896 1.90147
2 42 2 1  5.6693e-13 9.30146e-13 7.65138e-13 1.39023e-13 0
2 42 3 1  9.38263e-14 9.35172e-14 5.49033e-14 2.67237e-14 3.64187e-18
2 42 4 1  2.27341e-16 1.03226e-15 2.75908e-15 4.02499e-15 1.3002e-14
2 42 5 1  2.04018 18.7826 61.4904 2.08618 1.06207e-05
2 42 6 1  4.30568e-13 4.52511e-13 3.45028e-13 1.33003e-13 2.57023e-50
2 42 7 1  11.0928 55.7736 91.9545 83.3293 44.9111
2 42 8 1  2.46271e-15 4.79426e-15 7.30833e-15 7.26438e-15 3.27282e-15
2 42 9 1  5.55012 12.9712 20.142 30.6846 51.7755
2 42 10 1  2.08006e-16 2.78852e-16 3.72402e-16 4.75136e-16 1.12344e-15
2 43 1 1  2.12777 12.5903 27.8863 34.3421 13.8369
2 43 2 1  4.65836e-12 4.4148e-12 5.91146e-12 2.13845e-14 0
2 43 3 1  1.73873e-13 4.01434e-13 1.09615e-12 1.09967e-12 1.315e-17
2 43 4 1  1.52015e-15 6.72051e-15 1.81766e-14 2.76725e-14 9.66498e-14
2 43 5 1  15.7202 98.5339 421.965 10.3871 5.30727e-05
2 43 6 1  1.34771e-12 1.72973e-12 2.53661e-12 1.19363e-12 3.00546e-50
2 43 7 1  74.221 368.502 619.985 589.434 337.629
2 43 8 1  2.49262e-14 4.19721e-14 5.3002e-14 4.87107e-14 2.2387e-14
2 43 9 1  26.8262 122.515 179.038 194.993 369.504
2 43 10 1  2.28535e-15 3.14736e-15 4.1814e-15 4.10051e-15 6.81643e-15
2 44 1 1  1.76517 11.9976 23.2051 23.2925 8.96418
2 44 2 1  3.88131e-12 4.05073e-12 5.31568e-12 1.42027e-14 0
2 44 3 1  9.29496e-14 1.55148e-13 4.94058e-13 1.52651e-12 5.60859e-13
2 44 4 1  1.46488e-15 6.10105e-15 1.57108e-14 2.39748e-14 9.09692e-14
2 44 5 1  14.5028 87.2406 345.404 7.26861 3.71462e-05
2 44 6 1  6.8793e-13 7.37333e-13 1.14443e-12 9.67815e-13 4.05654e-51
2 44 7 1  70.4624 342.168 571.594 560.383 339.609
2 44 8 1  2.30606e-14 4.58335e-14 5.7792e-14 4.11847e-14 1.58434e-14
2 44 9 1  18.4586 95.1813 172.65 178.786 312.817
2 44 10 1  2.09046e-15 3.39128e-15 5.51747e-15 5.45883e-15 5.98787e-15
2 45 1 1  1.42843 10.2732 20.2853 17.669 5.42373
2 45 2 1  3.70045e-12 3.7706e-12 4.94081e-12 1.35277e-14 0
2 45 3 1  9.76051e-14 1.33254e-13 2.64348e-13 9.22142e-13 1.47169e-12
2 45 4 1  1.42566e-15 5.73822e-15 1.40876e-14 2.09113e-14 8.43248e-14
2 45 5 1  13.9105 85.6395 256.902 5.09173 2.60131e-05
2 45 6 1  4.13494e-13 4.33607e-13 5.87785e-13 5.61751e-13 5.49751e-52
2 45 7 1  68.6772 322.216 529.349 528.56 337.285
2 45 8 1  2.29135e-14 4.4898e-14 5.88979e-14 4.1955e-14 1.39425e-14
2 45 9 1  12.8513 68.5124 141.05 161.595 270.829
2 45 10 1  2.36379e-15 3.56693e-15 5.67816e-15 6.31205e-15 7.4972e-15
2 46 1 1  1.07375 8.30629 17.2491 14.3286 3.41293
2 46 2 1  3.37032e-12 3.57395e-12 4.72616e-12 1.27726e-14 0
2 46 3 1  8.56319e-14 1.21719e-13 2.40131e-13 6.06667e-13 1.43044e-12
2 46 4 1  1.39785e-15 5.51253e-15 1.30594e-14 1.86751e-14 7.74371e-14
2 46 5 1  11.9037 82.9157 190.268 3.57018 1.82258e-05
2 46 6 1  2.35102e-13 2.46508e-13 3.45255e-13 3.26176e-13 7.47689e-53
2 46 7 1  67.3464 308.364 494.393 496.58 331.36
2 46 8 1  2.12313e-14 4.30255e-14 5.80426e-14 4.21554e-14 1.36829e-14
2 46 9 1  9.0937 48.4712 106.109 134.988 235.439
2 46 10 1  2.41142e-15 3.74567e-15 6.12463e-15 6.78473e-15 8.36466e-15
2 47 1 1  0.835474 6.45243 14.0713 11.798 2.68763
2 47 2 1  3.32256e-12 3.43987e-12 4.5318e-12 1.19655e-14 0
2 47 3 1  7.50118e-14 1.09836e-13 2.22803e-13 5.35068e-13 9.87143e-13
2 47 4 1  1.37815e-15 5.36563e-15 1.24084e-14 1.71474e-14 7.08927e-14
2 47 5 1  10.4468 71.8117 167.306 2.50544 1.27756e-05
2 47 6 1  1.4171e-13 1.45367e-13 1.95801e-13 1.73241e-13 1.02003e-53
2 47 7 1  67.6996 299.664 466.79 466.423 322.687
2 47 8 1  2.0955e-14 4.12949e-14 5.53353e-14 4.10219e-14 1.33626e-14
2 47 9 1  6.5756 34.4773 77.059 105.651 201.19
2 47 10 1  2.64453e-15 4.0142e-15 6.40426e-15 7.09391e-15 8.69843e-15
2 48 1 1  0.696594 5.13126 11.2242 9.67395 2.42229
2 48 2 1  3.57569e-12 3.53253e-12 4.45219e-12 1.12061e-14 0
2 48 3 1  6.81977e-14 1.01426e-13 2.08113e-13 5.28358e-13 5.45397e-13
2 48 4 1  1.36421e-15 5.26699e-15 1.19895e-14 1.61353e-14 6.50336e-14
2 48 5 1  9.92766 59.7282 169.36 1.75956 8.95893e-06
2 48 6 1  9.21696e-14 9.01697e-14 1.14306e-13 8.73557e-14 1.39528e-54
2 48 7 1  70.1209 297.324 446.653 439.418 312.155
2 48 8 1  2.23611e-14 4.21874e-14 5.40599e-14 3.93485e-14 1.2694e-14
2 48 9 1  4.88816 24.9533 55.4923 79.3756 167.529
2 48 10 1  3.14478e-15 4.62601e-15 7.02263e-15 7.4453e-15 8.66849e-15
2 49 1 1  0.567356 4.17597 9.06666 7.88957 2.26098
2 49 2 1  3.6002e-12 3.69009e-12 4.58044e-12 1.12354e-14 0
2 49 3 1  4.97251e-14 8.3117e-14 1.94086e-13 5.24201e-13 2.37347e-13
2 49 4 1  1.35436e-15 5.19943e-15 1.17144e-14 1.54709e-14 5.99956e-14
2 49 5 1  9.42109 50.666 177.925 1.23653 6.28472e-06
2 49 6 1  4.96809e-14 5.20048e-14 6.82875e-14 4.43306e-14 1.91288e-55
2 49 7 1  72.3577 300.696 434.611 416.57 300.616
2 49 8 1  2.19441e-14 4.29417e-14 5.53847e-14 3.90179e-14 1.20856e-14
2 49 9 1  3.75735 18.5328 40.298 58.4503 135.979
2 49 10 1  3.28581e-15 5.10058e-15 8.0441e-15 8.28555e-15 8.89415e-15
2 50 1 1  0.467898 3.41764 7.36822 6.40507 1.94239
2 50 2 1  3.68304e-12 3.78653e-12 4.74773e-12 1.17664e-14 0
2 50 3 1  3.76089e-14 6.2245e-14 1.53282e-13 5.00363e-13 1.03957e-13
2 50 4 1  1.34739e-15 5.1526e-15 1.153e-14 1.50333e-14 5.57817e-14
2 50 5 1  9.22425 46.4591 174.286 0.869448 4.4101e-06
2 50 6 1  2.80262e-14 2.92748e-14 3.88765e-14 2.55715e-14 2.62738e-56
2 50 7 1  74.9422 307.24 429.94 398.641 288.859
2 50 8 1  2.18406e-14 4.26558e-14 5.56061e-14 3.94989e-14 1.20424e-14
2 50 9 1  2.99956 14.2205 29.8626 42.8931 108.067
2 50 10 1  3.5694e-15 5.48184e-15 8.69086e-15 9.22413e-15 9.96095e-15
2 51 1 1  0.419831 2.89392 6.03516 5.1886 1.54379
2 51 2 1  4.20288e-12 4.07454e-12 4.94437e-12 1.2511e-14 0
2 51 3 1  3.40876e-14 5.25166e-14 1.17735e-13 4.27685e-13 1.26432e-13
2 51 4 1  1.34247e-15 5.1199e-15 1.14046e-14 1.47423e-14 5.23242e-14
2 51 5 1  9.95535 46.1444 160.682 0.611611 3.09543e-06
2 51 6 1  1.87649e-14 1.90796e-14 2.31563e-14 1.58934e-14 3.61425e-57
2 51 7 1  79.421 317.396 431.38 385.866 277.578
2 51 8 1  2.44007e-14 4.50085e-14 5.61201e-14 3.96433e-14 1.22472e-14
2 51 9 1  2.49175 11.328 22.7849 31.7946 84.587
2 51 10 1  4.48292e-15 6.54985e-15 9.71594e-15 1.01071e-14 1.1334e-14
2 52 1 1  0.3295 2.45381 5.08503 4.23206 1.15172
2 52 2 1  4.02505e-12 4.26464e-12 5.32306e-12 1.36414e-14 0
2 52 3 1  2.82548e-14 4.36907e-14 9.75356e-14 3.25989e-13 2.5725e-13
2 52 4 1  1.339e-15 5.09699e-15 1.13182e-14 1.45465e-14 4.95258e-14
2 52 5 1  8.98665 47.4202 140.529 0.430392 2.17311e-06
2 52 6 1  1.0529e-14 1.12681e-14 1.50556e-14 1.10848e-14 4.97784e-58
2 52 7 1  81.2357 329.63 438.681 378.18 267.331
2 52 8 1  2.26542e-14 4.54909e-14 5.92615e-14 4.10174e-14 1.25596e-14
2 52 9 1  2.15145 9.38909 18.0143 24.0725 65.6164
2 52 10 1  4.46122e-15 7.055e-15 1.14452e-14 1.19775e-14 1.32291e-14
2 53 1 1  0.276293 2.01343 4.23298 3.50536 0.87529
2 53 2 1  4.373e-12 4.38937e-12 5.53124e-12 1.43896e-14 0
2 53 3 1  3.0447e-14 4.35722e-14 8.48821e-14 2.49604e-13 3.06757e-13
2 53 4 1  1.33655e-15 5.08089e-15 1.12582e-14 1.44132e-14 4.72835e-14
2 53 5 1  8.72772 46.8339 123.341 0.302954 1.52586e-06
2 53 6 1  7.24436e-15 7.33687e-15 9.14652e-15 7.19373e-15 6.86248e-59
2 53 7 1  84.4318 340.991 449.52 375.328 258.546
2 53 8 1  2.40671e-14 4.56584e-14 5.88447e-14 4.20719e-14 1.30633e-14
2 53 9 1  1.92341 8.08957 14.8083 18.7805 50.7663
2 53 10 1  5.45659e-15 8.02661e-15 1.22669e-14 1.32765e-14 1.55534e-14
2 54 1 1  0.213583 1.63495 3.49027 2.95641 0.580688
2 54 2 1  4.10661e-12 4.44119e-12 5.7651e-12 1.54643e-14 0
2 54 3 1  2.38123e-14 3.69921e-14 8.1734e-14 2.03903e-13 3.45307e-13
2 54 4 1  1.33482e-15 5.06956e-15 1.12164e-14 1.43216e-14 4.55002e-14
2 54 5 1  7.7528 46.1146 102.353 0.213297 1.07152e-06
2 54 6 1  3.95938e-15 4.41056e-15 5.98922e-15 4.90452e-15 9.46771e-60
2 54 7 1  85.15 351.525 462.485 376.528 251.498
2 54 8 1  2.19498e-14 4.46855e-14 5.96302e-14 4.25313e-14 1.34489e-14
2 54 9 1  1.77059 7.21867 12.6571 15.187 39.4254
2 54 10 1  5.31704e-15 8.50573e-15 1.40401e-14 1.51251e-14 1.78568e-14
2 55 1 1  0.16366 1.28732 2.81941 2.48662 0.360573
2 55 2 1  4.08851e-12 4.32662e-12 5.78743e-12 1.54302e-14 0
2 55 3 1  2.44582e-14 3.44078e-14 6.7406e-14 1.73448e-13 3.41917e-13
2 55 4 1  1.3336e-15 5.06158e-15 1.11871e-14 1.42582e-14 4.40901e-14
2 55 5 1  6.56198 44.3378 82.2124 0.150198 7.52542e-07
2 55 6 1  2.65867e-15 2.67087e-15 3.5797e-15 3.24849e-15 1.30695e-60
2 55 7 1  86.1489 358.949 475.436 380.871 246.297
2 55 8 1  2.14419e-14 4.2499e-14 5.72447e-14 4.22536e-14 1.36565e-14
2 55 9 1  1.66818 6.63505 11.2145 12.7601 30.9312
2 55 10 1  5.94482e-15 8.95913e-15 1.44349e-14 1.63733e-14 2.0301e-14
2 56 1 1  0.144888 1.03604 2.24993 1.98727 0.397053
2 56 2 1  4.80423e-12 4.60991e-12 5.7716e-12 1.47857e-14 0
2 56 3 1  2.67243e-14 3.8281e-14 7.15529e-14 1.75861e-13 2.01701e-13
2 56 4 1  1.33273e-15 5.05594e-15 1.11665e-14 1.42141e-14 4.29804e-14
2 56 5 1  6.64168 38.3314 86.0184 0.10578 5.28559e-07
2 56 6 1  1.96508e-15 1.90977e-15 2.23795e-15 1.71554e-15 1.80492e-61
2 56 7 1  89.8371 367.092 487.261 387.181 242.896
2 56 8 1  2.48354e-14 4.5091e-14 5.60845e-14 4.06204e-14 1.31636e-14
2 56 9 1  1.59955 6.24395 10.2475 11.1264 24.6672
2 56 10 1  7.87942e-15 1.1227e-14 1.62491e-14 1.6985e-14 2.037e-14
2 57 1 1  0.117121 0.86478 1.8423 1.59688 0.382806
2 57 2 1  4.72385e-12 4.91823e-12 6.11202e-12 1.5332e-14 0
2 57 3 1  1.89924e-14 3.1532e-14 7.34928e-14 1.98275e-13 8.99691e-14
2 57 4 1  1.33211e-15 5.05196e-15 1.1152e-14 1.41832e-14 4.21104e-14
2 57 5 1  6.2171 34.3942 89.928 0.0745039 3.71261e-07
2 57 6 1  1.11042e-15 1.16737e-15 1.50613e-15 1.02665e-15 2.49342e-62
2 57 7 1  90.6581 376.495 499.565 394.659 241.116
2 57 8 1  2.38177e-14 4.69211e-14 5.99172e-14 4.12037e-14 1.27395e-14
2 57 9 1  1.55356 5.98185 9.59941 10.0287 20.1052
2 57 10 1  8.01657e-15 1.25572e-14 1.99121e-14 2.01998e-14 2.17412e-14
2 58 1 1  0.095824 0.708086 1.51532 1.2976 0.331014
2 58 2 1  4.76962e-12 4.97284e-12 6.36161e-12 1.62675e-14 0
2 58 3 1  1.46083e-14 2.35575e-14 5.71514e-14 2.03293e-13 4.01438e-14
2 58 4 1  1.33167e-15 5.04912e-15 1.11418e-14 1.41616e-14 4.14305e-14
2 58 5 1  6.03495 32.0082 88.3136 0.0524791 2.60786e-07
2 58 6 1  6.67429e-16 6.97061e-16 9.09921e-16 6.56358e-16 3.44536e-63
2 58 7 1  91.0315 382.913 511.591 403.058 240.746
2 58 8 1  2.35678e-14 4.62144e-14 6.05188e-14 4.27986e-14 1.30406e-14
2 58 9 1  1.52274 5.80622 9.16507 9.29203 16.8165
2 58 10 1  8.83826e-15 1.35049e-14 2.14705e-14 2.3109e-14 2.57173e-14
2 59 1 1  0.0806399 0.585328 1.24235 1.0579 0.269169
2 59 2 1  5.00795e-12 5.09879e-12 6.50349e-12 1.68058e-14 0
2 59 3 1  1.23155e-14 1.90633e-14 4.36542e-14 1.749e-13 5.34483e-14
2 59 4 1  1.33135e-15 5.0471e-15 1.11345e-14 1.41463e-14 4.09006e-14
2 59 5 1  5.99736 31.098 82.6675 0.0369671 1.8319e-07
2 59 6 1  4.33086e-16 4.43439e-16 5.59632e-16 4.18195e-16 4.76153e-64
2 59 7 1  91.7274 387.424 521.965 411.847 241.578
2 59 8 1  2.44099e-14 4.67411e-14 6.02804e-14 4.30958e-14 1.34153e-14
2 59 9 1  1.50209 5.68852 8.874 8.79793 14.4658
2 59 10 1  1.02723e-14 1.53632e-14 2.37008e-14 2.52833e-14 2.91954e-14
2 60 1 1  0.0635626 0.481162 1.0299 0.871415 0.232762
2 60 2 1  4.86414e-12 5.14639e-12 6.66054e-12 1.65405e-14 0
2 60 3 1  1.15091e-14 1.72345e-14 3.70453e-14 1.33816e-13 7.27118e-14
2 60 4 1  1.33112e-15 5.04565e-15 1.11293e-14 1.41355e-14 4.04884e-14
2 60 5 1  5.3446 29.5401 83.4759 0.0260411 1.28685e-07
2 60 6 1  2.56906e-16 2.57075e-16 3.44796e-16 2.43604e-16 6.58127e-65
2 60 7 1  90.8858 390.055 530.51 420.432 243.373
2 60 8 1  2.32693e-14 4.62886e-14 6.08834e-14 4.32828e-14 1.3352e-14
2 60 9 1  1.48825 5.60965 8.67894 8.46666 12.7974
2 60 10 1  1.07419e-14 1.65607e-14 2.6547e-14 2.81415e-14 3.11397e-14
2 61 1 1  0.0537441 0.389417 0.843427 0.723118 0.208126
2 61 2 1  5.04297e-12 5.19639e-12 6.70184e-12 1.70228e-14 0
2 61 3 1  9.40263e-15 1.53159e-14 3.45858e-14 1.12523e-13 5.05793e-14
2 61 4 1  1.33095e-15 5.0446e-15 1.11256e-14 1.41279e-14 4.01686e-14
2 61 5 1  5.62994 26.8946 87.6763 0.0183449 9.03989e-08
2 61 6 1  1.44024e-16 1.54676e-16 1.99476e-16 1.31772e-16 9.09719e-66
2 61 7 1  90.7407 390.417 536.559 428.337 245.875
2 61 8 1  2.37207e-14 4.58991e-14 5.98555e-14 4.31012e-14 1.33006e-14
2 61 9 1  1.47898 5.55679 8.54822 8.24461 11.6204
2 61 10 1  1.19397e-14 1.82858e-14 2.86641e-14 3.04262e-14 3.37486e-14
2 62 1 1  0.0440947 0.324113 0.689324 0.588735 0.161956
2 62 2 1  5.02474e-12 5.24955e-12 6.79703e-12 1.74785e-14 0
2 62 3 1  8.41887e-15 1.27686e-14 2.81677e-14 9.8682e-14 4.8821e-14
2 62 4 1  1.33083e-15 5.04384e-15 1.1123e-14 1.41224e-14 3.99208e-14
2 62 5 1  5.45682 27.4886 80.1251 0.0129234 6.35042e-08
2 62 6 1  8.91384e-17 9.16339e-17 1.20508e-16 8.9107e-17 1.25756e-66
2 62 7 1  90.0068 389.878 540.307 435.105 248.818
2 62 8 1  2.34054e-14 4.58341e-14 5.9876e-14 4.28881e-14 1.34378e-14
2 62 9 1  1.47276 5.52137 8.46063 8.09578 10.7942
2 62 10 1  1.29755e-14 1.98434e-14 3.15491e-14 3.38849e-14 3.84939e-14
2 63 1 1  0.0356515 0.26539 0.567692 0.481759 0.128908
2 63 2 1  4.94032e-12 5.22059e-12 6.84174e-12 1.77801e-14 0
2 63 3 1  6.42345e-15 1.02983e-14 2.39991e-14 8.57085e-14 4.21459e-14
2 63 4 1  1.33074e-15 5.04329e-15 1.1121e-14 1.41185e-14 3.9729e-14
2 63 5 1  5.22391 27.036 75.1117 0.00910431 4.46113e-08
2 63 6 1  5.19771e-17 5.50423e-17 7.27613e-17 5.48062e-17 1.73847e-67
2 63 7 1  88.8764 387.85 542.004 440.522 251.948
2 63 8 1  2.27512e-14 4.49853e-14 5.9406e-14 4.27784e-14 1.34473e-14
2 63 9 1  1.4686 5.49764 8.40193 7.99604 10.2169
2 63 10 1  1.37776e-14 2.132e-14 3.42396e-14 3.70535e-14 4.27911e-14
2 64 1 1  0.0295569 0.217193 0.463375 0.393746 0.0957901
2 64 2 1  5.03316e-12 5.21947e-12 6.82931e-12 1.82332e-14 0
2 64 3 1  6.41346e-15 9.36794e-15 1.93266e-14 6.18082e-14 7.47508e-14
2 64 4 1  1.33068e-15 5.04288e-15 1.11196e-14 1.41157e-14 3.95808e-14
2 64 5 1  5.12932 27.9004 63.016 0.00641386 3.13394e-08
2 64 6 1  3.29789e-17 3.48208e-17 4.48066e-17 3.60406e-17 2.40334e-68
2 64 7 1  88.2896 384.971 541.671 444.469 255.04
2 64 8 1  2.30715e-14 4.47154e-14 5.84656e-14 4.23683e-14 1.35606e-14
2 64 9 1  1.46581 5.48173 8.36259 7.9292 9.81509
2 64 10 1  1.54497e-14 2.34719e-14 3.70522e-14 4.03867e-14 4.84308e-14
2 65 1 1  0.0232496 0.176933 0.377998 0.32246 0.0638694
2 65 2 1  4.79209e-12 5.14397e-12 6.84188e-12 1.86797e-14 0
2 65 3 1  6.04239e-15 8.77189e-15 1.77375e-14 4.48943e-14 9.40677e-14
2 65 4 1  1.33063e-15 5.04259e-15 1.11186e-14 1.41136e-14 3.94664e-14
2 65 5 1  4.41907 29.4832 44.6253 0.0045185 2.20159e-08
2 65 6 1  2.00456e-17 2.15785e-17 2.88655e-17 2.52077e-17 3.32255e-69
2 65 7 1  86.7593 381.515 539.873 446.92 257.91
2 65 8 1  2.18456e-14 4.37266e-14 5.82068e-14 4.21074e-14 1.36596e-14
2 65 9 1  1.46393 5.47107 8.33623 7.8844 9.53632
2 65 10 1  1.58913e-14 2.48316e-14 4.06574e-14 4.49082e-14 5.5229e-14
2 66 1 1  0.0179611 0.140181 0.304869 0.267178 0.0361501
2 66 2 1  4.55548e-12 4.92917e-12 6.72078e-12 1.88474e-14 0
2 66 3 1  5.54672e-15 8.00171e-15 1.62536e-14 3.66011e-14 9.82519e-14
2 66 4 1  1.3306e-15 5.04238e-15 1.11179e-14 1.41121e-14 3.93782e-14
2 66 5 1  3.66441 27.8666 31.602 0.00318326 1.54663e-08
2 66 6 1  1.24763e-17 1.35155e-17 1.82489e-17 1.7374e-17 4.59341e-70
2 66 7 1  85.1245 376.567 536.559 447.976 260.414
2 66 8 1  2.07084e-14 4.16202e-14 5.63257e-14 4.15729e-14 1.37536e-14
2 66 9 1  1.46268 5.46393 8.31856 7.85438 9.3435
2 66 10 1  1.65461e-14 2.57572e-14 4.25475e-14 4.85093e-14 6.2807e-14
2 67 1 1  0.0138967 0.109493 0.241872 0.222053 0.0162246
2 67 2 1  4.50434e-12 4.76463e-12 6.49554e-12 1.82259e-14 0
2 67 3 1  5.53979e-15 7.75236e-15 1.49262e-14 3.20993e-14 9.40054e-14
2 67 4 1  1.33058e-15 5.04224e-15 1.11174e-14 1.41111e-14 3.93101e-14
2 67 5 1  3.00357 25.0026 22.3795 0.00224259 1.08651e-08
2 67 6 1  8.5057e-18 8.87056e-18 1.16523e-17 1.15056e-17 6.35044e-71
2 67 7 1  84.2297 371.258 531.664 447.657 262.452
2 67 8 1  2.05199e-14 4.03179e-14 5.39031e-14 4.01517e-14 1.35732e-14
2 67 9 1  1.46184 5.45914 8.30673 7.83427 9.21049
2 67 10 1  1.82489e-14 2.76999e-14 4.46537e-14 5.08906e-14 6.78875e-14
2 68 1 1  0.0107724 0.085022 0.190904 0.179264 0.0170053
2 68 2 1  4.62754e-12 4.75808e-12 6.31693e-12 1.64255e-14 0
2 68 3 1  5.72104e-15 7.98216e-15 1.51569e-14 3.27745e-14 6.72314e-14
2 68 4 1  1.33057e-15 5.04215e-15 1.1117e-14 1.41103e-14 3.92578e-14
2 68 5 1  2.34603 20.3378 24.0402 0.00157991 7.63283e-09
2 68 6 1  5.99546e-18 5.72166e-18 7.38895e-18 6.44886e-18 8.7797e-72
2 68 7 1  84.1773 367.268 525.981 446.039 263.946
2 68 8 1  2.10655e-14 4.04785e-14 5.26921e-14 3.85674e-14 1.27767e-14
2 68 9 1  1.46128 5.45594 8.29879 7.82079 9.11894
2 68 10 1  2.08788e-14 3.0934e-14 4.84184e-14 5.3172e-14 6.63608e-14
2 69 1 1  0.0100006 0.0689954 0.150392 0.139006 0.026823
2 69 2 1  5.45127e-12 5.18906e-12 6.34556e-12 1.61649e-14 0
2 69 3 1  5.43889e-15 8.3136e-15 1.66242e-14 3.60207e-14 3.84072e-14
2 69 4 1  1.33056e-15 5.04209e-15 1.11168e-14 1.41098e-14 3.92175e-14
2 69 5 1  2.81172 15.3902 32.9588 0.00111305 5.36212e-09
2 69 6 1  4.06811e-18 4.14014e-18 4.7588e-18 3.26502e-18 1.21384e-72
2 69 7 1  86.6461 366.951 520.882 443.444 264.858
2 69 8 1  2.47488e-14 4.44874e-14 5.39425e-14 3.78527e-14 1.20358e-14
2 69 9 1  1.4609 5.45379 8.29348 7.81175 9.05607
2 69 10 1  2.6733e-14 3.88241e-14 5.634e-14 5.72451e-14 6.57484e-14
2 70 1 1  0.00803742 0.0590882 0.123541 0.108711 0.0237994
2 70 2 1  5.20863e-12 5.48756e-12 6.81447e-12 1.74775e-14 0
2 70 3 1  4.30348e-15 6.7256e-15 1.51706e-14 3.67392e-14 3.96272e-14
2 70 4 1  1.33056e-15 5.04207e-15 1.11166e-14 1.41094e-14 3.91865e-14
2 70 5 1  2.64438 14.7575 31.4577 0.000784149 3.76694e-09
2 70 6 1  2.40085e-18 2.53186e-18 3.29307e-18 2.37856e-18 1.67822e-73
2 70 7 1  86.1941 369.286 518.558 440.556 265.211
2 70 8 1  2.34508e-14 4.64259e-14 5.91618e-14 3.99534e-14 1.21477e-14
2 70 9 1  1.46065 5.45235 8.28991 7.8057 9.01297
2 70 10 1  2.66573e-14 4.20601e-14 6.80235e-14 7.04702e-14 7.6838e-14
2 71 1 1  0.00643407 0.0483498 0.102799 0.0876939 0.0204537
2 71 2 1  5.15914e-12 5.43587e-12 7.04506e-12 1.81327e-14 0
2 71 3 1  3.91856e-15 5.87151e-15 1.26135e-14 3.59334e-14 3.19026e-14
2 71 4 1  1.33056e-15 5.04205e-15 1.11165e-14 1.41092e-14 3.91628e-14
2 71 5 1  2.45305 13.9018 30.8874 0.000552439 2.64632e-09
2 71 6 1  1.50297e-18 1.53519e-18 2.01203e-18 1.54046e-18 2.32029e-74
2 71 7 1  85.6797 369.641 517.978 438.187 265.131
2 71 8 1  2.30526e-14 4.53714e-14 5.97096e-14 4.21846e-14 1.27656e-14
2 71 9 1  1.46048 5.45138 8.28753 7.80164 8.98348
2 71 10 1  2.90615e-14 4.43928e-14 7.1455e-14 7.86578e-14 9.03796e-14
2 72 1 1  0.0057258 0.0400218 0.0840582 0.0719809 0.0148059
2 72 2 1  5.70339e-12 5.66221e-12 7.14356e-12 1.95642e-14 0
2 72 3 1  3.42498e-15 5.19817e-15 1.12224e-14 3.1122e-14 3.87711e-14
2 72 4 1  1.33056e-15 5.04205e-15 1.11165e-14 1.41091e-14 3.91446e-14
2 72 5 1  2.73182 13.0452 28.478 0.000389199 1.85907e-09
2 72 6 1  1.01413e-18 1.10657e-18 1.33205e-18 1.01562e-18 1.07875e-19
2 72 7 1  87.0411 370.306 517.671 436.453 264.79
2 72 8 1  2.55084e-14 4.73768e-14 5.96723e-14 4.25525e-14 1.34721e-14
2 72 9 1  1.46037 5.45073 8.28593 7.79892 8.96333
2 72 10 1  3.53311e-14 5.27132e-14 7.99049e-14 8.51266e-14 1.04605e-13
2 73 1 1  0.00409183 0.0329845 0.0692871 0.0594082 0.00664517
2 73 2 1  4.69695e-12 5.44772e-12 7.40508e-12 2.09205e-14 0
2 73 3 1  2.8968e-15 4.1442e-15 8.66744e-15 2.16654e-14 6.38461e-14
2 73 4 1  1.33056e-15 5.04206e-15 1.11165e-14 1.4109e-14 3.91307e-14
2 73 5 1  2.15995 13.2377 20.1678 0.000274195 1.30602e-09
2 73 6 1  6.06486e-19 6.62137e-19 9.37673e-19 8.85726e-19 1.23983e-19
2 73 7 1  83.9832 369.855 518.114 435.262 264.322
2 73 8 1  2.07837e-14 4.48062e-14 6.17721e-14 4.39126e-14 1.41793e-14
2 73 9 1  1.46029 5.4503 8.28486 7.7971 8.94959
2 73 10 1  2.98901e-14 4.99751e-14 8.93946e-14 1.02097e-13 1.28219e-13
2 74 1 1  0.00307448 0.0250434 0.0557911 0.0488891 0.00447277
2 74 2 1  4.63533e-12 4.98662e-12 7.04762e-12 1.96683e-14 0
2 74 3 1  3.15539e-15 4.31049e-15 7.88709e-15 1.77245e-14 5.56465e-14
2 74 4 1  1.33057e-15 5.04207e-15 1.11165e-14 1.4109e-14 3.91201e-14
2 74 5 1  1.73137 12.8662 14.2827 0.000193174 9.17496e-10
2 74 6 1  4.22651e-19 4.27205e-19 5.67808e-19 5.72717e-19 1.71423e-20
2 74 7 1  83.0878 365.363 516.958 434.474 263.823
2 74 8 1  2.05442e-14 4.08159e-14 5.64369e-14 4.31082e-14 1.43717e-14
2 74 9 1  1.46024 5.45001 8.28414 7.79588 8.94022
2 74 10 1  3.39695e-14 5.09192e-14 8.33725e-14 1.00743e-13 1.3922e-13
2 75 1 1  0.00235172 0.0188624 0.0434134 0.0389506 0.00542994
2 75 2 1  4.40232e-12 4.78e-12 6.65599e-12 1.80804e-14 0
2 75 3 1  2.62477e-15 3.96721e-15 8.35407e-15 1.75864e-14 4.08492e-14
2 75 4 1  1.33057e-15 5.04208e-15 1.11165e-14 1.4109e-14 3.9112e-14
2 75 5 1  1.34485 11.7142 11.4656 0.000136094 6.44554e-10
2 75 6 1  2.42546e-19 2.59312e-19 3.54574e-19 3.17684e-19 2.37017e-21
2 75 7 1  82.1465 361.124 513.857 433.418 263.324
2 75 8 1  1.93693e-14 3.89848e-14 5.29817e-14 4.00603e-14 1.36024e-14
2 75 9 1  1.4602 5.44981 8.28366 7.79506 8.93384
2 75 10 1  3.35567e-14 5.31187e-14 8.83509e-14 9.96114e-14 1.30711e-13
2 76 1 1  0.00198449 0.0147745 0.0333325 0.03055 0.00531187
2 76 2 1  4.69965e-12 4.77579e-12 6.37118e-12 1.71196e-14 0
2 76 3 1  2.66648e-15 3.84002e-15 7.59197e-15 1.72531e-14 3.31809e-14
2 76 4 1  1.33058e-15 5.0421e-15 1.11166e-14 1.4109e-14 3.91059e-14
2 76 5 1  1.24303 9.63652 11.7068 9.58801e-05 4.52809e-10
2 76 6 1  1.66787e-19 1.69953e-19 2.14788e-19 1.85453e-19 3.27713e-22
2 76 7 1  83.2653 358.583 509.794 431.756 262.768
2 76 8 1  2.07202e-14 3.91853e-14 5.07926e-14 3.77137e-14 1.2721e-14
2 76 9 1  1.46018 5.44968 8.28333 7.79451 8.92951
2 76 10 1  3.90888e-14 5.84242e-14 9.17535e-14 1.02562e-13 1.30802e-13
2 77 1 1  0.00158116 0.0119676 0.0262794 0.0238123 0.00468507
2 77 2 1  4.52715e-12 4.81751e-12 6.35286e-12 1.68523e-14 0
2 77 3 1  2.23556e-15 3.39658e-15 7.28136e-15 1.66583e-14 2.87044e-14
2 77 4 1  1.33058e-15 5.04213e-15 1.11166e-14 1.4109e-14 3.91012e-14
2 77 5 1  1.11665 8.13816 11.664 6.75493e-05 3.18105e-10
2 77 6 1  9.81331e-20 1.04092e-19 1.38861e-19 1.14389e-19 4.53121e-23
2 77 7 1  83.2141 358.445 506.618 429.593 262.09
2 77 8 1  1.98443e-14 3.93418e-14 5.1508e-14 3.68854e-14 1.20546e-14
2 77 9 1  1.46017 5.4496 8.28312 7.79415 8.92657
2 77 10 1  3.8955e-14 6.15133e-14 1.01315e-13 1.10919e-13 1.3504e-13
2 78 1 1  0.00130719 0.00968135 0.0209805 0.0188213 0.00357041
2 78 2 1  4.63509e-12 4.811e-12 6.32999e-12 1.71981e-14 0
2 78 3 1  2.1049e-15 3.09345e-15 6.38483e-15 1.50338e-14 2.88417e-14
2 78 4 1  1.33059e-15 5.04216e-15 1.11167e-14 1.41091e-14 3.90977e-14
2 78 5 1  1.07763 7.27058 10.2373 4.75898e-05 2.23474e-10
2 78 6 1  6.32329e-20 6.72809e-20 8.66614e-20 7.42285e-20 6.26525e-24
2 78 7 1  83.9346 358.875 504.649 427.397 261.27
2 78 8 1  2.03216e-14 3.9212e-14 5.10864e-14 3.6872e-14 1.19337e-14
2 78 9 1  1.46016 5.44954 8.28297 7.7939 8.92457
2 78 10 1  4.28031e-14 6.56013e-14 1.05671e-13 1.18513e-13 1.48675e-13
2 79 1 1  0.000974578 0.00773722 0.0168715 0.0151153 0.00225144
2 79 2 1  4.14106e-12 4.62872e-12 6.32205e-12 1.7443e-14 0
2 79 3 1  1.70898e-15 2.54938e-15 5.5313e-15 1.29645e-14 3.09684e-14
2 79 4 1  1.3306e-15 5.04219e-15 1.11168e-14 1.41092e-14 3.90951e-14
2 79 5 1  0.864311 6.89207 7.25014 3.3528e-05 1.56994e-10
2 79 6 1  3.55116e-20 3.89575e-20 5.53885e-20 5.17147e-20 8.66299e-25
2 79 7 1  82.5607 358.87 503.834 425.495 260.353
2 79 8 1  1.80392e-14 3.73295e-14 5.08272e-14 3.6878e-14 1.2012e-14
2 79 9 1  1.46015 5.4495 8.28287 7.79373 8.92321
2 79 10 1  3.92131e-14 6.39263e-14 1.11019e-13 1.2759e-13 1.63427e-13
2 80 1 1  0.000757693 0.00596728 0.0132975 0.0120228 0.00132461
2 80 2 1  4.0205e-12 4.35072e-12 6.07174e-12 1.77037e-14 0
2 80 3 1  1.59608e-15 2.2851e-15 4.69406e-15 1.04115e-14 3.30963e-14
2 80 4 1  1.3306e-15 5.04222e-15 1.11168e-14 1.41093e-14 3.90932e-14
2 80 5 1  0.724998 5.99176 5.13461 2.36213e-05 1.10291e-10
2 80 6 1  2.21784e-20 2.49343e-20 3.38572e-20 3.31526e-20 5.87637e-21
2 80 7 1  82.2139 357.004 502.789 423.992 259.406
2 80 8 1  1.75681e-14 3.50086e-14 4.77456e-14 3.59731e-14 1.21642e-14
2 80 9 1  1.46014 5.44947 8.28281 7.79362 8.9223
2 80 10 1  4.07321e-14 6.3924e-14 1.07759e-13 1.28755e-13 1.80639e-13
2 81 1 1  0.000526491 0.00452108 0.0103401 0.00935537 0.000898104
2 81 2 1  3.32008e-12 3.92019e-12 5.75379e-12 1.62551e-14 0
2 81 3 1  1.25238e-15 1.79711e-15 3.80408e-15 9.19424e-15 3.06262e-14
2 81 4 1  1.33061e-15 5.04225e-15 1.11169e-14 1.41094e-14 3.90918e-14
2 81 5 1  0.515086 4.88869 4.13924 1.66418e-05 7.74818e-11
2 81 6 1  1.40814e-20 1.43716e-20 2.09685e-20 2.15262e-20 6.15464e-21
2 81 7 1  79.5447 353.488 501.027 422.626 258.477
2 81 8 1  1.44174e-14 3.12622e-14 4.48159e-14 3.41707e-14 1.18095e-14
2 81 9 1  1.46014 5.44945 8.28277 7.79355 8.92167
2 81 10 1  3.43404e-14 5.71308e-14 1.0513e-13 1.29041e-13 1.82295e-13
2 82 1 1  0.000418293 0.00331994 0.00783386 0.00741244 0.000836189
2 82 2 1  3.42612e-12 3.62772e-12 5.21794e-12 1.48004e-14 0
2 82 3 1  1.23889e-15 1.79144e-15 3.55331e-15 7.95123e-15 2.34276e-14
2 82 4 1  1.33062e-15 5.04228e-15 1.1117e-14 1.41095e-14 3.90908e-14
2 82 5 1  0.453879 3.98105 3.77532 1.17246e-05 5.44325e-11
2 82 6 1  8.62843e-21 9.40155e-21 1.24469e-20 1.18967e-20 8.51031e-22
2 82 7 1  80.0557 348.866 497.402 421.064 257.567
2 82 8 1  1.49183e-14 2.90141e-14 3.97226e-14 3.11971e-14 1.09588e-14
2 82 9 1  1.46014 5.44944 8.28274 7.7935 8.92125
2 82 10 1  3.81758e-14 5.8486e-14 9.63741e-14 1.16829e-13 1.69006e-13
2 83 1 1  0.000326905 0.00257162 0.0059093 0.00581006 0.000516657
2 83 2 1  3.41396e-12 3.59054e-12 4.92341e-12 1.37091e-14 0
2 83 3 1  1.20032e-15 1.69778e-15 3.32548e-15 7.20866e-15 2.06955e-14
2 83 4 1  1.33063e-15 5.04232e-15 1.1117e-14 1.41096e-14 3.90901e-14
2 83 5 1  0.376347 3.46358 2.67374 8.26029e-06 3.82399e-11
2 83 6 1  5.66282e-21 5.89248e-21 7.91504e-21 7.71647e-21 1.17678e-22
2 83 7 1  80.8732 347.562 493.387 418.943 256.625
2 83 8 1  1.4951e-14 2.90694e-14 3.82354e-14 2.86248e-14 1.0067e-14
2 83 9 1  1.46014 5.44943 8.28272 7.79347 8.92097
2 83 10 1  3.96848e-14 6.14436e-14 1.01245e-13 1.16208e-13 1.60287e-13
2 84 1 1  0.000254854 0.00199672 0.00454135 0.00438188 0.000548451
2 84 2 1  3.32804e-12 3.54617e-12 4.79514e-12 1.30891e-14 0
2 84 3 1  1.0509e-15 1.55151e-15 3.21771e-15 6.93377e-15 1.71219e-14
2 84 4 1  1.33063e-15 5.04236e-15 1.11171e-14 1.41097e-14 3.90896e-14
2 84 5 1  0.299124 3.01739 1.8936 5.81963e-06 2.68644e-11
2 84 6 1  3.41249e-21 3.63299e-21 4.9362e-21 4.59003e-21 1.62722e-23
2 84 7 1  81.3995 348.206 490.71 416.539 255.592
2 84 8 1  1.45668e-14 2.87371e-14 3.79246e-14 2.76468e-14 9.31854e-15
2 84 9 1  1.46014 5.44943 8.2827 7.79344 8.92078
2 84 10 1  3.97994e-14 6.27109e-14 1.04963e-13 1.20027e-13 1.57607e-13
2 85 1 1  0.000198659 0.00155336 0.0035132 0.00334573 0.000471294
2 85 2 1  3.21402e-12 3.45599e-12 4.69631e-12 1.29187e-14 0
2 85 3 1  9.02892e-16 1.34302e-15 2.85584e-15 6.4685e-15 1.54365e-14
2 85 4 1  1.33064e-15 5.04239e-15 1.11172e-14 1.41098e-14 3.90893e-14
2 85 5 1  0.235382 2.55103 1.34109 4.10012e-06 1.88728e-11
2 85 6 1  2.01291e-21 2.18278e-21 3.00675e-21 2.82007e-21 2.25012e-24
2 85 7 1  81.6516 349.367 489.585 414.344 254.475
2 85 8 1  1.4061e-14 2.7936e-14 3.72409e-14 2.72064e-14 9.00142e-15
2 85 9 1  1.46014 5.44943 8.2827 7.79343 8.92065
2 85 10 1  3.95322e-14 6.27036e-14 1.06077e-13 1.2303e-13 1.62024e-13
2 86 1 1  0.000151617 0.00120385 0.00271635 0.00257086 0.000295235
2 86 2 1  2.98572e-12 3.29342e-12 4.57259e-12 1.32607e-14 0
2 86 3 1  7.43148e-16 1.09664e-15 2.38792e-15 5.39659e-15 1.65846e-14
2 86 4 1  1.33065e-15 5.04243e-15 1.11173e-14 1.41099e-14 3.90892e-14
2 86 5 1  0.18537 2.04133 0.949796 2.88867e-06 1.32586e-11
2 86 6 1  1.13489e-21 1.30859e-21 1.85763e-21 1.82051e-21 3.20686e-22
2 86 7 1  81.2235 349.961 489.487 412.663 253.336
2 86 8 1  1.30749e-14 2.65314e-14 3.60846e-14 2.67058e-14 8.99164e-15
2 86 9 1  1.46014 5.44942 8.28269 7.79342 8.92056
2 86 10 1  3.72862e-14 6.05695e-14 1.0549e-13 1.25639e-13 1.74604e-13
2 87 1 1  0.000111012 0.000920389 0.00209379 0.00199716 0.000132508
2 87 2 1  2.72604e-12 3.0418e-12 4.35545e-12 1.25208e-14 0
2 87 3 1  6.97838e-16 9.63133e-16 1.86446e-15 4.39811e-15 1.63511e-14
2 87 4 1  1.33065e-15 5.04246e-15 1.11174e-14 1.411e-14 3.90892e-14
2 87 5 1  0.13671 1.59347 0.672673 2.03517e-06 9.31447e-12
2 87 6 1  8.31022e-22 8.4273e-22 1.1342e-21 1.19294e-21 3.3863e-22
2 87 7 1  80.3835 349.134 489.476 411.521 252.25
2 87 8 1  1.20079e-14 2.45671e-14 3.40342e-14 2.57484e-14 8.87679e-15
2 87 9 1  1.46014 5.44942 8.28269 7.79341 8.9205
2 87 10 1  3.58818e-14 5.68935e-14 9.9931e-14 1.2375e-13 1.80646e-13
2 88 1 1  8.19252e-05 0.000680554 0.001598 0.00158908 8.02703e-05
2 88 2 1  2.61303e-12 2.85009e-12 4.06186e-12 1.14446e-14 0
2 88 3 1  6.16053e-16 8.98616e-16 1.83821e-15 3.92928e-15 1.2731e-14
2 88 4 1  1.33066e-15 5.04249e-15 1.11175e-14 1.41101e-14 3.90892e-14
2 88 5 1  0.102452 1.27838 0.476407 1.43385e-06 6.54364e-12
2 88 6 1  4.74176e-22 5.17076e-22 7.22755e-22 7.08244e-22 4.6827e-23
2 88 7 1  80.2397 347.594 488.772 410.681 251.267
2 88 8 1  1.15135e-14 2.30722e-14 3.15841e-14 2.41036e-14 8.35145e-15
2 88 9 1  1.46014 5.44942 8.28268 7.79341 8.92046
2 88 10 1  3.54311e-14 5.61944e-14 9.61511e-14 1.1562e-13 1.66494e-13
2 89 1 1  6.57376e-05 0.000514631 0.0012008 0.00120113 0.000106177
2 89 2 1  2.79139e-12 2.84096e-12 3.84218e-12 1.04908e-14 0
2 89 3 1  6.48009e-16 9.08325e-16 1.72462e-15 3.74978e-15 9.98327e-15
2 89 4 1  1.33066e-15 5.04251e-15 1.11175e-14 1.41102e-14 3.90894e-14
2 89 5 1  0.0814896 0.985185 0.465772 1.0102e-06 4.59707e-12
2 89 6 1  3.29089e-22 3.33107e-22 4.34024e-22 4.15275e-22 6.47545e-24
2 89 7 1  82.0334 347.987 487.714 409.864 250.39
2 89 8 1  1.24038e-14 2.33563e-14 3.0201e-14 2.25214e-14 7.74869e-15
2 89 9 1  1.46014 5.44942 8.28268 7.79341 8.92043
2 89 10 1  4.01611e-14 6.03659e-14 9.67127e-14 1.11819e-13 1.5426e-13
2 90 1 1  5.44569e-05 0.000407717 0.00091924 0.000893672 0.000140918
2 90 2 1  2.95416e-12 2.9821e-12 3.82662e-12 1.00117e-14 0
2 90 3 1  6.05104e-16 8.93058e-16 1.79752e-15 3.89498e-15 7.09414e-15
2 90 4 1  1.33067e-15 5.04253e-15 1.11176e-14 1.41103e-14 3.90895e-14
2 90 5 1  0.0752263 0.710637 0.699363 7.11727e-07 3.22956e-12
2 90 6 1  2.11331e-22 2.15863e-22 2.76642e-22 2.3056e-22 8.95459e-25
2 90 7 1  84.0288 351.844 488.055 409.121 249.596
2 90 8 1  1.31706e-14 2.47702e-14 3.10723e-14 2.19691e-14 7.19877e-15
2 90 9 1  1.46014 5.44942 8.28268 7.7934 8.92042
2 90 10 1  4.35089e-14 6.64937e-14 1.05862e-13 1.15673e-13 1.4539e-13
2 91 1 1  4.45753e-05 0.000331003 0.000725012 0.000677897 0.000134118
2 91 2 1  3.00106e-12 3.10098e-12 3.94677e-12 1.03899e-14 0
2 91 3 1  4.9245e-16 7.64613e-16 1.68504e-15 3.95427e-15 5.92402e-15
2 91 4 1  1.33067e-15 5.04255e-15 1.11176e-14 1.41104e-14 3.90897e-14
2 91 5 1  0.0764451 0.566335 0.758229 5.01439e-07 2.26885e-12
2 91 6 1  1.2433e-22 1.33687e-22 1.75595e-22 1.40998e-22 1.23829e-25
2 91 7 1  85.1823 357.176 490.812 408.935 248.898
2 91 8 1  1.33846e-14 2.57369e-14 3.26697e-14 2.26391e-14 7.09106e-15
2 91 9 1  1.46014 5.44942 8.28268 7.7934 8.9204
2 91 10 1  4.4514e-14 6.99677e-14 1.1458e-13 1.25841e-13 1.52205e-13
2 92 1 1  3.53594e-05 0.000268091 0.00057953 0.000528745 8.82799e-05
2 92 2 1  2.92984e-12 3.1123e-12 4.06653e-12 1.13029e-14 0
2 92 3 1  4.2782e-16 6.3382e-16 1.36851e-15 3.29711e-15 7.49654e-15
2 92 4 1  1.33067e-15 5.04255e-15 1.11177e-14 1.41104e-14 3.90899e-14
2 92 5 1  0.0672746 0.522723 0.537003 3.53284e-07 1.59392e-12
2 92 6 1  7.36287e-23 8.24026e-23 1.11754e-22 9.90548e-23 1.01841e-23
2 92 7 1  85.3148 361.543 495.31 409.736 248.369
2 92 8 1  1.3116e-14 2.57796e-14 3.36083e-14 2.36577e-14 7.46396e-15
2 92 9 1  1.46014 5.44942 8.28268 7.7934 8.9204
2 92 10 1  4.41594e-14 7.04026e-14 1.18867e-13 1.36268e-13 1.75258e-13
2 93 1 1  2.53764e-05 0.000209509 0.000461499 0.00042017 3.9622e-05
2 93 2 1  2.54027e-12 2.90536e-12 4.06472e-12 1.1769e-14 0
2 93 3 1  3.46189e-16 5.00633e-16 1.07174e-15 2.53515e-15 8.74752e-15
2 93 4 1  1.33066e-15 5.04254e-15 1.11177e-14 1.41105e-14 3.909e-14
2 93 5 1  0.0518738 0.445214 0.380322 2.48902e-07 1.11977e-12
2 93 6 1  4.4118e-23 4.89601e-23 7.02753e-23 7.03454e-23 2.04116e-23
2 93 7 1  83.1834 362.423 499.908 411.532 248.106
2 93 8 1  1.13778e-14 2.39052e-14 3.31408e-14 2.42109e-14 7.92553e-15
2 93 9 1  1.46014 5.44942 8.28268 7.7934 8.92039
2 93 10 1  3.84562e-14 6.38802e-14 1.15997e-13 1.41852e-13 1.98504e-13
2 94 1 1  1.91739e-05 0.000157212 0.000358326 0.000333182 1.77832e-05
2 94 2 1  2.54417e-12 2.71008e-12 3.831e-12 1.11616e-14 0
2 94 3 1  3.67164e-16 5.00404e-16 9.27307e-16 2.00569e-15 8.05163e-15
2 94 4 1  1.33066e-15 5.04253e-15 1.11177e-14 1.41105e-14 3.90902e-14
2 94 5 1  0.0414265 0.371312 0.269356 1.75361e-07 7.86668e-13
2 94 6 1  3.34494e-23 3.46213e-23 4.42593e-23 4.46457e-23 1.41183e-23
2 94 7 1  82.979 360.277 502.269 413.799 248.164
2 94 8 1  1.15358e-14 2.25478e-14 3.05963e-14 2.33383e-14 8.02466e-15
2 94 9 1  1.46014 5.44942 8.28268 7.7934 8.92039
2 94 10 1  4.16724e-14 6.37446e-14 1.0687e-13 1.32567e-13 2.00882e-13
2 95 1 1  1.40187e-05 0.000117221 0.000272994 0.000263111 7.9815e-06
2 95 2 1  2.35016e-12 2.58861e-12 3.64053e-12 1.0544e-14 0
2 95 3 1  3.00706e-16 4.36469e-16 9.1512e-16 1.87011e-15 6.89176e-15
2 95 4 1  1.33066e-15 5.04251e-15 1.11176e-14 1.41105e-14 3.90903e-14
2 95 5 1  0.0315319 0.307392 0.190765 1.23548e-07 5.52654e-13
2 95 6 1  1.99035e-23 2.19762e-23 3.05335e-23 2.95044e-23 7.63501e-24
2 95 7 1  81.9667 358.069 502.61 415.754 248.497
2 95 8 1  1.06924e-14 2.16684e-14 2.94198e-14 2.20409e-14 7.69188e-15
2 95 9 1  1.46014 5.44942 8.28268 7.7934 8.92038
2 95 10 1  3.84761e-14 6.2422e-14 1.08906e-13 1.29657e-13 1.89412e-13
2 96 1 1  1.02504e-05 8.63973e-05 0.000204754 0.000204049 3.58227e-06
2 96 2 1  2.19031e-12 2.416e-12 3.4407e-12 9.94302e-15 0
2 96 3 1  2.6309e-16 3.74608e-16 7.66379e-16 1.69255e-15 6.15848e-15
2 96 4 1  1.33065e-15 5.0425e-15 1.11176e-14 1.41105e-14 3.90904e-14
2 96 5 1  0.0237007 0.249109 0.135105 8.70439e-08 3.88253e-13
2 96 6 1  1.29699e-23 1.38402e-23 1.90456e-23 1.95848e-23 3.90867e-24
2 96 7 1  81.034 354.954 501.39 417.025 248.983
2 96 8 1  1.00176e-14 2.02877e-14 2.78513e-14 2.10421e-14 7.33105e-15
2 96 9 1  1.46014 5.44942 8.28268 7.7934 8.92038
2 96 10 1  3.6818e-14 5.89029e-14 1.03355e-13 1.27103e-13 1.86217e-13
2 97 1 1  7.59759e-06 6.34653e-05 0.000151924 0.00015707 1.6078e-06
2 97 2 1  2.0919e-12 2.27695e-12 3.22821e-12 9.30612e-15 0
2 97 3 1  2.35045e-16 3.36218e-16 6.84124e-16 1.47998e-15 5.32855e-15
2 97 4 1  1.33065e-15 5.04249e-15 1.11176e-14 1.41104e-14 3.90904e-14
2 97 5 1  0.0180185 0.200155 0.0956851 6.13255e-08 2.72757e-13
2 97 6 1  7.6967e-24 8.44676e-24 1.19379e-23 1.26368e-23 5.40501e-25
2 97 7 1  80.5748 351.804 498.878 417.433 249.491
2 97 8 1  9.62005e-15 1.92352e-14 2.6188e-14 1.98546e-14 6.94255e-15
2 97 9 1  1.46014 5.44942 8.28268 7.7934 8.92038
2 97 10 1  3.60782e-14 5.73374e-14 9.89905e-14 1.20559e-13 1.77908e-13
2 98 1 1  5.83113e-06 4.73463e-05 0.000112298 0.000118273 7.21616e-07
2 98 2 1  2.09777e-12 2.21263e-12 3.05789e-12 8.86013e-15 0
2 98 3 1  2.25859e-16 3.17273e-16 6.24149e-16 1.3002e-15 4.77947e-15
2 98 4 1  1.33065e-15 5.04249e-15 1.11176e-14 1.41104e-14 3.90904e-14
2 98 5 1  0.014197 0.158041 0.0677668 4.3206e-08 1.91618e-13
2 98 6 1  5.00492e-24 5.43531e-24 7.39276e-24 7.77159e-24 9.95968e-25
2 98 7 1  81.0808 349.939 495.804 416.968 249.902
2 98 8 1  9.74805e-15 1.8932e-14 2.50775e-14 1.87781e-14 6.58098e-15
2 98 9 1  1.46014 5.44942 8.28268 7.7934 8.92038
2 98 10 1  3.75052e-14 5.83877e-14 9.78578e-14 1.16931e-13 1.72069e-13
2 99 1 1  4.22208e-06 3.54869e-05 8.37042e-05 8.7665e-05 3.23877e-07
2 99 2 1  1.88013e-12 2.10423e-12 2.95547e-12 8.59935e-15 0
2 99 3 1  1.78372e-16 2.58895e-16 5.53139e-16 1.18808e-15 4.42579e-15
2 99 4 1  1.33066e-15 5.04249e-15 1.11176e-14 1.41104e-14 3.90904e-14
2 99 5 1  0.0104681 0.122851 0.0479944 3.04402e-08 1.34617e-13
2 99 6 1  3.1007e-24 3.40111e-24 4.7653e-24 4.83729e-24 1.5521e-24
2 99 7 1  80.0187 348.671 493.233 415.869 250.13
2 99 8 1  8.76439e-15 1.80316e-14 2.46136e-14 1.81969e-14 6.30022e-15
2 99 9 1  1.46014 5.44942 8.28268 7.7934 8.92038
2 99 10 1  3.33919e-14 5.4895e-14 9.80057e-14 1.1841e-13 1.71417e-13
2 100 1 1  3.11691e-06 2.6166e-05 6.21775e-05 6.43131e-05 1.45363e-07
2 100 2 1  1.76905e-12 1.94903e-12 2.78964e-12 8.37672e-15 0
2 100 3 1  1.58447e-16 2.23036e-16 4.56989e-16 9.78703e-16 4.22416e-15
2 100 4 1  1.33066e-15 5.0425e-15 1.11176e-14 1.41104e-14 3.90904e-14
2 100 5 1  0.00794955 0.0932648 0.033991 2.14462e-08 9.45714e-14
2 100 6 1  2.04096e-24 2.26908e-24 3.08526e-24 3.10772e-24 1.40406e-24
2 100 7 1  79.4878 346.328 490.665 414.456 250.15
2 100 8 1  8.3176e-15 1.67788e-14 2.31031e-14 1.75429e-14 6.1553e-15
2 100 9 1  1.46014 5.44942 8.28268 7.7934 8.92038
2 100 10 1  3.242e-14 5.18405e-14 9.09981e-14 1.13907e-13 1.74806e-13
2 101 1 1  2.23189e-06 1.92363e-05 4.59858e-05 4.68707e-05 6.52422e-08
2 101 2 1  1.57561e-12 1.78417e-12 2.60503e-12 7.78126e-15 0
2 101 3 1  1.33257e-16 1.86401e-16 3.76316e-16 8.35583e-16 3.82116e-15
2 101 4 1  1.33066e-15 5.04252e-15 1.11176e-14 1.41104e-14 3.90904e-14
2 101 5 1  0.00574035 0.0699602 0.0240735 1.51097e-08 6.64388e-14
2 101 6 1  1.37848e-24 1.47117e-24 2.038e-24 2.11159e-24 1.05186e-24
2 101 7 1  78.2879 343.488 487.785 412.78 249.969
2 101 8 1  7.46222e-15 1.54498e-14 2.16046e-14 1.65478e-14 5.91726e-15
2 101 9 1  1.46014 5.44942 8.28268 7.7934 8.92038
2 101 10 1  2.93663e-14 4.76949e-14 8.5888e-14 1.08247e-13 1.69244e-13
2 102 1 1  1.59812e-06 1.38502e-05 3.3781e-05 3.51702e-05 2.92821e-08
2 102 2 1  1.43849e-12 1.61817e-12 2.38693e-12 7.02698e-15 0
2 102 3 1  1.13126e-16 1.61337e-16 3.31585e-16 7.21167e-16 3.11892e-15
2 102 4 1  1.33067e-15 5.04254e-15 1.11176e-14 1.41104e-14 3.90904e-14
2 102 5 1  0.00411754 0.053397 0.0170497 1.06453e-08 4.66749e-14
2 102 6 1  8.49752e-25 9.22582e-25 1.30042e-24 1.32894e-24 4.9973e-25
2 102 7 1  77.4529 339.885 484.259 410.817 249.597
2 102 8 1  6.83973e-15 1.4058e-14 1.97421e-14 1.53362e-14 5.50981e-15
2 102 9 1  1.46014 5.44942 8.28268 7.7934 8.92038
2 102 10 1  2.7271e-14 4.41105e-14 7.8769e-14 9.93985e-14 1.54822e-13
2 103 1 1  1.22929e-06 1.01053e-05 2.45675e-05 2.64507e-05 1.31425e-08
2 103 2 1  1.49142e-12 1.55476e-12 2.19101e-12 6.32717e-15 0
2 103 3 1  1.17059e-16 1.61736e-16 3.04722e-16 6.36461e-16 2.51312e-15
2 103 4 1  1.33068e-15 5.04257e-15 1.11177e-14 1.41104e-14 3.90904e-14
2 103 5 1  0.00316729 0.0409821 0.0120752 7.50007e-09 3.27903e-14
2 103 6 1  6.02738e-25 6.29066e-25 8.19651e-25 8.32363e-25 1.66489e-25
2 103 7 1  78.7882 337.986 480.274 408.478 249.033
2 103 8 1  7.17815e-15 1.37465e-14 1.82607e-14 1.40231e-14 5.04924e-15
2 103 9 1  1.46014 5.44942 8.28268 7.7934 8.92038
2 103 10 1  2.97739e-14 4.54441e-14 7.51059e-14 9.11774e-14 1.39355e-13
2 104 1 1  9.7959e-07 7.69804e-06 1.81233e-05 1.94796e-05 7.52588e-07
2 104 2 1  1.62625e-12 1.61953e-12 2.11839e-12 5.72412e-15 0
2 104 3 1  1.2466e-16 1.72153e-16 3.17364e-16 6.46023e-16 1.8634e-15
2 104 4 1  1.33069e-15 5.0426e-15 1.11177e-14 1.41105e-14 3.90904e-14
2 104 5 1  0.00246574 0.0304418 0.0145122 5.28412e-09 2.30361e-14
2 104 6 1  4.27367e-25 4.24067e-25 5.43207e-25 5.07914e-25 2.30235e-26
2 104 7 1  81.4081 340.543 477.678 405.909 248.272
2 104 8 1  7.92107e-15 1.46487e-14 1.83279e-14 1.32543e-14 4.56814e-15
2 104 9 1  1.46014 5.44942 8.28268 7.7934 8.92038
2 104 10 1  3.38694e-14 5.05576e-14 7.98887e-14 9.01285e-14 1.24343e-13
2 105 1 1  8.13605e-07 6.06335e-06 1.37364e-05 1.4113e-05 1.36609e-06
2 105 2 1  1.70396e-12 1.72875e-12 2.17772e-12 5.98802e-15 0
2 105 3 1  1.02503e-16 1.56089e-16 3.34081e-16 6.69374e-16 1.59202e-15
2 105 4 1  1.33069e-15 5.04263e-15 1.11178e-14 1.41106e-14 3.90905e-14
2 105 5 1  0.00249595 0.0218507 0.0196967 3.72289e-09 1.61835e-14
2 105 6 1  2.51573e-25 2.83414e-25 3.6726e-25 3.08268e-25 3.88941e-26
2 105 7 1  83.4976 346.619 478.367 403.759 247.351
2 105 8 1  8.33878e-15 1.57358e-14 1.95762e-14 1.34966e-14 4.37635e-15
2 105 9 1  1.46014 5.44942 8.28268 7.7934 8.92038
2 105 10 1  3.49342e-14 5.49951e-14 8.93234e-14 9.77154e-14 1.25391e-13
2 106 1 1  5.88075e-07 4.80395e-06 1.06952e-05 1.07308e-05 6.13133e-07
2 106 2 1  1.51292e-12 1.68978e-12 2.26662e-12 6.33085e-15 0
2 106 3 1  8.17125e-17 1.18701e-16 2.55872e-16 6.07853e-16 1.79945e-15
2 106 4 1  1.33069e-15 5.04265e-15 1.11179e-14 1.41107e-14 3.90907e-14
2 106 5 1  0.00194216 0.0183155 0.01395 2.62294e-09 1.13693e-14
2 106 6 1  1.56573e-25 1.67015e-25 2.37252e-25 2.3412e-25 4.02027e-26
2 106 7 1  82.4224 351.533 482.222 402.813 246.398
2 106 8 1  7.42897e-15 1.52903e-14 2.049e-14 1.43575e-14 4.56607e-15
2 106 9 1  1.46014 5.44942 8.28268 7.7934 8.92038
2 106 10 1  3.08413e-14 5.07545e-14 9.10359e-14 1.08358e-13 1.43521e-13
2 107 1 1  4.43358e-07 3.61156e-06 8.28885e-06 8.40255e-06 2.75188e-07
2 107 2 1  1.53941e-12 1.62139e-12 2.21463e-12 6.23102e-15 0
2 107 3 1  8.07982e-17 1.14152e-16 2.23718e-16 5.02787e-16 1.6137e-15
2 107 4 1  1.33069e-15 5.04266e-15 1.11179e-14 1.41107e-14 3.90908e-14
2 107 5 1  0.0015564 0.0154247 0.00987999 1.84798e-09 7.98728e-15
2 107 6 1  9.89552e-26 1.06039e-25 1.44231e-25 1.46751e-25 5.55964e-27
2 107 7 1  82.8125 353.289 486.365 403.284 245.596
2 107 8 1  7.61634e-15 1.47623e-14 1.96319e-14 1.44764e-14 4.73206e-15
2 107 9 1  1.46014 5.44942 8.28268 7.7934 8.92038
2 107 10 1  3.3047e-14 5.09476e-14 8.52271e-14 1.03419e-13 1.47564e-13
2 108 1 1  3.26933e-07 2.70451e-06 6.31343e-06 6.43005e-06 2.66078e-07
2 108 2 1  1.4807e-12 1.59044e-12 2.16501e-12 5.99584e-15 0
2 108 3 1  6.97483e-17 1.01607e-16 2.10528e-16 4.5934e-16 1.36922e-15
2 108 4 1  1.33069e-15 5.04266e-15 1.11179e-14 1.41108e-14 3.9091e-14
2 108 5 1  0.00118788 0.0128569 0.00699742 1.30198e-09 5.61129e-15
2 108 6 1  5.83565e-26 6.26221e-26 8.8785e-26 8.98125e-26 7.68843e-28
2 108 7 1  82.5795 354.522 489.801 404.636 245.074
2 108 8 1  7.35636e-15 1.45695e-14 1.93198e-14 1.41217e-14 4.69833e-15
2 108 9 1  1.46014 5.44942 8.28268 7.7934 8.92038
2 108 10 1  3.18301e-14 5.07729e-14 8.68599e-14 1.01815e-13 1.41243e-13
2 109 1 1  2.69592e-07 2.06503e-06 4.76719e-06 4.76717e-06 4.5778e-07
2 109 2 1  1.65286e-12 1.63656e-12 2.12499e-12 5.76031e-15 0
2 109 3 1  7.53915e-17 1.0559e-16 1.98615e-16 4.28901e-16 1.11287e-15
2 109 4 1  1.33069e-15 5.04265e-15 1.11179e-14 1.41108e-14 3.90911e-14
2 109 5 1  0.000981026 0.0107532 0.00495585 9.17302e-10 3.94209e-15
2 109 6 1  4.13653e-26 4.20988e-26 5.34893e-26 5.09249e-26 1.06323e-28
2 109 7 1  84.6141 356.522 492.476 406.391 244.865
2 109 8 1  8.30569e-15 1.52684e-14 1.91706e-14 1.38341e-14 4.57097e-15
2 109 9 1  1.46014 5.44942 8.28268 7.7934 8.92038
2 109 10 1  3.74624e-14 5.57412e-14 8.78435e-14 1.00599e-13 1.3639e-13
2 110 1 1  2.21419e-07 1.65682e-06 3.6815e-06 3.55872e-06 5.01667e-07
2 110 2 1  1.75016e-12 1.75629e-12 2.19436e-12 5.82415e-15 0
2 110 3 1  6.92052e-17 1.01626e-16 2.05381e-16 4.2661e-16 9.3074e-16
2 110 4 1  1.33068e-15 5.04264e-15 1.11179e-14 1.41108e-14 3.90913e-14
2 110 5 1  0.000791054 0.00900512 0.00350992 6.46278e-10 2.76942e-15
2 110 6 1  2.65223e-26 2.7733e-26 3.56017e-26 3.07234e-26 1.47033e-29
2 110 7 1  86.1321 361.166 495.865 408.331 244.937
2 110 8 1  8.86416e-15 1.65842e-14 2.04826e-14 1.40814e-14 4.48958e-15
2 110 9 1  1.46014 5.44942 8.28268 7.7934 8.92038
2 110 10 1  3.98335e-14 6.13812e-14 9.83538e-14 1.07221e-13 1.35438e-13
2 111 1 1  1.78253e-07 1.34084e-06 2.9132e-06 2.72955e-06 3.68222e-07
2 111 2 1  1.78548e-12 1.83709e-12 2.31499e-12 6.37468e-15 0
2 111 3 1  5.96779e-17 8.84372e-17 1.87779e-16 4.0311e-16 9.76096e-16
2 111 4 1  1.33068e-15 5.04262e-15 1.11179e-14 1.41108e-14 3.90914e-14
2 111 5 1  0.000635871 0.00728836 0.00248585 4.5533e-10 1.94559e-15
2 111 6 1  1.6224e-26 1.79847e-26 2.37116e-26 2.07805e-26 2.13416e-27
2 111 7 1  86.6919 365.911 500.607 410.692 245.262
2 111 8 1  9.11087e-15 1.74181e-14 2.19512e-14 1.50218e-14 4.68768e-15
2 111 9 1  1.46014 5.44942 8.28268 7.7934 8.92038
2 111 10 1  4.07076e-14 6.41206e-14 1.06021e-13 1.18889e-13 1.51693e-13
2 112 1 1  1.30235e-07 1.05844e-06 2.32259e-06 2.17383e-06 1.65266e-07
2 112 2 1  1.64665e-12 1.80003e-12 2.39788e-12 6.67953e-15 0
2 112 3 1  5.11674e-17 7.32528e-17 1.51888e-16 3.51888e-16 1.05694e-15
2 112 4 1  1.33067e-15 5.04258e-15 1.11178e-14 1.41108e-14 3.90914e-14
2 112 5 1  0.000462178 0.00571689 0.00176056 3.20798e-10 1.36683e-15
2 112 6 1  1.05293e-26 1.10997e-26 1.5299e-26 1.49952e-26 2.32623e-27
2 112 7 1  85.1736 367.975 505.723 413.632 245.852
2 112 8 1  8.44796e-15 1.70556e-14 2.26727e-14 1.59621e-14 5.03732e-15
2 112 9 1  1.46014 5.44942 8.28268 7.7934 8.92038
2 112 10 1  3.78568e-14 6.10644e-14 1.07098e-13 1.27248e-13 1.70843e-13
2 113 1 1  9.63071e-08 7.93929e-07 1.81804e-06 1.73834e-06 1.07037e-07
2 113 2 1  1.62185e-12 1.72955e-12 2.35665e-12 6.53958e-15 0
2 113 3 1  4.70346e-17 6.76438e-17 1.36736e-16 3.06201e-16 9.13631e-16
2 113 4 1  1.33066e-15 5.04255e-15 1.11178e-14 1.41107e-14 3.90914e-14
2 113 5 1  0.000342762 0.00451377 0.00124688 2.26014e-10 9.60233e-16
2 113 6 1  6.35403e-27 6.80204e-27 9.43138e-27 9.33733e-27 3.2168e-28
2 113 7 1  84.2846 366.652 509.117 416.871 246.716
2 113 8 1  8.35834e-15 1.64468e-14 2.19677e-14 1.60974e-14 5.22021e-15
2 113 9 1  1.46014 5.44942 8.28268 7.7934 8.92038
2 113 10 1  3.83652e-14 6.02075e-14 1.02411e-13 1.23133e-13 1.72067e-13
2 114 1 1  7.72849e-08 6.03249e-07 1.38952e-06 1.33153e-06 1.44674e-07
2 114 2 1  1.76231e-12 1.76478e-12 2.30635e-12 6.17782e-15 0
2 114 3 1  4.94138e-17 6.93691e-17 1.31483e-16 2.89252e-16 7.09942e-16
2 114 4 1  1.33065e-15 5.04251e-15 1.11177e-14 1.41106e-14 3.90914e-14
2 114 5 1  0.000267524 0.00338155 0.00153573 1.59235e-10 6.74587e-16
2 114 6 1  4.39771e-27 4.41706e-27 5.7172e-27 5.34041e-27 4.44825e-29
2 114 7 1  85.161 365.582 510.307 419.753 247.805
2 114 8 1  9.17075e-15 1.70709e-14 2.16518e-14 1.56927e-14 5.15203e-15
2 114 9 1  1.46014 5.44942 8.28268 7.7934 8.92038
2 114 10 1  4.34932e-14 6.52801e-14 1.0411e-13 1.1932e-13 1.61722e-13
2 115 1 1  6.47042e-08 4.79264e-07 1.07138e-06 1.01465e-06 1.58407e-07
2 115 2 1  1.89554e-12 1.88946e-12 2.35999e-12 6.2748e-15 0
2 115 3 1  4.40795e-17 6.60737e-17 1.36092e-16 2.88747e-16 5.71448e-16
2 115 4 1  1.33064e-15 5.04247e-15 1.11176e-14 1.41105e-14 3.90913e-14
2 115 5 1  0.000270162 0.00247981 0.0021172 1.12186e-10 4.73913e-16
2 115 6 1  2.75191e-27 2.93201e-27 3.72612e-27 3.11707e-27 6.15107e-30
2 115 7 1  86.2695 366.877 510.959 421.941 249.003
2 115 8 1  9.92072e-15 1.84752e-14 2.28293e-14 1.58158e-14 5.04999e-15
2 115 9 1  1.46014 5.44942 8.28268 7.7934 8.92038
2 115 10 1  4.66802e-14 7.20132e-14 1.14959e-13 1.25357e-13 1.58323e-13
2 116 1 1  4.93653e-08 3.849e-07 8.43409e-07 7.80025e-07 1.03545e-07
2 116 2 1  1.75866e-12 1.9072e-12 2.47982e-12 7.00146e-15 0
2 116 3 1  3.35998e-17 5.06947e-17 1.14535e-16 2.57358e-16 6.86783e-16
2 116 4 1  1.33063e-15 5.04243e-15 1.11175e-14 1.41104e-14 3.90911e-14
2 116 5 1  0.000224652 0.0020858 0.00149944 7.90386e-11 3.32935e-16
2 116 6 1  1.50363e-27 1.74706e-27 2.46952e-27 2.255e-27 3.82623e-28
2 116 7 1  84.9077 367.806 512.271 423.667 250.201
2 116 8 1  9.22827e-15 1.85524e-14 2.42774e-14 1.68054e-14 5.30529e-15
2 116 9 1  1.46014 5.44942 8.28268 7.7934 8.92038
2 116 10 1  4.20595e-14 6.94769e-14 1.21732e-13 1.40395e-13 1.82473e-13
2 117 1 1  3.56559e-08 2.9663e-07 6.6234e-07 6.084e-07 4.64731e-08
2 117 2 1  1.58707e-12 1.77416e-12 2.47339e-12 7.15421e-15 0
2 117 3 1  3.005e-17 4.18788e-17 8.36775e-17 2.00602e-16 7.60366e-16
2 117 4 1  1.33063e-15 5.0424e-15 1.11174e-14 1.41103e-14 3.90909e-14
2 117 5 1  0.000170413 0.00167612 0.00106193 5.5685e-11 2.33894e-16
2 117 6 1  1.04715e-27 1.10027e-27 1.51289e-27 1.5813e-27 5.24464e-28
2 117 7 1  82.6356 364.959 512.822 425.166 251.355
2 117 8 1  8.38176e-15 1.7231e-14 2.37312e-14 1.73897e-14 5.68925e-15
2 117 9 1  1.46014 5.44942 8.28268 7.7934 8.92038
2 117 10 1  3.8948e-14 6.28653e-14 1.1293e-13 1.41884e-13 2.05723e-13
2 118 1 1  2.61746e-08 2.19309e-07 5.1014e-07 4.83727e-07 2.79025e-08
2 118 2 1  1.54606e-12 1.66476e-12 2.34223e-12 6.63769e-15 0
2 118 3 1  2.83573e-17 3.99369e-17 7.82284e-17 1.69869e-16 6.20608e-16
2 118 4 1  1.33062e-15 5.04237e-15 1.11173e-14 1.41102e-14 3.90907e-14
2 118 5 1  0.000128811 0.00137826 0.000752076 3.92317e-11 1.64316e-16
2 118 6 1  6.72328e-28 7.06457e-28 9.62515e-28 9.67343e-28 1.66682e-28
2 118 7 1  81.5028 359.876 510.951 426.118 252.435
2 118 8 1  8.21209e-15 1.62796e-14 2.21418e-14 1.67558e-14 5.68655e-15
2 118 9 1  1.46014 5.44942 8.28268 7.7934 8.92038
2 118 10 1  3.92433e-14 6.15028e-14 1.05395e-13 1.2974e-13 1.93572e-13
2 119 1 1  2.03587e-08 1.63305e-07 3.83509e-07 3.75352e-07 2.25598e-08
2 119 2 1  1.57282e-12 1.64202e-12 2.23395e-12 6.3911e-15 0
2 119 3 1  2.58807e-17 3.73407e-17 7.58307e-17 1.55272e-16 5.22953e-16
2 119 4 1  1.33062e-15 5.04236e-15 1.11173e-14 1.41101e-14 3.90905e-14
2 119 5 1  0.00010306 0.00111697 0.000532632 2.76399e-11 1.15435e-16
2 119 6 1  4.10486e-28 4.54889e-28 6.14964e-28 5.94262e-28 9.28299e-29
2 119 7 1  81.526 355.792 507.12 426.051 253.362
2 119 8 1  8.41283e-15 1.62343e-14 2.13131e-14 1.58597e-14 5.46907e-15
2 119 9 1  1.46014 5.44942 8.28268 7.7934 8.92038
2 119 10 1  4.02589e-14 6.31979e-14 1.05694e-13 1.2455e-13 1.80563e-13
2 120 1 1  1.48272e-08 1.23568e-07 2.87866e-07 2.84199e-07 1.01253e-08
2 120 2 1  1.40843e-12 1.57234e-12 2.18585e-12 6.43872e-15 0
2 120 3 1  2.01344e-17 2.91973e-17 6.33213e-17 1.37773e-16 5.26031e-16
2 120 4 1  1.33063e-15 5.04235e-15 1.11172e-14 1.411e-14 3.90902e-14
2 120 5 1  7.74493e-05 0.000865213 0.000377218 1.94731e-11 8.10956e-17
2 120 6 1  2.51238e-28 2.82063e-28 3.98242e-28 4.00347e-28 1.51143e-28
2 120 7 1  79.9661 352.356 502.886 424.924 254.029
2 120 8 1  7.56378e-15 1.55513e-14 2.11481e-14 1.55266e-14 5.34694e-15
2 120 9 1  1.46014 5.44942 8.28268 7.7934 8.92038
2 120 10 1  3.53432e-14 5.85401e-14 1.05429e-13 1.2818e-13 1.86299e-13
2 121 1 1  1.06689e-08 9.11874e-08 2.16156e-07 2.11341e-07 1.17342e-08
2 121 2 1  1.3149e-12 1.44911e-12 2.07207e-12 5.8424e-15 0
2 121 3 1  1.90882e-17 2.61649e-17 5.00603e-17 1.19958e-16 4.47155e-16
2 121 4 1  1.33063e-15 5.04236e-15 1.11172e-14 1.411e-14 3.909e-14
2 121 5 1  5.51931e-05 0.000649243 0.000354162 1.37193e-11 5.69714e-17
2 121 6 1  1.82211e-28 1.79419e-28 2.44262e-28 2.50863e-28 8.85209e-29
2 121 7 1  78.8236 347.768 498.115 422.993 254.366
2 121 8 1  7.10745e-15 1.4388e-14 1.98641e-14 1.50334e-14 5.16837e-15
2 121 9 1  1.46014 5.44942 8.28268 7.7934 8.92038
2 121 10 1  3.44812e-14 5.41933e-14 9.54858e-14 1.20672e-13 1.8033e-13
2 122 1 1  8.78146e-09 6.79025e-08 1.6094e-07 1.58356e-07 2.16337e-08
2 122 2 1  1.46727e-12 1.46077e-12 1.95152e-12 5.20831e-15 0
2 122 3 1  1.98451e-17 2.84639e-17 5.38893e-17 1.16244e-16 2.85011e-16
2 122 4 1  1.33064e-15 5.04238e-15 1.11172e-14 1.41099e-14 3.90898e-14
2 122 5 1  5.04912e-05 0.000471829 0.000492446 9.6657e-12 4.00236e-17
2 122 6 1  1.17322e-28 1.1995e-28 1.52725e-28 1.31063e-28 1.22405e-29
2 122 7 1  80.6046 345.322 492.845 420.337 254.345
2 122 8 1  7.96387e-15 1.47336e-14 1.88348e-14 1.40417e-14 4.76274e-15
2 122 9 1  1.46014 5.44942 8.28268 7.7934 8.92038
2 122 10 1  3.98768e-14 5.96609e-14 9.4284e-14 1.08837e-13 1.5222e-13
2 123 1 1  7.58606e-09 5.48383e-08 1.22439e-07 1.18538e-07 2.22366e-08
2 123 2 1  1.62491e-12 1.59294e-12 1.97591e-12 5.18373e-15 0
2 123 3 1  1.81213e-17 2.71621e-17 5.56713e-17 1.20377e-16 2.11965e-16
2 123 4 1  1.33064e-15 5.0424e-15 1.11173e-14 1.411e-14 3.90896e-14
2 123 5 1  5.33081e-05 0.000383616 0.000513099 6.80979e-12 2.81175e-17
2 123 6 1  7.52318e-29 7.86548e-29 9.89331e-29 7.87368e-29 1.69261e-30
2 123 7 1  83.0395 347.949 489.382 417.242 253.956
2 123 8 1  8.86981e-15 1.62721e-14 1.98386e-14 1.37856e-14 4.47948e-15
2 123 9 1  1.46014 5.44942 8.28268 7.7934 8.92038
2 123 10 1  4.39366e-14 6.70587e-14 1.05467e-13 1.13671e-13 1.42541e-13
3 1 1 1  1.65622e-19 2.26851e-11 6.00033e-11 2.02535e-11 1.2874e-12
3 1 2 1  1.80383e-16 0.00314894 20.3225 3110.57 837.36
3 1 3 1  1.19713e-14 7.41506e-05 0.0611925 0.102288 0.190872
3 1 4 1  2.73968e-22 3.31941e-12 2.45705e-13 2.79782e-15 4.76931e-12
3 1 5 1  2.18851e-21 1.53916e-10 7.2553e-10 9.23344e-11 2.19634e-10
3 1 6 1  7.11525e-25 7.96826e-15 1.40201e-09 3.33344e-10 3.13848e-11
3 1 7 1  6.07475e-50 1.84928e-10 2.34182e-11 1.75495e-10 8.09633e-12
3 1 8 1  1.41174e-23 2.98749e-11 6.62802e-11 8.53695e-12 8.76496e-13
3 1 9 1  3.09921e-18 3.06429e-12 1.20442e-11 4.42113e-11 6.92505e-12
3 1 10 1  4.77463e-25 1.49637e-14 4.72296e-11 3.60969e-11 4.27107e-12
3 2 1 1  1.2119e-19 3.74062e-11 2.91484e-11 2.10085e-11 5.21169e-12
3 2 2 1  1.39059e-10 0.00697127 11.6116 3170.89 0.00312461
3 2 3 1  3.65456e-15 6.20226e-05 0.260594 0.0851757 0.0691908
3 2 4 1  1.6977e-22 6.97025e-12 2.29221e-12 3.97955e-13 3.04817e-12
3 2 5 1  2.9498e-21 3.548e-10 4.10536e-10 2.404e-10 1.28909e-10
3 2 6 1  7.51009e-25 1.12997e-14 4.5593e-10 3.66909e-11 3.33252e-12
3 2 7 1  7.01302e-16 9.82944e-11 5.15142e-11 1.11998e-10 2.21227e-11
3 2 8 1  8.86565e-24 2.65388e-11 4.49827e-11 1.43569e-11 1.07384e-12
3 2 9 1  3.03425e-18 6.71193e-12 5.53717e-12 1.73318e-11 1.44799e-11
3 2 10 1  4.00346e-25 1.06871e-14 7.88418e-11 3.65512e-11 7.16419e-12
3 3 1 1  1.89614e-19 5.7857e-11 4.13332e-11 2.82577e-11 1.13299e-11
3 3 2 1  1.69712e-10 0.0182744 43.0499 6309.74 8.43225e-08
3 3 3 1  1.53968e-15 4.04355e-05 0.406031 0.197171 0.0466889
3 3 4 1  2.01642e-22 1.12266e-11 6.27708e-12 2.28202e-12 4.17676e-12
3 3 5 1  4.44622e-21 6.84597e-10 7.10019e-10 5.57102e-10 1.4237e-10
3 3 6 1  1.84469e-24 2.76791e-14 7.43638e-10 7.74488e-12 6.74194e-13
3 3 7 1  1.42975e-15 1.39694e-10 9.54572e-11 1.43788e-10 4.8738e-11
3 3 8 1  1.43128e-23 3.75336e-11 6.0513e-11 2.11594e-11 1.97742e-12
3 3 9 1  2.27755e-17 3.02888e-11 1.02708e-11 1.38415e-11 2.22832e-11
3 3 10 1  4.73562e-25 1.42557e-14 1.16676e-10 6.24566e-11 1.39958e-11
3 4 1 1  5.60981e-20 1.29797e-11 6.7145e-12 3.88678e-12 1.79393e-12
3 4 2 1  1.34423e-11 0.00224163 9.10179 4227.46 5.62568e-15
3 4 3 1  5.8357e-15 3.74691e-05 0.0603538 0.0453449 0.00316335
3 4 4 1  2.61267e-23 1.62207e-12 1.15767e-12 6.06643e-13 7.47015e-13
3 4 5 1  3.38341e-22 8.86891e-11 1.26371e-10 1.15573e-10 1.67264e-11
3 4 6 1  2.41311e-25 4.30598e-15 1.58949e-10 1.63176e-13 1.34573e-14
3 4 7 1  2.75759e-16 2.39938e-11 1.70145e-11 2.0377e-11 9.38025e-12
3 4 8 1  2.42508e-24 6.27407e-12 9.37186e-12 3.01761e-12 2.91477e-13
3 4 9 1  2.674e-18 8.16896e-12 4.07035e-12 1.90988e-12 2.98046e-12
3 4 10 1  1.36235e-25 2.89351e-15 1.73893e-11 9.11462e-12 2.249e-12
3 5 1 1  1.73694e-20 5.05572e-12 2.82165e-12 1.26245e-12 5.25192e-13
3 5 2 1  2.31585e-12 0.000408449 2.37188 2316.83 1.27908e-16
3 5 3 1  6.10324e-15 4.62249e-05 0.0739226 0.0176111 0.000416439
3 5 4 1  6.91197e-24 4.37743e-13 3.51266e-13 2.27091e-13 2.84192e-13
3 5 5 1  6.30815e-23 1.58843e-11 3.25462e-11 4.50539e-11 3.8963e-12
3 5 6 1  1.83737e-25 2.46611e-15 5.6196e-11 6.77298e-15 5.30811e-16
3 5 7 1  1.04896e-16 8.60008e-12 5.9466e-12 5.93796e-12 3.28965e-12
3 5 8 1  8.85888e-25 2.16655e-12 2.99574e-12 8.86865e-13 8.01579e-14
3 5 9 1  6.36746e-19 2.24337e-12 1.63466e-12 8.39939e-13 8.32145e-13
3 5 10 1  2.72942e-26 8.95588e-16 6.88698e-12 3.05245e-12 6.11407e-13
3 6 1 1  1.28555e-20 5.0534e-12 3.56814e-12 1.69269e-12 5.89874e-13
3 6 2 1  1.5746e-12 0.000254594 1.79557 2764.41 3.26035e-17
3 6 3 1  1.4351e-15 3.72147e-05 0.19792 0.120588 0.000194927
3 6 4 1  6.94294e-24 4.33129e-13 3.63878e-13 2.65046e-13 3.83616e-13
3 6 5 1  1.16826e-22 1.63121e-11 2.83158e-11 5.16048e-11 3.34121e-12
3 6 6 1  9.7953e-26 2.21332e-15 9.91679e-11 9.86616e-16 7.29826e-17
3 6 7 1  1.40847e-16 1.16005e-11 7.77473e-12 6.64436e-12 4.08965e-12
3 6 8 1  9.59019e-25 2.61495e-12 3.81139e-12 1.06535e-12 8.80149e-14
3 6 9 1  5.65266e-19 2.06667e-12 1.75914e-12 1.12918e-12 9.68461e-13
3 6 10 1  1.94061e-26 6.82918e-16 6.48953e-12 3.68891e-12 8.08796e-13
3 7 1 1  7.66841e-21 2.84852e-12 2.32428e-12 1.36164e-12 4.76799e-13
3 7 2 1  1.12268e-12 0.000129532 0.801289 1589.98 4.94706e-18
3 7 3 1  3.30715e-15 2.68336e-05 0.108663 0.176826 6.21937e-05
3 7 4 1  4.38927e-24 2.7268e-13 2.36636e-13 1.85085e-13 3.16886e-13
3 7 5 1  1.43752e-22 1.77688e-11 1.92314e-11 3.23586e-11 1.75977e-12
3 7 6 1  8.57148e-26 1.42487e-15 5.87529e-11 9.55484e-17 6.78969e-18
3 7 7 1  1.11074e-16 9.51598e-12 6.34775e-12 4.78639e-12 3.08519e-12
3 7 8 1  5.80463e-25 1.73472e-12 2.93382e-12 9.40639e-13 8.20905e-14
3 7 9 1  7.15029e-19 1.60572e-12 1.16512e-12 8.48476e-13 7.78063e-13
3 7 10 1  1.33182e-26 3.74615e-16 3.37344e-12 2.34096e-12 7.08939e-13
3 8 1 1  2.80733e-18 7.02382e-10 4.60517e-10 2.96836e-10 1.15234e-10
3 8 2 1  1.00035e-09 0.063495 149.404 6511.08 2.63828e-18
3 8 3 1  1.62762e-13 0.00387195 26.2492 53.4645 0.00641387
3 8 4 1  9.04223e-22 5.46652e-11 4.79289e-11 3.92112e-11 7.87093e-11
3 8 5 1  5.63604e-20 6.59574e-09 5.58139e-09 6.11573e-09 2.93582e-10
3 8 6 1  1.71386e-23 3.22095e-13 1.34358e-08 5.50907e-10 2.08894e-16
3 8 7 1  2.84874e-14 2.43701e-09 1.64151e-09 1.13459e-09 7.34656e-10
3 8 8 1  1.40161e-22 3.72521e-10 6.13602e-10 2.18839e-10 2.213e-11
3 8 9 1  1.24166e-16 4.1486e-10 2.99175e-10 1.97499e-10 1.9219e-10
3 8 10 1  4.26814e-24 9.99281e-14 6.82602e-10 4.18293e-10 1.4438e-10
3 9 1 1  1.47619e-19 5.19972e-11 3.39231e-11 1.86044e-11 7.12745e-12
3 9 2 1  9.19317e-11 0.0079031 18.5485 3198.41 7.04243e-106
3 9 3 1  3.81479e-14 0.000304202 1.1015 4.16154 0.000190745
3 9 4 1  5.83549e-23 3.37272e-12 2.89062e-12 2.39967e-12 5.54697e-12
3 9 5 1  2.19865e-21 5.25483e-10 5.62101e-10 3.07821e-10 1.48928e-11
3 9 6 1  2.02208e-24 3.20503e-14 1.03367e-09 9.12821e-11 1.83413e-18
3 9 7 1  2.16853e-15 1.89073e-10 1.28415e-10 8.38232e-11 5.31484e-11
3 9 8 1  9.50332e-24 2.57068e-11 4.04385e-11 1.36362e-11 1.45082e-12
3 9 9 1  6.80003e-18 2.43376e-11 2.04167e-11 1.41331e-11 1.37166e-11
3 9 10 1  1.81826e-25 6.08004e-15 5.26779e-11 2.87477e-11 8.33666e-12
3 10 1 1  5.48379e-20 1.22115e-11 6.06474e-12 3.09096e-12 1.12144e-12
3 10 2 1  2.85054e-11 0.00218178 5.13056 2246.21 1.39374e-112
3 10 3 1  4.16744e-15 4.97431e-05 0.237067 0.652263 1.45732e-05
3 10 4 1  9.65319e-24 5.39543e-13 4.49501e-13 3.7026e-13 9.57696e-13
3 10 5 1  2.80264e-22 6.95895e-11 1.09731e-10 5.13389e-11 1.89433e-12
3 10 6 1  1.99758e-25 4.17805e-15 2.16884e-10 1.28162e-11 4.12274e-20
3 10 7 1  4.10002e-16 3.62563e-11 2.48262e-11 1.55996e-11 9.54529e-12
3 10 8 1  1.61663e-24 4.39864e-12 6.98133e-12 2.31903e-12 2.38626e-13
3 10 9 1  9.60994e-19 3.46045e-12 3.13096e-12 2.3903e-12 2.44288e-12
3 10 10 1  2.4792e-26 7.54756e-16 7.06722e-12 4.69349e-12 1.43023e-12
3 11 1 1  2.97743e-20 1.05963e-11 6.20117e-12 2.51512e-12 8.04716e-13
3 11 2 1  1.08327e-11 0.00170731 6.15185 3726.96 5.12603e-114
3 11 3 1  1.181e-15 2.21938e-05 0.166633 0.427447 4.85029e-06
3 11 4 1  7.40035e-24 3.94514e-13 3.14815e-13 2.53363e-13 7.09522e-13
3 11 5 1  2.31768e-22 4.23962e-11 7.45844e-11 5.62874e-11 1.09231e-12
3 11 6 1  4.02522e-25 5.57083e-15 1.50191e-10 1.34858e-12 4.08961e-21
3 11 7 1  3.57261e-16 3.13102e-11 2.14625e-11 1.31367e-11 7.70481e-12
3 11 8 1  1.37533e-24 3.49266e-12 5.11248e-12 1.61054e-12 1.57043e-13
3 11 9 1  2.45985e-18 3.91194e-12 2.12955e-12 1.60907e-12 1.80128e-12
3 11 10 1  7.46368e-26 1.31585e-15 5.49641e-12 2.56438e-12 7.68275e-13
3 12 1 1  5.21008e-20 1.29269e-11 6.81987e-12 2.98681e-12 8.60707e-13
3 12 2 1  1.56968e-11 0.0014973 6.16038 5106.76 3.23771e-115
3 12 3 1  3.52079e-15 2.87445e-05 0.125969 0.376873 2.22353e-06
3 12 4 1  7.80699e-24 4.08889e-13 3.1518e-13 2.44253e-13 7.14736e-13
3 12 5 1  2.67531e-22 4.4159e-11 6.86087e-11 6.86336e-11 8.53226e-13
3 12 6 1  2.84309e-25 5.56826e-15 2.345e-10 1.89916e-13 5.3851e-22
3 12 7 1  4.08819e-16 3.65619e-11 2.50056e-11 1.49902e-11 8.414e-12
3 12 8 1  1.45767e-24 3.91642e-12 5.90641e-12 1.78523e-12 1.61294e-13
3 12 9 1  1.94467e-18 6.12717e-12 3.474e-12 1.75256e-12 1.78312e-12
3 12 10 1  8.19001e-26 2.12679e-15 1.32954e-11 4.92015e-12 8.54097e-13
3 13 1 1  5.89422e-20 1.87263e-11 1.05684e-11 4.18108e-12 1.11825e-12
3 13 2 1  2.0048e-11 0.00213401 8.20126 6023.08 1.60197e-116
3 13 3 1  1.37779e-15 2.81826e-05 0.183561 0.443822 1.314e-06
3 13 4 1  1.08539e-23 5.45207e-13 4.06342e-13 3.05553e-13 9.04261e-13
3 13 5 1  3.97627e-22 6.47871e-11 8.95328e-11 9.67811e-11 8.62666e-13
3 13 6 1  3.16459e-25 5.9968e-15 2.80389e-10 3.59879e-14 9.61742e-23
3 13 7 1  5.95751e-16 5.43025e-11 3.73509e-11 2.20358e-11 1.18456e-11
3 13 8 1  2.30428e-24 5.62103e-12 7.80837e-12 2.31712e-12 2.08019e-13
3 13 9 1  2.04425e-18 7.04051e-12 5.29332e-12 2.92715e-12 2.35472e-12
3 13 10 1  6.68325e-26 2.32285e-15 1.98517e-11 9.38029e-12 1.7181e-12
3 14 1 1  3.38968e-17 9.80839e-09 5.32731e-09 2.10168e-09 5.00269e-10
3 14 2 1  1.12505e-08 1.29845 4765.43 10127.7 2.56659e-118
3 14 3 1  4.01987e-12 0.0317186 90.4833 245.533 0.000287227
3 14 4 1  8.34879e-20 1.2339e-09 2.90802e-10 1.6067e-10 4.66747e-10
3 14 5 1  3.48641e-19 4.76307e-08 5.7496e-08 5.31739e-08 3.84048e-10
3 14 6 1  1.63994e-22 3.26599e-12 1.4674e-07 7.08483e-09 6.25409e-21
3 14 7 1  3.91325e-13 3.52059e-08 2.40933e-08 1.40164e-08 7.22646e-09
3 14 8 1  1.44608e-21 3.62101e-09 4.67508e-09 1.17077e-09 9.29815e-11
3 14 9 1  9.7704e-16 3.21961e-09 2.56364e-09 1.65142e-09 1.29352e-09
3 14 10 1  4.41006e-23 1.15504e-12 8.73685e-09 4.62058e-09 1.00708e-09
3 15 1 1  1.20992e-19 3.99337e-11 2.18721e-11 8.05159e-12 1.72507e-12
3 15 2 1  2.01378e-11 0.0043826 21.9304 5207.06 0
3 15 3 1  1.15094e-14 0.000144994 0.67645 1.21997 4.93985e-07
3 15 4 1  3.03501e-22 1.2374e-11 4.43706e-12 1.25452e-12 1.92555e-12
3 15 5 1  1.68429e-21 2.83849e-10 3.10823e-10 2.21528e-10 1.29574e-12
3 15 6 1  2.1769e-24 2.91147e-14 7.37687e-10 4.24403e-11 3.21729e-24
3 15 7 1  1.90084e-15 1.72703e-10 1.17224e-10 6.71272e-11 3.32681e-11
3 15 8 1  6.0957e-24 1.63957e-11 2.26045e-11 5.64117e-12 4.06303e-13
3 15 9 1  4.6669e-18 1.2735e-11 9.43426e-12 6.44012e-12 5.42103e-12
3 15 10 1  1.55069e-25 4.61134e-15 3.65235e-11 1.81508e-11 3.96711e-12
3 16 1 1  9.12427e-18 3.93296e-09 2.78727e-09 1.1931e-09 2.73197e-10
3 16 2 1  9.30866e-10 0.274011 2145.57 5333.63 0
3 16 3 1  8.77758e-12 0.0633344 122.152 157.292 2.5603e-05
3 16 4 1  3.29142e-20 1.76752e-09 9.68854e-10 3.7974e-10 3.05101e-10
3 16 5 1  2.99873e-19 4.36034e-08 4.82669e-08 3.77247e-08 1.30278e-10
3 16 6 1  3.66465e-22 5.73029e-12 1.71195e-07 7.11835e-10 4.93604e-23
3 16 7 1  2.72458e-13 2.52915e-08 1.7505e-08 1.00306e-08 4.82666e-09
3 16 8 1  8.47963e-22 2.1748e-09 2.97357e-09 7.71049e-10 5.54525e-11
3 16 9 1  9.11061e-16 1.96903e-09 1.1853e-09 7.58594e-10 6.77059e-10
3 16 10 1  1.99147e-23 5.44766e-13 4.10349e-09 2.05581e-09 4.29785e-10
3 17 1 1  2.20822e-18 5.44004e-10 3.33346e-10 1.70246e-10 4.38455e-11
3 17 2 1  9.67408e-11 0.0221617 232.886 2700.32 0
3 17 3 1  2.90528e-13 0.00747668 44.554 57.8937 1.59741e-06
3 17 4 1  5.23084e-21 2.95237e-10 1.92402e-10 9.83916e-11 7.68773e-11
3 17 5 1  4.62723e-20 9.03838e-09 1.12228e-08 7.05498e-09 1.87272e-11
3 17 6 1  2.11709e-23 6.14705e-13 3.63416e-08 1.72319e-09 9.54464e-25
3 17 7 1  5.55167e-14 5.20178e-09 3.67752e-09 2.13307e-09 1.00814e-09
3 17 8 1  2.33294e-22 4.84833e-10 5.08073e-10 1.10672e-10 7.69688e-12
3 17 9 1  1.43662e-16 3.84007e-10 2.25371e-10 1.22422e-10 1.03789e-10
3 17 10 1  4.45191e-24 1.072e-13 6.57935e-10 2.69095e-10 4.92511e-11
3 18 1 1  2.24304e-18 6.70609e-10 3.29401e-10 1.27711e-10 3.12521e-11
3 18 2 1  6.77222e-09 0.350904 329.623 1486.55 0
3 18 3 1  2.70661e-13 0.00312156 25.6641 99.2254 6.07049e-07
3 18 4 1  4.77455e-21 2.86815e-10 2.07617e-10 1.24127e-10 1.1568e-10
3 18 5 1  5.67093e-20 1.02336e-08 1.42877e-08 5.72387e-09 1.51922e-11
3 18 6 1  3.20637e-23 5.58891e-13 2.48782e-08 3.39136e-09 9.99693e-26
3 18 7 1  6.18949e-14 5.98932e-09 4.27308e-09 2.49789e-09 1.16586e-09
3 18 8 1  2.34619e-22 6.31728e-10 8.24286e-10 1.75907e-10 1.02415e-11
3 18 9 1  2.39728e-16 5.13639e-10 2.70845e-10 1.37669e-10 1.01875e-10
3 18 10 1  6.99979e-24 1.61595e-13 9.60423e-10 3.98919e-10 7.61411e-11
3 19 1 1  1.30862e-17 5.65791e-09 3.72606e-09 1.44615e-09 3.17151e-10
3 19 2 1  1.56532e-07 11.2499 15286.3 7115.22 0
3 19 3 1  3.78448e-12 0.0346611 162.222 784.955 2.75873e-06
3 19 4 1  3.75666e-20 2.45039e-09 2.0226e-09 1.38608e-09 1.58514e-09
3 19 5 1  3.93249e-19 8.87332e-08 1.39484e-07 6.17137e-08 1.05699e-10
3 19 6 1  4.14105e-22 6.46274e-12 2.365e-07 1.90806e-08 1.37842e-25
3 19 7 1  5.69193e-13 5.75561e-08 4.21298e-08 2.49023e-08 1.15556e-08
3 19 8 1  2.4358e-21 6.39193e-09 9.94786e-09 2.98033e-09 2.23461e-10
3 19 9 1  1.9328e-15 6.05559e-09 3.82568e-09 1.85989e-09 1.19612e-09
3 19 10 1  6.61301e-23 1.75477e-12 1.29831e-08 6.51348e-09 1.48873e-09
3 20 1 1  6.69568e-18 1.64641e-09 9.52143e-10 4.48971e-10 1.11962e-10
3 20 2 1  5.11401e-08 5.128 11502 22840.3 0
3 20 3 1  1.66789e-12 0.0158508 53.8645 156.885 3.53008e-07
3 20 4 1  8.87327e-21 5.89208e-10 5.27017e-10 4.0422e-10 5.74009e-10
3 20 5 1  5.07742e-19 4.4803e-08 3.70771e-08 2.40934e-08 2.14098e-11
3 20 6 1  1.71199e-22 2.75068e-12 8.20409e-08 3.07649e-09 5.42798e-27
3 20 7 1  1.55722e-13 1.58881e-08 1.19805e-08 7.22634e-09 3.35965e-09
3 20 8 1  7.84271e-22 1.99752e-09 3.08717e-09 1.03062e-09 9.53664e-11
3 20 9 1  7.47469e-16 1.87435e-09 1.26079e-09 7.08956e-10 4.42548e-10
3 20 10 1  2.87302e-23 6.55302e-13 4.18744e-09 2.23669e-09 6.07211e-10
3 21 1 1  5.82963e-18 1.96003e-09 1.15578e-09 4.90833e-10 1.31729e-10
3 21 2 1  2.4955e-08 4.41025 16944.5 38251.4 0
3 21 3 1  2.34325e-12 0.0214943 78.4999 132.65 1.69581e-07
3 21 4 1  7.78116e-21 5.08316e-10 4.73454e-10 3.93822e-10 6.90766e-10
3 21 5 1  2.07723e-19 5.50554e-08 5.74968e-08 2.89628e-08 1.55723e-11
3 21 6 1  1.67908e-22 2.77638e-12 1.05635e-07 4.12117e-09 7.76611e-28
3 21 7 1  1.52472e-13 1.57071e-08 1.21731e-08 7.55576e-09 3.55572e-09
3 21 8 1  8.30948e-22 2.2015e-09 3.51006e-09 1.20876e-09 1.22348e-10
3 21 9 1  1.09527e-15 2.54282e-09 1.55138e-09 8.88017e-10 5.95311e-10
3 21 10 1  7.0294e-23 1.3596e-12 6.60681e-09 2.9303e-09 7.86811e-10
3 22 1 1  3.18833e-19 8.68532e-11 5.14966e-11 2.32459e-11 6.149e-12
3 22 2 1  8.85073e-10 0.125229 650.058 40423.3 0
3 22 3 1  3.11223e-14 0.00058824 3.94747 6.26355 3.34961e-09
3 22 4 1  2.91396e-22 1.82695e-11 1.70927e-11 1.49281e-11 3.18218e-11
3 22 5 1  1.13719e-20 1.68975e-09 2.44366e-09 1.65036e-09 4.65275e-13
3 22 6 1  6.89067e-24 1.27978e-13 4.70511e-09 2.80032e-10 4.52831e-30
3 22 7 1  6.27352e-15 6.38505e-10 5.03533e-10 3.21783e-10 1.54461e-10
3 22 8 1  4.41484e-23 1.0685e-10 1.59603e-10 5.53631e-11 5.91821e-12
3 22 9 1  7.47424e-17 1.59189e-10 8.71097e-11 4.63827e-11 3.1689e-11
3 22 10 1  2.08482e-24 6.48519e-14 4.94141e-10 2.24356e-10 4.98052e-11
3 23 1 1  1.6259e-18 4.26016e-10 2.06992e-10 8.08621e-11 1.85942e-11
3 23 2 1  8.35187e-09 0.651141 2242.96 34884.7 0
3 23 3 1  1.54479e-13 0.0014451 8.02907 37.4641 6.40968e-09
3 23 4 1  1.06986e-21 6.43289e-11 5.91788e-11 5.26876e-11 1.33264e-10
3 23 5 1  3.62937e-20 7.34271e-09 9.91192e-09 4.63767e-09 1.30977e-12
3 23 6 1  1.36966e-23 3.14973e-13 1.91713e-08 2.73197e-09 2.51259e-30
3 23 7 1  2.43892e-14 2.43363e-09 1.89913e-09 1.23111e-09 6.02846e-10
3 23 8 1  1.75392e-22 4.73069e-10 7.53948e-10 2.56716e-10 2.82662e-11
3 23 9 1  2.1408e-16 7.45026e-10 4.90643e-10 2.45985e-10 1.56756e-10
3 23 10 1  6.02413e-24 1.88824e-13 1.82442e-09 1.23983e-09 3.90992e-10
3 24 1 1  1.08015e-18 3.24903e-10 1.59455e-10 5.11863e-11 9.64981e-12
3 24 2 1  2.51231e-09 0.480909 2050.86 39102.8 0
3 24 3 1  1.33531e-13 0.00129442 5.06535 23.2522 2.178e-09
3 24 4 1  7.26274e-22 4.16764e-11 3.70257e-11 3.28352e-11 9.55624e-11
3 24 5 1  5.06387e-20 6.45179e-09 7.8062e-09 2.34595e-09 6.61449e-13
3 24 6 1  8.80661e-24 1.68677e-13 8.698e-09 1.3913e-09 2.5089e-31
3 24 7 1  1.73821e-14 1.67249e-09 1.25963e-09 8.09235e-10 4.01179e-10
3 24 8 1  1.07199e-22 3.16346e-10 5.4941e-10 1.97085e-10 2.18681e-11
3 24 9 1  2.57503e-16 5.75339e-10 3.75741e-10 2.16332e-10 1.36753e-10
3 24 10 1  4.36419e-24 1.17162e-13 1.00329e-09 7.31742e-10 2.89292e-10
3 25 1 1  2.38157e-17 1.0791e-08 6.54441e-09 2.15629e-09 3.47585e-10
3 25 2 1  1.4756e-07 16.9621 62657.7 32973 0
3 25 3 1  1.42163e-12 0.030438 215.491 858.138 4.01964e-08
3 25 4 1  2.93127e-20 1.6354e-09 1.39599e-09 1.20657e-09 3.90605e-09
3 25 5 1  1.26466e-18 2.98339e-07 3.90784e-07 6.9915e-08 1.96628e-11
3 25 6 1  5.52425e-22 9.51333e-12 3.42635e-07 4.18467e-08 1.42256e-30
3 25 7 1  7.51989e-13 6.92318e-08 4.99967e-08 3.14199e-08 1.56399e-08
3 25 8 1  3.95189e-21 1.1744e-08 2.13783e-08 8.21287e-09 9.53598e-10
3 25 9 1  7.91684e-15 2.71472e-08 1.85641e-08 1.0306e-08 6.83327e-09
3 25 10 1  2.12618e-22 5.41685e-12 4.07049e-08 2.60842e-08 1.03354e-08
3 26 1 1  1.17762e-16 5.64842e-08 4.40578e-08 1.88275e-08 3.38182e-09
3 26 2 1  8.45686e-07 136.318 112409 8224.13 0
3 26 3 1  8.5343e-11 0.619806 1161.63 3417.92 8.44068e-08
3 26 4 1  2.50997e-19 1.34027e-08 1.09549e-08 9.16287e-09 3.17724e-08
3 26 5 1  2.30468e-17 3.09499e-06 3.57504e-06 7.99124e-07 1.22852e-10
3 26 6 1  6.89768e-21 1.10073e-10 3.85912e-06 2.57294e-07 1.68235e-30
3 26 7 1  6.91376e-12 6.21925e-07 4.36221e-07 2.67552e-07 1.32817e-07
3 26 8 1  2.98331e-20 8.7445e-08 1.54949e-07 5.9914e-08 7.22569e-09
3 26 9 1  5.32304e-14 1.9247e-07 1.59445e-07 9.99579e-08 6.89268e-08
3 26 10 1  1.13451e-21 3.85584e-11 3.50726e-07 2.07723e-07 6.84484e-08
3 27 1 1  4.32454e-16 1.58892e-07 1.21471e-07 6.48162e-08 1.69097e-08
3 27 2 1  8.17471e-06 723.945 69705.2 241.458 0
3 27 3 1  1.0704e-10 2.47218 5376.06 1064.16 1.13285e-08
3 27 4 1  1.0967e-18 5.62874e-08 4.35453e-08 3.4681e-08 1.2411e-07
3 27 5 1  1.35278e-16 1.94579e-05 1.82065e-05 9.04011e-06 3.85868e-10
3 27 6 1  2.11974e-20 4.14017e-10 1.79405e-05 1.49151e-07 9.04352e-31
3 27 7 1  3.30798e-11 2.85961e-06 1.94623e-06 1.16422e-06 5.72345e-07
3 27 8 1  1.21619e-19 3.40599e-07 5.64018e-07 2.01819e-07 2.2396e-08
3 27 9 1  1.80412e-13 6.51637e-07 5.7379e-07 4.10834e-07 3.21724e-07
3 27 10 1  3.19052e-21 1.11473e-10 1.11347e-06 7.25757e-07 2.05009e-07
3 28 1 1  2.27245e-16 5.17983e-08 2.50681e-08 1.21051e-08 3.99592e-09
3 28 2 1  1.17003e-06 202.46 87376.4 350.063 0
3 28 3 1  9.09064e-12 0.255425 991.186 137.918 3.26958e-12
3 28 4 1  2.75004e-19 1.40486e-08 1.06516e-08 8.13114e-09 2.88877e-08
3 28 5 1  2.77218e-17 4.85968e-06 5.61575e-06 4.24993e-06 6.89468e-11
3 28 6 1  5.63065e-21 9.98102e-11 3.68074e-06 5.36649e-09 3.05587e-32
3 28 7 1  9.17903e-12 7.6797e-07 5.02851e-07 2.90537e-07 1.40001e-07
3 28 8 1  3.1166e-20 8.39423e-08 1.36964e-07 4.86736e-08 5.1258e-09
3 28 9 1  2.53076e-13 3.49095e-07 1.41555e-07 9.37346e-08 8.50139e-08
3 28 10 1  7.78903e-22 2.23952e-11 2.04395e-07 1.45543e-07 4.51804e-08
3 29 1 1  9.12887e-16 2.63349e-07 1.27351e-07 4.39397e-08 1.20577e-08
3 29 2 1  2.99529e-06 523.139 72892.1 171.598 0
3 29 3 1  4.53851e-10 3.40302 3284 399.852 3.55785e-13
3 29 4 1  9.76595e-19 5.0506e-08 3.87506e-08 2.90499e-08 1.00052e-07
3 29 5 1  7.152e-17 1.45653e-05 2.15145e-05 1.61495e-05 1.72613e-10
3 29 6 1  1.48453e-20 3.13332e-10 1.38703e-05 5.89487e-07 1.60219e-32
3 29 7 1  3.56747e-11 2.933e-06 1.85889e-06 1.03499e-06 4.85172e-07
3 29 8 1  1.21708e-19 3.20579e-07 5.33947e-07 2.00525e-07 2.24352e-08
3 29 9 1  6.25461e-13 2.08178e-06 1.11662e-06 4.4903e-07 3.3209e-07
3 29 10 1  4.55222e-21 1.04914e-10 7.19938e-07 4.84242e-07 1.8809e-07
3 30 1 1  1.70712e-16 6.39601e-08 3.82336e-08 1.34428e-08 2.81373e-09
3 30 2 1  1.20023e-06 124.234 52926 279.348 0
3 30 3 1  2.98652e-11 0.662584 2459.75 651.055 1.88233e-16
3 30 4 1  2.39474e-19 1.22925e-08 9.53985e-09 7.17921e-09 2.39467e-08
3 30 5 1  3.47577e-17 4.53074e-06 5.33613e-06 3.56936e-06 2.93044e-11
3 30 6 1  6.24875e-21 9.49661e-11 3.23913e-06 1.95124e-07 6.03385e-34
3 30 7 1  9.0459e-12 7.59352e-07 4.71397e-07 2.5197e-07 1.13773e-07
3 30 8 1  3.01863e-20 8.14445e-08 1.38998e-07 5.42712e-08 6.49768e-09
3 30 9 1  1.07975e-13 4.33849e-07 3.48959e-07 1.80831e-07 1.04122e-07
3 30 10 1  7.6751e-22 2.46882e-11 2.18651e-07 1.34525e-07 4.91292e-08
3 31 1 1  1.29277e-16 5.09227e-08 3.82222e-08 1.76035e-08 4.10148e-09
3 31 2 1  2.24484e-06 196.118 74944.6 554.346 0
3 31 3 1  1.00682e-11 0.240513 1648.75 895.421 1.83433e-17
3 31 4 1  2.40432e-19 1.19485e-08 9.08098e-09 6.81573e-09 2.21785e-08
3 31 5 1  1.64024e-17 4.0907e-06 5.59031e-06 4.46017e-06 2.02587e-11
3 31 6 1  4.52523e-21 9.0403e-11 3.70774e-06 2.85221e-08 8.40923e-35
3 31 7 1  9.43433e-12 8.042e-07 5.07226e-07 2.66573e-07 1.16072e-07
3 31 8 1  2.86941e-20 7.84314e-08 1.31224e-07 4.96566e-08 5.8739e-09
3 31 9 1  7.4901e-14 3.13387e-07 3.06918e-07 2.12065e-07 1.38223e-07
3 31 10 1  4.6816e-22 1.66649e-11 1.72509e-07 1.2237e-07 4.17459e-08
3 32 1 1  6.26873e-17 2.68415e-08 2.27581e-08 1.29843e-08 3.60035e-09
3 32 2 1  7.44301e-07 143.559 100451 1844.84 0
3 32 3 1  2.51906e-12 0.0538766 500.964 643.145 1.4083e-18
3 32 4 1  1.77965e-19 8.49515e-09 6.19478e-09 4.55047e-09 1.44062e-08
3 32 5 1  6.1278e-18 1.86928e-06 3.82427e-06 2.97516e-06 1.02278e-11
3 32 6 1  2.46224e-21 5.16502e-11 2.46937e-06 1.13572e-07 7.95108e-36
3 32 7 1  7.3549e-12 6.22835e-07 4.01458e-07 2.12292e-07 9.00278e-08
3 32 8 1  2.0268e-20 5.39838e-08 8.59878e-08 3.05124e-08 3.49676e-09
3 32 9 1  5.36261e-14 1.7132e-07 1.67006e-07 1.39435e-07 1.15995e-07
3 32 10 1  1.9466e-22 7.13605e-12 7.90429e-08 6.17764e-08 2.30677e-08
3 33 1 1  1.14965e-17 4.80538e-09 4.02148e-09 2.48479e-09 7.42931e-10
3 33 2 1  4.85633e-07 42.7798 50235.6 6376.84 0
3 33 3 1  6.73454e-13 0.00744109 49.9846 157.204 7.07214e-20
3 33 4 1  4.83363e-20 2.25213e-09 1.57906e-09 1.11869e-09 3.39041e-09
3 33 5 1  2.05885e-18 3.83207e-07 9.12051e-07 5.4326e-07 1.86621e-12
3 33 6 1  6.96952e-22 1.34514e-11 5.85077e-07 7.16185e-08 2.6545e-37
3 33 7 1  2.10273e-12 1.74192e-07 1.11488e-07 5.90629e-08 2.4544e-08
3 33 8 1  5.0254e-21 1.35857e-08 2.14403e-08 7.21263e-09 7.9295e-10
3 33 9 1  9.98757e-15 3.67946e-08 3.37126e-08 2.89293e-08 2.98979e-08
3 33 10 1  2.83481e-23 1.04793e-12 1.20682e-08 1.0151e-08 4.36489e-09
3 34 1 1  1.15039e-17 3.96252e-09 2.90021e-09 1.73048e-09 5.24426e-10
3 34 2 1  4.53911e-07 58.499 93917.4 15538.7 0
3 34 3 1  3.58757e-13 0.00499617 32.5026 140.504 2.5002e-20
3 34 4 1  5.517e-20 2.52835e-09 1.72173e-09 1.17724e-09 3.34913e-09
3 34 5 1  5.19316e-18 6.00495e-07 8.96025e-07 4.15784e-07 1.42454e-12
3 34 6 1  9.38053e-22 1.67723e-11 6.81871e-07 9.00795e-08 3.73134e-38
3 34 7 1  2.40409e-12 2.03552e-07 1.28796e-07 6.76131e-08 2.75906e-08
3 34 8 1  4.56458e-21 1.3188e-08 2.1658e-08 7.22739e-09 7.69436e-10
3 34 9 1  2.08757e-14 4.23622e-08 2.93471e-08 2.43108e-08 2.88632e-08
3 34 10 1  1.57203e-23 6.07722e-13 7.25794e-09 6.31768e-09 2.95481e-09
3 35 1 1  1.76582e-17 5.73164e-09 3.72227e-09 1.99249e-09 5.6098e-10
3 35 2 1  5.71553e-07 83.0396 122311 14503.5 0
3 35 3 1  5.55437e-12 0.0439166 81.1038 132.443 14.703
3 35 4 1  8.96439e-20 4.17769e-09 2.81981e-09 1.87217e-09 4.92234e-09
3 35 5 1  6.95542e-18 1.30933e-06 1.34772e-06 4.63692e-07 1.58536e-12
3 35 6 1  1.99767e-21 3.81998e-11 1.46842e-06 1.94089e-07 7.56121e-39
3 35 7 1  3.95089e-12 3.43668e-07 2.19855e-07 1.14999e-07 4.6222e-08
3 35 8 1  6.17121e-21 1.8007e-08 3.0937e-08 1.08447e-08 1.1794e-09
3 35 9 1  2.3689e-14 7.81311e-08 5.20409e-08 3.34314e-08 3.99833e-08
3 35 10 1  1.42196e-23 5.21281e-13 6.22206e-09 5.70206e-09 2.91011e-09
3 36 1 1  4.79323e-16 1.87487e-07 1.34012e-07 6.93571e-08 1.55124e-08
3 36 2 1  2.47632e-05 2562.07 142081 3801.61 0
3 36 3 1  1.0853e-09 8.33449 5546.84 590.95 61.7215
3 36 4 1  2.8764e-18 1.4089e-07 9.90033e-08 6.58297e-08 1.5999e-07
3 36 5 1  6.64983e-16 7.03127e-05 3.58698e-05 1.0445e-05 3.57437e-11
3 36 6 1  3.89763e-20 8.75253e-10 5.57897e-05 1.21395e-05 3.51448e-38
3 36 7 1  1.22086e-10 1.15759e-05 7.78539e-06 4.14708e-06 1.65787e-06
3 36 8 1  1.51565e-19 4.8533e-07 9.64958e-07 3.94224e-07 4.88915e-08
3 36 9 1  3.49668e-12 5.25203e-06 2.18273e-06 1.24782e-06 1.3361e-06
3 36 10 1  3.19095e-22 1.02887e-11 1.19216e-07 1.24239e-07 8.45197e-08
3 37 1 1  1.02856e-16 2.57866e-08 1.59372e-08 8.73815e-09 1.9058e-09
3 37 2 1  1.88335e-06 277.498 120233 429.176 0
3 37 3 1  2.2926e-11 0.472152 2155.79 1410.39 16.9248
3 37 4 1  3.32789e-19 1.66237e-08 1.21346e-08 8.31786e-09 1.92389e-08
3 37 5 1  1.21316e-16 1.41968e-05 5.45795e-06 8.56586e-07 2.93641e-12
3 37 6 1  3.54512e-21 7.5624e-11 4.48297e-06 1.1734e-06 6.27485e-40
3 37 7 1  1.33103e-11 1.35037e-06 9.71493e-07 5.37916e-07 2.16633e-07
3 37 8 1  1.6509e-20 4.74694e-08 9.31885e-08 4.29595e-08 6.17464e-09
3 37 9 1  2.76968e-13 9.28758e-07 5.25439e-07 2.18507e-07 1.72401e-07
3 37 10 1  3.02668e-23 8.96027e-13 9.11079e-09 8.95178e-09 6.88524e-09
3 38 1 1  1.80418e-17 7.10578e-09 4.39436e-09 2.00648e-09 3.95756e-10
3 38 2 1  2.89702e-07 51.346 66311.3 4802.59 0
3 38 3 1  4.26702e-12 0.0464009 246.537 638.103 61.6843
3 38 4 1  8.59618e-20 4.26268e-09 3.1162e-09 2.17985e-09 4.95567e-09
3 38 5 1  1.65785e-17 4.54506e-06 1.8518e-06 1.56113e-07 5.3503e-13
3 38 6 1  8.65688e-22 1.78322e-11 9.37089e-07 2.31603e-07 2.22225e-41
3 38 7 1  3.29533e-12 3.39031e-07 2.5576e-07 1.4794e-07 6.06572e-08
3 38 8 1  3.948e-21 1.10797e-08 1.96523e-08 8.35626e-09 1.25723e-09
3 38 9 1  4.93442e-14 1.9485e-07 1.57738e-07 8.50518e-08 5.30432e-08
3 38 10 1  5.11586e-24 1.6635e-13 1.68955e-09 1.40558e-09 9.24636e-10
3 39 1 1  1.07438e-16 5.6255e-08 4.63993e-08 2.30707e-08 3.83119e-09
3 39 2 1  2.80557e-06 385.17 79302.1 2392.59 0
3 39 3 1  1.56047e-10 1.27121 1994.76 1453.97 266.056
3 39 4 1  8.40331e-19 4.33524e-08 3.22841e-08 2.28497e-08 5.18693e-08
3 39 5 1  1.39481e-16 4.42539e-05 1.8198e-05 1.11902e-06 3.84025e-12
3 39 6 1  5.43031e-21 1.29771e-10 8.39426e-06 2.22888e-06 3.19732e-41
3 39 7 1  3.11812e-11 3.33894e-06 2.64247e-06 1.60969e-06 6.81791e-07
3 39 8 1  3.49237e-20 1.02754e-07 1.89001e-07 7.80369e-08 1.1404e-08
3 39 9 1  3.46793e-13 1.49812e-06 1.48066e-06 1.04663e-06 7.30907e-07
3 39 10 1  4.04495e-23 1.22453e-12 1.2397e-08 1.0817e-08 6.7965e-09
3 40 1 1  3.01735e-17 1.68688e-08 1.82658e-08 1.18402e-08 2.06772e-09
3 40 2 1  9.24829e-07 135.439 53294.3 124.844 0
3 40 3 1  6.27993e-11 0.618555 1709.63 1241.32 4.60211
3 40 4 1  3.32814e-19 1.81294e-08 1.41489e-08 1.02891e-08 2.3624e-08
3 40 5 1  3.29226e-17 1.68002e-05 7.06079e-06 3.36425e-07 1.15847e-12
3 40 6 1  5.72478e-21 9.65515e-11 3.37688e-06 7.6657e-07 2.10445e-42
3 40 7 1  1.25089e-11 1.36722e-06 1.1414e-06 7.38008e-07 3.27186e-07
3 40 8 1  1.53316e-20 4.19789e-08 7.76597e-08 3.4367e-08 5.17636e-09
3 40 9 1  1.02661e-13 4.72876e-07 5.40329e-07 4.71683e-07 4.15859e-07
3 40 10 1  1.34219e-23 4.03679e-13 4.09152e-09 3.71305e-09 2.56364e-09
3 41 1 1  1.04528e-17 4.14923e-09 4.64448e-09 3.88765e-09 9.02225e-10
3 41 2 1  9.06625e-07 67.1822 44484.9 1445.01 0
3 41 3 1  6.6368e-12 0.0971905 536.699 902.435 0.134452
3 41 4 1  9.49891e-20 5.35176e-09 4.39146e-09 3.3271e-09 7.89456e-09
3 41 5 1  1.01424e-17 3.61454e-06 2.72289e-06 7.27734e-08 2.51626e-13
3 41 6 1  2.00896e-21 3.77154e-11 1.62178e-06 2.72488e-07 1.02773e-43
3 41 7 1  3.58314e-12 3.99425e-07 3.48329e-07 2.39052e-07 1.11922e-07
3 41 8 1  5.03572e-21 1.35362e-08 2.46245e-08 1.11642e-08 1.75534e-09
3 41 9 1  2.25036e-14 1.06502e-07 1.33954e-07 1.37977e-07 1.5718e-07
3 41 10 1  5.44339e-24 1.33161e-13 1.07991e-09 9.45e-10 7.04151e-10
3 42 1 1  2.73569e-22 9.79016e-14 9.54076e-14 8.94364e-14 2.81197e-14
3 42 2 1  7.10614e-12 0.0014418 3.94326 1543.73 0
3 42 3 1  3.41933e-15 2.44294e-05 0.0309023 0.0262696 1.12178e-06
3 42 4 1  1.9023e-24 1.10934e-13 9.61347e-14 7.64977e-14 1.92279e-13
3 42 5 1  1.76616e-22 5.60858e-11 6.43479e-11 1.10205e-12 3.83017e-18
3 42 6 1  6.91953e-26 1.16716e-15 4.36795e-11 7.01606e-12 3.80096e-49
3 42 7 1  7.18496e-17 8.13031e-12 7.36819e-12 5.35669e-12 2.6654e-12
3 42 8 1  1.24211e-25 3.28822e-13 6.11125e-13 2.92991e-13 4.83998e-14
3 42 9 1  1.84286e-18 3.33711e-12 2.53293e-12 2.78053e-12 4.08086e-12
3 42 10 1  2.30806e-28 4.98529e-18 3.13393e-14 2.2314e-14 1.66139e-14
3 43 1 1  3.50356e-19 1.11095e-10 9.15449e-11 8.21363e-11 3.08022e-11
3 43 2 1  8.7894e-09 1.03012 4585.98 35744.3 0
3 43 3 1  9.53826e-13 0.0157855 92.8719 162.72 0.000609721
3 43 4 1  1.91474e-21 1.08717e-10 9.53348e-11 7.91686e-11 2.15151e-10
3 43 5 1  2.04853e-19 4.42898e-08 6.64699e-08 8.25969e-10 2.88109e-15
3 43 6 1  3.26027e-23 6.71589e-13 4.83391e-08 9.47821e-09 6.69043e-47
3 43 7 1  7.23654e-14 8.08611e-09 7.47808e-09 5.70369e-09 3.01626e-09
3 43 8 1  1.89244e-22 4.33333e-10 6.67155e-10 2.95734e-10 4.98355e-11
3 43 9 1  1.34082e-15 4.74464e-09 3.38913e-09 2.6598e-09 4.38397e-09
3 43 10 1  3.81721e-25 8.47001e-15 5.29689e-11 2.8988e-11 1.5174e-11
3 44 1 1  2.90652e-19 1.05865e-10 7.61774e-11 5.57088e-11 1.99551e-11
3 44 2 1  7.32326e-09 0.945168 4123.79 23739.9 0
3 44 3 1  5.09901e-13 0.00610084 41.8592 225.88 26.0052
3 44 4 1  1.84512e-21 9.86963e-11 8.24016e-11 6.85899e-11 2.02506e-10
3 44 5 1  1.88989e-19 3.92136e-08 5.44097e-08 5.77993e-10 2.01651e-15
3 44 6 1  1.66418e-23 2.86278e-13 2.1809e-08 7.68506e-09 9.03022e-48
3 44 7 1  6.87008e-14 7.50825e-09 6.89441e-09 5.42258e-09 3.03395e-09
3 44 8 1  1.75081e-22 4.732e-10 7.27448e-10 2.50043e-10 3.52689e-11
3 44 9 1  9.22595e-16 3.68608e-09 3.26822e-09 2.43872e-09 3.71141e-09
3 44 10 1  3.49168e-25 9.12645e-15 6.98939e-11 3.85904e-11 1.33295e-11
3 45 1 1  2.35205e-19 9.06497e-11 6.65924e-11 4.22591e-11 1.20737e-11
3 45 2 1  6.982e-09 0.879805 3832.98 22611.7 0
3 45 3 1  5.3544e-13 0.00523989 22.3969 136.451 68.2375
3 45 4 1  1.79572e-21 9.28268e-11 7.38879e-11 5.98254e-11 1.87715e-10
3 45 5 1  1.81271e-19 3.84939e-08 4.04683e-08 4.0489e-10 1.41214e-15
3 45 6 1  1.00029e-23 1.68353e-13 1.12012e-08 4.46066e-09 1.2238e-48
3 45 7 1  6.69602e-14 7.07046e-09 6.38486e-09 5.11464e-09 3.0132e-09
3 45 8 1  1.73964e-22 4.63541e-10 7.41367e-10 2.54719e-10 3.10372e-11
3 45 9 1  6.42332e-16 2.65327e-09 2.67003e-09 2.20423e-09 3.21324e-09
3 45 10 1  3.94822e-25 9.59915e-15 7.19294e-11 4.46222e-11 1.66894e-11
3 46 1 1  1.76803e-19 7.32936e-11 5.66253e-11 3.42699e-11 7.5975e-12
3 46 2 1  6.35913e-09 0.833919 3666.45 21349.5 0
3 46 3 1  4.69757e-13 0.00478632 20.3452 89.7694 66.3249
3 46 4 1  1.7607e-21 8.91758e-11 6.84954e-11 5.34278e-11 1.72382e-10
3 46 5 1  1.55119e-19 3.72696e-08 2.99718e-08 2.83898e-10 9.89402e-16
3 46 6 1  5.68738e-24 9.57096e-14 6.57938e-09 2.59004e-09 1.66442e-49
3 46 7 1  6.56627e-14 6.76649e-09 5.96324e-09 4.80519e-09 2.96026e-09
3 46 8 1  1.61192e-22 4.44209e-10 7.30602e-10 2.55936e-10 3.04594e-11
3 46 9 1  4.54519e-16 1.87714e-09 2.00861e-09 1.84129e-09 2.79337e-09
3 46 10 1  4.02778e-25 1.00802e-14 7.75852e-11 4.79637e-11 1.86205e-11
3 47 1 1  1.37568e-19 5.69353e-11 4.61931e-11 2.82173e-11 5.9829e-12
3 47 2 1  6.26901e-09 0.802635 3515.67 20000.4 0
3 47 3 1  4.11498e-13 0.00431905 18.877 79.1748 45.7705
3 47 4 1  1.73589e-21 8.67994e-11 6.50807e-11 4.90571e-11 1.57814e-10
3 47 5 1  1.36135e-19 3.22785e-08 2.63548e-08 1.9923e-10 6.93534e-16
3 47 6 1  3.42812e-24 5.64404e-14 3.73129e-09 1.37564e-09 2.27068e-50
3 47 7 1  6.60071e-14 6.57558e-09 5.63029e-09 4.51337e-09 2.88278e-09
3 47 8 1  1.59094e-22 4.26342e-10 6.96524e-10 2.49054e-10 2.97463e-11
3 47 9 1  3.2866e-16 1.3352e-09 1.4587e-09 1.44112e-09 2.38702e-09
3 47 10 1  4.41714e-25 1.08028e-14 8.11275e-11 5.01495e-11 1.93635e-11
3 48 1 1  1.14701e-19 4.52775e-11 3.68468e-11 2.31373e-11 5.39223e-12
3 48 2 1  6.74661e-09 0.824254 3453.91 18731.1 0
3 48 3 1  3.74117e-13 0.00398833 17.6324 78.182 25.2882
3 48 4 1  1.71833e-21 8.52038e-11 6.28838e-11 4.61616e-11 1.44771e-10
3 48 5 1  1.29369e-19 2.68471e-08 2.66783e-08 1.39919e-10 4.86342e-16
3 48 6 1  2.22969e-24 3.50094e-14 2.17828e-09 6.9366e-10 3.10602e-51
3 48 7 1  6.83679e-14 6.52424e-09 5.38741e-09 4.25205e-09 2.78869e-09
3 48 8 1  1.69769e-22 4.35556e-10 6.8047e-10 2.38894e-10 2.82579e-11
3 48 9 1  2.44319e-16 9.66361e-10 1.05045e-09 1.08272e-09 1.98764e-09
3 48 10 1  5.25271e-25 1.24493e-14 8.89609e-11 5.26335e-11 1.92968e-11
3 49 1 1  9.34204e-20 3.68482e-11 2.97639e-11 1.88695e-11 5.03316e-12
3 49 2 1  6.79286e-09 0.861018 3553.4 18780.1 0
3 49 3 1  2.72781e-13 0.00326839 16.444 77.5668 11.005
3 49 4 1  1.70591e-21 8.41108e-11 6.14407e-11 4.42609e-11 1.33556e-10
3 49 5 1  1.22768e-19 2.27738e-08 2.80276e-08 9.83279e-11 3.41171e-16
3 49 6 1  1.20184e-24 2.01915e-14 1.30133e-09 3.52013e-10 4.25825e-52
3 49 7 1  7.05487e-14 6.59823e-09 5.24216e-09 4.03097e-09 2.68561e-09
3 49 8 1  1.66604e-22 4.43344e-10 6.97146e-10 2.36887e-10 2.69036e-11
3 49 9 1  1.87799e-16 7.17719e-10 7.62829e-10 7.9729e-10 1.61333e-09
3 49 10 1  5.48827e-25 1.37264e-14 1.01901e-10 5.85736e-11 1.97992e-11
3 50 1 1  7.70438e-20 3.01568e-11 2.41883e-11 1.53191e-11 4.32393e-12
3 50 2 1  6.94916e-09 0.883522 3683.19 19667.7 0
3 50 3 1  2.06314e-13 0.00244764 12.9869 74.0394 4.82011
3 50 4 1  1.69714e-21 8.33532e-11 6.04739e-11 4.30091e-11 1.24175e-10
3 50 5 1  1.20203e-19 2.08828e-08 2.74543e-08 6.91376e-11 2.39405e-16
3 50 6 1  6.77986e-25 1.13663e-14 7.40853e-10 2.03054e-10 5.84879e-53
3 50 7 1  7.30686e-14 6.74184e-09 5.18582e-09 3.85748e-09 2.58057e-09
3 50 8 1  1.65818e-22 4.40392e-10 6.99933e-10 2.39807e-10 2.68074e-11
3 50 9 1  1.49923e-16 5.50714e-10 5.65289e-10 5.85082e-10 1.28217e-09
3 50 10 1  5.96196e-25 1.47525e-14 1.10094e-10 6.52088e-11 2.2174e-11
3 51 1 1  6.9129e-20 2.55356e-11 1.98122e-11 1.24096e-11 3.43662e-12
3 51 2 1  7.93e-09 0.950724 3835.73 20912.3 0
3 51 3 1  1.86997e-13 0.0020651 9.97516 63.2852 5.86222
3 51 4 1  1.69094e-21 8.28243e-11 5.9816e-11 4.21766e-11 1.16478e-10
3 51 5 1  1.2973e-19 2.07414e-08 2.53113e-08 4.86347e-11 1.68038e-16
3 51 6 1  4.53943e-25 7.40789e-15 4.41279e-10 1.26204e-10 8.04564e-54
3 51 7 1  7.74354e-14 6.96469e-09 5.20319e-09 3.73386e-09 2.47979e-09
3 51 8 1  1.85255e-22 4.64682e-10 7.06402e-10 2.40684e-10 2.72633e-11
3 51 9 1  1.24542e-16 4.387e-10 4.31312e-10 4.33693e-10 1.00358e-09
3 51 10 1  7.4878e-25 1.76266e-14 1.23079e-10 7.14511e-11 2.52305e-11
3 52 1 1  5.42553e-20 2.16521e-11 1.66931e-11 1.01218e-11 2.56384e-12
3 52 2 1  7.59447e-09 0.99508 4129.51 22801.7 0
3 52 3 1  1.55e-13 0.00171804 8.26373 48.2371 11.9278
3 52 4 1  1.68657e-21 8.24536e-11 5.93629e-11 4.16163e-11 1.10249e-10
3 52 5 1  1.17107e-19 2.13148e-08 2.21367e-08 3.42244e-11 1.17969e-16
3 52 6 1  2.54709e-25 4.37496e-15 2.86909e-10 8.80201e-11 1.10811e-54
3 52 7 1  7.92048e-14 7.23313e-09 5.29125e-09 3.65948e-09 2.38825e-09
3 52 8 1  1.71995e-22 4.69663e-10 7.45945e-10 2.49027e-10 2.79588e-11
3 52 9 1  1.07533e-16 3.6361e-10 3.41005e-10 3.2836e-10 7.78506e-10
3 52 10 1  7.45156e-25 1.89861e-14 1.44985e-10 8.46731e-11 2.94492e-11
3 53 1 1  4.54942e-20 1.77662e-11 1.3896e-11 8.3838e-12 1.94847e-12
3 53 2 1  8.25098e-09 1.02418 4291.01 24052.3 0
3 53 3 1  1.67025e-13 0.00171338 7.19167 36.9344 14.2233
3 53 4 1  1.68348e-21 8.21932e-11 5.90484e-11 4.1235e-11 1.05257e-10
3 53 5 1  1.13733e-19 2.10513e-08 1.94292e-08 2.40906e-11 8.28323e-17
3 53 6 1  1.75249e-25 2.84863e-15 1.74302e-10 5.71227e-11 1.52765e-55
3 53 7 1  8.2321e-14 7.48242e-09 5.42198e-09 3.63188e-09 2.30976e-09
3 53 8 1  1.82722e-22 4.71392e-10 7.40698e-10 2.55429e-10 2.90801e-11
3 53 9 1  9.61351e-17 3.13284e-10 2.80317e-10 2.56175e-10 6.02317e-10
3 53 10 1  9.11411e-25 2.16008e-14 1.55394e-10 9.38561e-11 3.46233e-11
3 54 1 1  3.51684e-20 1.44266e-11 1.14578e-11 7.07087e-12 1.29266e-12
3 54 2 1  7.74835e-09 1.03628 4472.44 25848.6 0
3 54 3 1  1.30629e-13 0.00145463 6.92494 30.1718 16.0107
3 54 4 1  1.6813e-21 8.20099e-11 5.88289e-11 4.09729e-11 1.01287e-10
3 54 5 1  1.01028e-19 2.0728e-08 1.61231e-08 1.69611e-11 5.81683e-17
3 54 6 1  9.57818e-26 1.71245e-15 1.14134e-10 3.8945e-11 2.1076e-56
3 54 7 1  8.30212e-14 7.71359e-09 5.57837e-09 3.64349e-09 2.2468e-09
3 54 8 1  1.66647e-22 4.61347e-10 7.50585e-10 2.58218e-10 2.99384e-11
3 54 9 1  8.8497e-17 2.79557e-10 2.39594e-10 2.07157e-10 4.67762e-10
3 54 10 1  8.88102e-25 2.28902e-14 1.77856e-10 1.06925e-10 3.97509e-11
3 55 1 1  2.69482e-20 1.13592e-11 9.25555e-12 5.94728e-12 8.02668e-13
3 55 2 1  7.7142e-09 1.00954 4489.76 25791.7 0
3 55 3 1  1.34172e-13 0.00135301 5.711 25.6654 15.8536
3 55 4 1  1.67976e-21 8.18808e-11 5.86752e-11 4.07916e-11 9.81486e-11
3 55 5 1  8.55105e-20 1.99293e-08 1.29505e-08 1.19436e-11 4.08523e-17
3 55 6 1  6.43163e-26 1.037e-15 6.82168e-11 2.57951e-11 2.90938e-57
3 55 7 1  8.39951e-14 7.87649e-09 5.73458e-09 3.68552e-09 2.20033e-09
3 55 8 1  1.62791e-22 4.38773e-10 7.20559e-10 2.56532e-10 3.04007e-11
3 55 9 1  8.33784e-17 2.56955e-10 2.12287e-10 1.74053e-10 3.66983e-10
3 55 10 1  9.9296e-25 2.41104e-14 1.82858e-10 1.15749e-10 4.51919e-11
3 56 1 1  2.38572e-20 9.1419e-12 7.38605e-12 4.75296e-12 8.83876e-13
3 56 2 1  9.06463e-09 1.07564 4477.48 24714.3 0
3 56 3 1  1.46603e-13 0.00150531 6.06234 26.0225 9.35219
3 56 4 1  1.67867e-21 8.17896e-11 5.85672e-11 4.06653e-11 9.56783e-11
3 56 5 1  8.65491e-20 1.72295e-08 1.355e-08 8.41149e-12 2.86932e-17
3 56 6 1  4.75375e-26 7.4149e-16 4.26476e-11 1.36225e-11 4.01791e-58
3 56 7 1  8.75911e-14 8.05517e-09 5.87721e-09 3.74658e-09 2.16995e-09
3 56 8 1  1.88555e-22 4.65534e-10 7.05955e-10 2.46616e-10 2.93033e-11
3 56 9 1  7.99483e-17 2.41808e-10 1.93982e-10 1.51769e-10 2.92664e-10
3 56 10 1  1.31609e-24 3.02136e-14 2.0584e-10 1.20073e-10 4.53455e-11
3 57 1 1  1.9285e-20 7.6307e-12 6.04789e-12 3.81927e-12 8.5216e-13
3 57 2 1  8.91296e-09 1.14758 4741.57 25627.5 0
3 57 3 1  1.04188e-13 0.00123992 6.2267 29.3391 4.17156
3 57 4 1  1.67789e-21 8.17251e-11 5.84912e-11 4.0577e-11 9.37416e-11
3 57 5 1  8.10163e-20 1.54598e-08 1.41659e-08 5.92447e-12 2.01542e-17
3 57 6 1  2.68624e-26 4.53247e-16 2.87017e-11 8.15222e-12 5.55058e-59
3 57 7 1  8.83917e-14 8.2615e-09 6.02562e-09 3.81894e-09 2.15405e-09
3 57 8 1  1.80829e-22 4.84428e-10 7.54198e-10 2.50158e-10 2.83592e-11
3 57 9 1  7.76497e-17 2.31659e-10 1.81714e-10 1.36796e-10 2.38538e-10
3 57 10 1  1.339e-24 3.37933e-14 2.52241e-10 1.428e-10 4.83979e-11
3 58 1 1  1.57783e-20 6.24805e-12 4.97449e-12 3.10347e-12 7.36868e-13
3 58 2 1  8.99933e-09 1.16033 4935.19 27191.2 0
3 58 3 1  8.01376e-14 0.000926346 4.84217 30.0816 1.86133
3 58 4 1  1.67733e-21 8.16793e-11 5.84375e-11 4.0515e-11 9.2228e-11
3 58 5 1  7.86427e-20 1.43873e-08 1.39116e-08 4.17308e-12 1.41569e-17
3 58 6 1  1.61459e-26 2.70642e-16 1.734e-11 5.2119e-12 7.66969e-60
3 58 7 1  8.87556e-14 8.40233e-09 6.17068e-09 3.90021e-09 2.15074e-09
3 58 8 1  1.78931e-22 4.77132e-10 7.61771e-10 2.59841e-10 2.90296e-11
3 58 9 1  7.61093e-17 2.24857e-10 1.73492e-10 1.26748e-10 1.99519e-10
3 58 10 1  1.47625e-24 3.63438e-14 2.71982e-10 1.63366e-10 5.7249e-11
3 59 1 1  1.32781e-20 5.16485e-12 4.07837e-12 2.53018e-12 5.99196e-13
3 59 2 1  9.44901e-09 1.18972 5045.26 28091 0
3 59 3 1  6.756e-14 0.000749622 3.69862 25.8803 2.47822
3 59 4 1  1.67693e-21 8.16466e-11 5.83994e-11 4.04714e-11 9.10483e-11
3 59 5 1  7.81528e-20 1.39782e-08 1.30222e-08 2.93959e-12 9.94459e-18
3 59 6 1  1.04768e-26 1.7217e-16 1.06647e-11 3.32073e-12 1.05996e-60
3 59 7 1  8.94342e-14 8.50132e-09 6.2958e-09 3.98526e-09 2.15818e-09
3 59 8 1  1.85325e-22 4.8257e-10 7.5877e-10 2.61645e-10 2.98636e-11
3 59 9 1  7.50771e-17 2.20299e-10 1.67982e-10 1.20008e-10 1.71629e-10
3 59 10 1  1.71577e-24 4.13446e-14 3.00236e-10 1.78737e-10 6.49916e-11
3 60 1 1  1.04662e-20 4.2457e-12 3.38093e-12 2.08417e-12 5.1815e-13
3 60 2 1  9.17766e-09 1.20082 5167.1 27647.5 0
3 60 3 1  6.31364e-14 0.000677707 3.13868 19.801 3.3714
3 60 4 1  1.67664e-21 8.16231e-11 5.83723e-11 4.04405e-11 9.0131e-11
3 60 5 1  6.96466e-20 1.32779e-08 1.31495e-08 2.07076e-12 6.98577e-18
3 60 6 1  6.21485e-27 9.98122e-17 6.57064e-12 1.93437e-12 1.46505e-61
3 60 7 1  8.86136e-14 8.55906e-09 6.39887e-09 4.06833e-09 2.17422e-09
3 60 8 1  1.76665e-22 4.77898e-10 7.6636e-10 2.62781e-10 2.97228e-11
3 60 9 1  7.43853e-17 2.17244e-10 1.6429e-10 1.15489e-10 1.51835e-10
3 60 10 1  1.79421e-24 4.45674e-14 3.36291e-10 1.98943e-10 6.93199e-11
3 61 1 1  8.84946e-21 3.43616e-12 2.76879e-12 1.72949e-12 4.63306e-13
3 61 2 1  9.51508e-09 1.21249 5199.14 28453.6 0
3 61 3 1  5.15807e-14 0.000602264 2.9303 16.6502 2.34519
3 61 4 1  1.67643e-21 8.16062e-11 5.83529e-11 4.04186e-11 8.9419e-11
3 61 5 1  7.33649e-20 1.20888e-08 1.38112e-08 1.45877e-12 4.90737e-18
3 61 6 1  3.48412e-27 6.00547e-17 3.80132e-12 1.04635e-12 2.02512e-62
3 61 7 1  8.84722e-14 8.567e-09 6.47183e-09 4.14483e-09 2.19657e-09
3 61 8 1  1.80092e-22 4.73877e-10 7.53421e-10 2.61678e-10 2.96083e-11
3 61 9 1  7.39218e-17 2.15197e-10 1.61815e-10 1.1246e-10 1.3787e-10
3 61 10 1  1.99429e-24 4.92099e-14 3.6311e-10 2.15094e-10 7.51274e-11
3 62 1 1  7.26059e-21 2.85993e-12 2.26291e-12 1.40808e-12 3.60529e-13
3 62 2 1  9.48069e-09 1.22489 5272.98 29215.4 0
3 62 3 1  4.6184e-14 0.000502096 2.38651 14.6021 2.26366
3 62 4 1  1.67628e-21 8.15939e-11 5.8339e-11 4.0403e-11 8.88673e-11
3 62 5 1  7.1109e-20 1.23558e-08 1.26217e-08 1.02766e-12 3.44737e-18
3 62 6 1  2.15636e-27 3.55779e-17 2.29646e-12 7.07566e-13 2.79944e-63
3 62 7 1  8.77566e-14 8.55517e-09 6.51704e-09 4.21032e-09 2.22286e-09
3 62 8 1  1.77698e-22 4.73205e-10 7.53679e-10 2.60384e-10 2.99137e-11
3 62 9 1  7.36112e-17 2.13826e-10 1.60157e-10 1.1043e-10 1.28068e-10
3 62 10 1  2.16729e-24 5.34015e-14 3.99656e-10 2.39545e-10 8.56909e-11
3 63 1 1  5.87035e-21 2.34176e-12 1.86361e-12 1.15223e-12 2.86962e-13
3 63 2 1  9.32139e-09 1.21813 5307.67 29719.5 0
3 63 3 1  3.52376e-14 0.000404957 2.03333 12.6824 1.95416
3 63 4 1  1.67617e-21 8.15849e-11 5.83288e-11 4.03918e-11 8.84404e-11
3 63 5 1  6.80739e-20 1.21524e-08 1.18319e-08 7.23966e-13 2.42176e-18
3 63 6 1  1.25739e-27 2.13708e-17 1.38658e-12 4.35196e-13 3.86999e-64
3 63 7 1  8.66544e-14 8.51068e-09 6.5375e-09 4.26273e-09 2.25082e-09
3 63 8 1  1.72731e-22 4.64443e-10 7.47764e-10 2.59718e-10 2.99349e-11
3 63 9 1  7.3403e-17 2.12906e-10 1.59046e-10 1.0907e-10 1.21219e-10
3 63 10 1  2.30126e-24 5.73754e-14 4.33738e-10 2.61945e-10 9.5257e-11
3 64 1 1  4.86682e-21 1.91648e-12 1.52116e-12 9.41725e-13 2.13237e-13
3 64 2 1  9.49657e-09 1.21787 5298.03 30476.8 0
3 64 3 1  3.51828e-14 0.000368373 1.63745 9.14585 3.46595
3 64 4 1  1.67608e-21 8.15783e-11 5.83215e-11 4.03837e-11 8.81105e-11
3 64 5 1  6.68412e-20 1.25409e-08 9.92657e-09 5.10024e-13 1.70128e-18
3 64 6 1  7.97797e-28 1.35196e-17 8.5386e-13 2.86185e-13 5.35006e-65
3 64 7 1  8.60823e-14 8.4475e-09 6.53348e-09 4.30093e-09 2.27845e-09
3 64 8 1  1.75163e-22 4.61656e-10 7.35926e-10 2.57228e-10 3.0187e-11
3 64 9 1  7.32635e-17 2.1229e-10 1.58301e-10 1.08158e-10 1.16451e-10
3 64 10 1  2.58056e-24 6.31665e-14 4.69368e-10 2.85509e-10 1.07811e-10
3 65 1 1  3.82827e-21 1.56124e-12 1.24089e-12 7.7123e-13 1.42179e-13
3 65 2 1  9.04171e-09 1.20026 5307.78 31223.2 0
3 65 3 1  3.31472e-14 0.000344934 1.50282 6.64309 4.3616
3 65 4 1  1.67603e-21 8.15736e-11 5.83162e-11 4.03779e-11 8.78558e-11
3 65 5 1  5.75859e-20 1.32524e-08 7.02958e-09 3.59307e-13 1.19515e-18
3 65 6 1  4.84925e-28 8.37812e-18 5.50078e-13 2.00165e-13 7.39631e-66
3 65 7 1  8.45903e-14 8.37166e-09 6.5118e-09 4.32465e-09 2.30408e-09
3 65 8 1  1.65856e-22 4.51447e-10 7.32669e-10 2.55644e-10 3.04074e-11
3 65 9 1  7.317e-17 2.11878e-10 1.57802e-10 1.07547e-10 1.13144e-10
3 65 10 1  2.65432e-24 6.68256e-14 5.15037e-10 3.17472e-10 1.22945e-10
3 66 1 1  2.95746e-21 1.23693e-12 1.00082e-12 6.39012e-13 8.04735e-14
3 66 2 1  8.59528e-09 1.15014 5213.84 31503.5 0
3 66 3 1  3.0428e-14 0.000314649 1.37709 5.41592 4.55561
3 66 4 1  1.67599e-21 8.15702e-11 5.83123e-11 4.03736e-11 8.76594e-11
3 66 5 1  4.77517e-20 1.25257e-08 4.97809e-09 2.53129e-13 8.39597e-19
3 66 6 1  3.01817e-28 5.24754e-18 3.47762e-13 1.3796e-13 1.02253e-66
3 66 7 1  8.29963e-14 8.26308e-09 6.47182e-09 4.33487e-09 2.32645e-09
3 66 8 1  1.57222e-22 4.29701e-10 7.08991e-10 2.52399e-10 3.06167e-11
3 66 9 1  7.31074e-17 2.11601e-10 1.57468e-10 1.07137e-10 1.10856e-10
3 66 10 1  2.76369e-24 6.93165e-14 5.3898e-10 3.4293e-10 1.39814e-10
3 67 1 1  2.28821e-21 9.66153e-13 7.94015e-13 5.31086e-13 3.61175e-14
3 67 2 1  8.49879e-09 1.11174 5039.1 30464.7 0
3 67 3 1  3.039e-14 0.000304844 1.26463 4.74978 4.35872
3 67 4 1  1.67596e-21 8.15679e-11 5.83095e-11 4.03706e-11 8.7508e-11
3 67 5 1  3.91401e-20 1.12384e-08 3.52532e-09 1.78329e-13 5.89822e-19
3 67 6 1  2.05763e-28 3.4441e-18 2.22054e-13 9.1362e-14 1.41367e-67
3 67 7 1  8.21239e-14 8.14658e-09 6.41278e-09 4.33178e-09 2.34466e-09
3 67 8 1  1.55791e-22 4.16255e-10 6.78497e-10 2.43771e-10 3.02152e-11
3 67 9 1  7.30654e-17 2.11416e-10 1.57244e-10 1.06863e-10 1.09278e-10
3 67 10 1  3.04811e-24 7.45445e-14 5.65661e-10 3.59765e-10 1.51124e-10
3 68 1 1  1.77377e-21 7.50222e-13 6.26699e-13 4.28746e-13 3.78553e-14
3 68 2 1  8.73124e-09 1.11022 4900.53 27455.3 0
3 68 3 1  3.13843e-14 0.00031388 1.28417 4.84969 3.11729
3 68 4 1  1.67595e-21 8.15664e-11 5.83076e-11 4.03684e-11 8.73914e-11
3 68 5 1  3.05716e-20 9.14161e-09 3.78692e-09 1.25633e-13 4.14354e-19
3 68 6 1  1.45037e-28 2.2215e-18 1.40808e-13 5.1208e-14 1.95444e-68
3 68 7 1  8.20729e-14 8.05903e-09 6.34423e-09 4.31612e-09 2.35801e-09
3 68 8 1  1.59933e-22 4.17913e-10 6.63254e-10 2.34152e-10 2.84421e-11
3 68 9 1  7.30372e-17 2.11291e-10 1.57094e-10 1.06679e-10 1.08192e-10
3 68 10 1  3.48737e-24 8.32481e-14 6.13352e-10 3.75892e-10 1.47725e-10
3 69 1 1  1.6467e-21 6.08806e-13 4.93704e-13 3.32461e-13 5.97104e-14
3 69 2 1  1.02855e-08 1.21078 4922.75 27019.7 0
3 69 3 1  2.98365e-14 0.000326913 1.40849 5.33004 1.78081
3 69 4 1  1.67594e-21 8.15656e-11 5.83064e-11 4.03669e-11 8.73017e-11
3 69 5 1  3.664e-20 6.91771e-09 5.19183e-09 8.85086e-14 2.91087e-19
3 69 6 1  9.84123e-29 1.60746e-18 9.06866e-14 2.59263e-14 2.70212e-69
3 69 7 1  8.44799e-14 8.05209e-09 6.28274e-09 4.29101e-09 2.36615e-09
3 69 8 1  1.87897e-22 4.59302e-10 6.78992e-10 2.29813e-10 2.67927e-11
3 69 9 1  7.30184e-17 2.11208e-10 1.56993e-10 1.06556e-10 1.07446e-10
3 69 10 1  4.4652e-24 1.04481e-13 7.13701e-10 4.04686e-10 1.46362e-10
3 70 1 1  1.32344e-21 5.21386e-13 4.05559e-13 2.60005e-13 5.29797e-14
3 70 2 1  9.82764e-09 1.28043 5286.52 29213.7 0
3 70 3 1  2.36079e-14 0.000264469 1.28534 5.43635 1.83738
3 70 4 1  1.67594e-21 8.15651e-11 5.83057e-11 4.03658e-11 8.72328e-11
3 70 5 1  3.44595e-20 6.6333e-09 4.95536e-09 6.23548e-14 2.04491e-19
3 70 6 1  5.80793e-29 9.83023e-19 6.27547e-14 1.88872e-14 3.73587e-70
3 70 7 1  8.40392e-14 8.10331e-09 6.2547e-09 4.26307e-09 2.36931e-09
3 70 8 1  1.78043e-22 4.79316e-10 7.44689e-10 2.42567e-10 2.7042e-11
3 70 9 1  7.30058e-17 2.11152e-10 1.56926e-10 1.06473e-10 1.06934e-10
3 70 10 1  4.45256e-24 1.1319e-13 8.61704e-10 4.98179e-10 1.71048e-10
3 71 1 1  1.05943e-21 4.26632e-13 3.37467e-13 2.09738e-13 4.55318e-14
3 71 2 1  9.73427e-09 1.26837 5465.4 30308.8 0
3 71 3 1  2.14963e-14 0.000230884 1.06869 5.31712 1.47922
3 71 4 1  1.67594e-21 8.1565e-11 5.83052e-11 4.03652e-11 8.71799e-11
3 71 5 1  3.19662e-20 6.2487e-09 4.86553e-09 4.39294e-14 1.43657e-19
3 71 6 1  3.63585e-29 5.96055e-19 3.83424e-14 1.22322e-14 5.16518e-71
3 71 7 1  8.35377e-14 8.1111e-09 6.24771e-09 4.24014e-09 2.36859e-09
3 71 8 1  1.7502e-22 4.68429e-10 7.51585e-10 2.56113e-10 2.84174e-11
3 71 9 1  7.29973e-17 2.11115e-10 1.5688e-10 1.06418e-10 1.06584e-10
3 71 10 1  4.85412e-24 1.19468e-13 9.05174e-10 5.5606e-10 2.01193e-10
3 72 1 1  9.42806e-22 3.53147e-13 2.75945e-13 1.72157e-13 3.29593e-14
3 72 2 1  1.07612e-08 1.32118 5541.82 32701.6 0
3 72 3 1  1.87887e-14 0.000204406 0.950819 4.60517 1.79769
3 72 4 1  1.67594e-21 8.15649e-11 5.8305e-11 4.03648e-11 8.71394e-11
3 72 5 1  3.55989e-20 5.86365e-09 4.48599e-09 3.09487e-14 1.00921e-19
3 72 6 1  2.45329e-29 4.2964e-19 2.53843e-14 8.06467e-15 2.4014e-16
3 72 7 1  8.48651e-14 8.1257e-09 6.24401e-09 4.22336e-09 2.36555e-09
3 72 8 1  1.93664e-22 4.89133e-10 7.51115e-10 2.58347e-10 2.99901e-11
3 72 9 1  7.29916e-17 2.1109e-10 1.5685e-10 1.06381e-10 1.06345e-10
3 72 10 1  5.90134e-24 1.41859e-13 1.01222e-09 6.01791e-10 2.3286e-10
3 73 1 1  6.73757e-22 2.91051e-13 2.27455e-13 1.42087e-13 1.47928e-14
3 73 2 1  8.86221e-09 1.27113 5744.7 34968.7 0
3 73 3 1  1.58912e-14 0.000162961 0.734351 3.20587 2.96033
3 73 4 1  1.67594e-21 8.1565e-11 5.8305e-11 4.03647e-11 8.71085e-11
3 73 5 1  2.81468e-20 5.95017e-09 3.17693e-09 2.18037e-14 7.08982e-20
3 73 6 1  1.46716e-29 2.57082e-19 1.78688e-14 7.03323e-15 2.75998e-16
3 73 7 1  8.18836e-14 8.1158e-09 6.24935e-09 4.21184e-09 2.36136e-09
3 73 8 1  1.57793e-22 4.62594e-10 7.77547e-10 2.66604e-10 3.15643e-11
3 73 9 1  7.29878e-17 2.11073e-10 1.5683e-10 1.06356e-10 1.06182e-10
3 73 10 1  4.99252e-24 1.34491e-13 1.13243e-09 7.21758e-10 2.85426e-10
3 74 1 1  5.06242e-22 2.2098e-13 1.83151e-13 1.16928e-13 9.9568e-15
3 74 2 1  8.74595e-09 1.16354 5467.39 32875.7 0
3 74 3 1  1.73098e-14 0.0001695 0.668236 2.62272 2.58014
3 74 4 1  1.67594e-21 8.15651e-11 5.8305e-11 4.03646e-11 8.70849e-11
3 74 5 1  2.25618e-20 5.78319e-09 2.24987e-09 1.5361e-14 4.98069e-20
3 74 6 1  1.02244e-29 1.65867e-19 1.08205e-14 4.54773e-15 3.81603e-17
3 74 7 1  8.10106e-14 8.01724e-09 6.2354e-09 4.20421e-09 2.35691e-09
3 74 8 1  1.55975e-22 4.21397e-10 7.1039e-10 2.6172e-10 3.19928e-11
3 74 9 1  7.29853e-17 2.11062e-10 1.56816e-10 1.06339e-10 1.06071e-10
3 74 10 1  5.6739e-24 1.37031e-13 1.05614e-09 7.12186e-10 3.09916e-10
3 75 1 1  3.87233e-22 1.66439e-13 1.42517e-13 9.31585e-14 1.20875e-14
3 75 2 1  8.30629e-09 1.11533 5163.57 30221.4 0
3 75 3 1  1.43989e-14 0.000156001 0.707802 2.60228 1.89404
3 75 4 1  1.67595e-21 8.15654e-11 5.83051e-11 4.03646e-11 8.70669e-11
3 75 5 1  1.7525e-20 5.26541e-09 1.80611e-09 1.0822e-14 3.49901e-20
3 75 6 1  5.86747e-30 1.00681e-19 6.75698e-15 2.52261e-15 5.27621e-18
3 75 7 1  8.00928e-14 7.92421e-09 6.198e-09 4.194e-09 2.35245e-09
3 75 8 1  1.47055e-22 4.02492e-10 6.66899e-10 2.43216e-10 3.02802e-11
3 75 9 1  7.29836e-17 2.11054e-10 1.56807e-10 1.06328e-10 1.05996e-10
3 75 10 1  5.60497e-24 1.42951e-13 1.11921e-09 7.0419e-10 2.90975e-10
3 76 1 1  3.26764e-22 1.30369e-13 1.09424e-13 7.30666e-14 1.18247e-14
3 76 2 1  8.86729e-09 1.11435 4942.62 28615.4 0
3 76 3 1  1.46277e-14 0.000151 0.643232 2.55296 1.53849
3 76 4 1  1.67596e-21 8.15657e-11 5.83053e-11 4.03647e-11 8.70532e-11
3 76 5 1  1.61981e-20 4.3315e-09 1.84411e-09 7.62429e-15 2.4581e-20
3 76 6 1  4.03477e-30 6.59861e-20 4.09312e-15 1.47262e-15 7.2952e-19
3 76 7 1  8.11836e-14 7.86845e-09 6.14899e-09 4.17791e-09 2.34749e-09
3 76 8 1  1.57312e-22 4.04561e-10 6.39344e-10 2.28969e-10 2.83181e-11
3 76 9 1  7.29824e-17 2.11049e-10 1.56801e-10 1.06321e-10 1.05944e-10
3 76 10 1  6.52898e-24 1.57228e-13 1.16231e-09 7.25047e-10 2.91178e-10
3 77 1 1  2.60352e-22 1.056e-13 8.62698e-14 5.6952e-14 1.04294e-14
3 77 2 1  8.54183e-09 1.12408 4928.41 28168.6 0
3 77 3 1  1.22638e-14 0.000133563 0.616916 2.46495 1.33093
3 77 4 1  1.67597e-21 8.15662e-11 5.83056e-11 4.03648e-11 8.70429e-11
3 77 5 1  1.45513e-20 3.65801e-09 1.83737e-09 5.37145e-15 1.72686e-20
3 77 6 1  2.37395e-30 4.0415e-20 2.64622e-15 9.08325e-16 1.00869e-19
3 77 7 1  8.11337e-14 7.86543e-09 6.11068e-09 4.15698e-09 2.34142e-09
3 77 8 1  1.50662e-22 4.06178e-10 6.48349e-10 2.2394e-10 2.68346e-11
3 77 9 1  7.29817e-17 2.11046e-10 1.56797e-10 1.06316e-10 1.05909e-10
3 77 10 1  6.50663e-24 1.65541e-13 1.28343e-09 7.84127e-10 3.00611e-10
3 78 1 1  2.15241e-22 8.54269e-14 6.88746e-14 4.5015e-14 7.94806e-15
3 78 2 1  8.7455e-09 1.12256 4910.66 28746.8 0
3 78 3 1  1.1547e-14 0.000121643 0.540957 2.22458 1.33729
3 78 4 1  1.67597e-21 8.15667e-11 5.83059e-11 4.0365e-11 8.70351e-11
3 78 5 1  1.40428e-20 3.26804e-09 1.61263e-09 3.78429e-15 1.21315e-20
3 78 6 1  1.52968e-30 2.61226e-20 1.65147e-15 5.89421e-16 1.3947e-20
3 78 7 1  8.18362e-14 7.87486e-09 6.08694e-09 4.13573e-09 2.3341e-09
3 78 8 1  1.54285e-22 4.04837e-10 6.43041e-10 2.23859e-10 2.65654e-11
3 78 9 1  7.29811e-17 2.11044e-10 1.56794e-10 1.06312e-10 1.05885e-10
3 78 10 1  7.14939e-24 1.76543e-13 1.33861e-09 8.3781e-10 3.30964e-10
3 79 1 1  1.60473e-22 6.82721e-14 5.53857e-14 3.61513e-14 5.01192e-15
3 79 2 1  7.81336e-09 1.08003 4904.5 29156 0
3 79 3 1  9.37507e-15 0.000100249 0.468641 1.91838 1.4359
3 79 4 1  1.67598e-21 8.15671e-11 5.83063e-11 4.03652e-11 8.70293e-11
3 79 5 1  1.1263e-20 3.09791e-09 1.14208e-09 2.66612e-15 8.52256e-21
3 79 6 1  8.59065e-31 1.51257e-20 1.05552e-15 4.10648e-16 1.92846e-21
3 79 7 1  8.04966e-14 7.87475e-09 6.07711e-09 4.11733e-09 2.32591e-09
3 79 8 1  1.36957e-22 3.85402e-10 6.39779e-10 2.23895e-10 2.67399e-11
3 79 9 1  7.29808e-17 2.11042e-10 1.56792e-10 1.0631e-10 1.05869e-10
3 79 10 1  6.54975e-24 1.72035e-13 1.40636e-09 9.01982e-10 3.63803e-10
3 80 1 1  1.24761e-22 5.26545e-14 4.36529e-14 2.8755e-14 2.9487e-15
3 80 2 1  7.58588e-09 1.01517 4710.32 29591.9 0
3 80 3 1  8.75575e-15 8.98562e-05 0.397706 1.54061 1.53457
3 80 4 1  1.67599e-21 8.15676e-11 5.83067e-11 4.03654e-11 8.7025e-11
3 80 5 1  9.4476e-21 2.69323e-09 8.08827e-10 1.87834e-15 5.98725e-21
3 80 6 1  5.36521e-31 9.68103e-21 6.45203e-16 2.63253e-16 1.30813e-17
3 80 7 1  8.01585e-14 7.83381e-09 6.0645e-09 4.10279e-09 2.31745e-09
3 80 8 1  1.3338e-22 3.6144e-10 6.0099e-10 2.18401e-10 2.70787e-11
3 80 9 1  7.29806e-17 2.11041e-10 1.56791e-10 1.06309e-10 1.05859e-10
3 80 10 1  6.80347e-24 1.72029e-13 1.36506e-09 9.10218e-10 4.02118e-10
3 81 1 1  8.66917e-23 3.98934e-14 3.39445e-14 2.23753e-14 1.99926e-15
3 81 2 1  6.26433e-09 0.914709 4463.67 27170.5 0
3 81 3 1  6.87028e-15 7.06673e-05 0.322302 1.36049 1.42004
3 81 4 1  1.676e-21 8.15681e-11 5.8307e-11 4.03657e-11 8.70219e-11
3 81 5 1  6.7122e-21 2.19741e-09 6.52032e-10 1.32334e-15 4.20616e-21
3 81 6 1  3.40645e-31 5.57994e-21 3.99589e-16 1.70931e-16 1.37008e-17
3 81 7 1  7.7556e-14 7.75666e-09 6.04325e-09 4.08957e-09 2.30915e-09
3 81 8 1  1.0946e-22 3.22761e-10 5.64113e-10 2.07459e-10 2.62889e-11
3 81 9 1  7.29804e-17 2.1104e-10 1.5679e-10 1.06308e-10 1.05851e-10
3 81 10 1  5.73585e-24 1.53748e-13 1.33176e-09 9.12241e-10 4.05805e-10
3 82 1 1  6.88758e-23 2.92947e-14 2.57169e-14 1.77284e-14 1.86143e-15
3 82 2 1  6.46441e-09 0.846467 4047.96 24738.9 0
3 82 3 1  6.79628e-15 7.04442e-05 0.301056 1.17656 1.08626
3 82 4 1  1.67601e-21 8.15686e-11 5.83074e-11 4.0366e-11 8.70196e-11
3 82 5 1  5.91459e-21 1.78943e-09 5.94705e-10 9.32326e-16 2.95491e-21
3 82 6 1  2.08732e-31 3.65026e-21 2.37195e-16 9.4467e-17 1.89447e-18
3 82 7 1  7.80543e-14 7.65523e-09 5.99952e-09 4.07445e-09 2.30102e-09
3 82 8 1  1.13262e-22 2.9955e-10 5.00002e-10 1.89405e-10 2.43952e-11
3 82 9 1  7.29803e-17 2.1104e-10 1.5679e-10 1.06307e-10 1.05846e-10
3 82 10 1  6.37648e-24 1.57395e-13 1.22084e-09 8.2591e-10 3.76222e-10
3 83 1 1  5.38279e-23 2.26916e-14 1.9399e-14 1.3896e-14 1.15013e-15
3 83 2 1  6.44146e-09 0.837791 3819.47 22914.7 0
3 83 3 1  6.58469e-15 6.67612e-05 0.281752 1.06668 0.959579
3 83 4 1  1.67602e-21 8.15692e-11 5.83078e-11 4.03663e-11 8.70181e-11
3 83 5 1  4.90425e-21 1.55684e-09 4.2118e-10 6.5685e-16 2.07588e-21
3 83 6 1  1.3699e-31 2.28783e-21 1.50834e-16 6.12736e-17 2.61961e-19
3 83 7 1  7.88513e-14 7.62662e-09 5.9511e-09 4.05392e-09 2.2926e-09
3 83 8 1  1.1351e-22 3.00122e-10 4.81282e-10 1.73788e-10 2.24102e-11
3 83 9 1  7.29802e-17 2.1104e-10 1.56789e-10 1.06307e-10 1.05843e-10
3 83 10 1  6.62853e-24 1.65354e-13 1.28254e-09 8.21518e-10 3.56813e-10
3 84 1 1  4.1964e-23 1.76188e-14 1.49083e-14 1.04802e-14 1.2209e-15
3 84 2 1  6.27934e-09 0.827438 3719.96 21878.4 0
3 84 3 1  5.765e-15 6.10094e-05 0.272622 1.026 0.793884
3 84 4 1  1.67603e-21 8.15698e-11 5.83083e-11 4.03666e-11 8.70171e-11
3 84 5 1  3.89795e-21 1.35628e-09 2.98289e-10 4.62771e-16 1.45835e-21
3 84 6 1  8.25521e-32 1.41055e-21 9.4067e-17 3.64478e-17 3.62235e-20
3 84 7 1  7.93644e-14 7.64075e-09 5.91881e-09 4.03066e-09 2.28338e-09
3 84 8 1  1.10594e-22 2.96691e-10 4.77369e-10 1.6785e-10 2.07439e-11
3 84 9 1  7.29802e-17 2.11039e-10 1.56789e-10 1.06306e-10 1.05841e-10
3 84 10 1  6.64767e-24 1.68764e-13 1.32964e-09 8.48516e-10 3.50847e-10
3 85 1 1  3.27111e-23 1.37066e-14 1.15331e-14 8.00201e-15 1.04914e-15
3 85 2 1  6.06422e-09 0.806395 3643.29 21593.6 0
3 85 3 1  4.95306e-15 5.28111e-05 0.241962 0.957154 0.715738
3 85 4 1  1.67604e-21 8.15704e-11 5.83087e-11 4.03669e-11 8.70164e-11
3 85 5 1  3.06731e-21 1.14666e-09 2.11255e-10 3.26037e-16 1.02452e-21
3 85 6 1  4.86945e-32 8.4749e-22 5.72985e-17 2.23932e-17 5.00897e-21
3 85 7 1  7.96103e-14 7.66623e-09 5.90524e-09 4.00943e-09 2.2734e-09
3 85 8 1  1.06754e-22 2.8842e-10 4.68763e-10 1.65177e-10 2.0038e-11
3 85 9 1  7.29802e-17 2.11039e-10 1.56789e-10 1.06306e-10 1.05839e-10
3 85 10 1  6.60303e-24 1.68745e-13 1.34376e-09 8.69746e-10 3.60679e-10
3 86 1 1  2.49652e-23 1.06226e-14 8.91721e-15 6.14874e-15 6.57219e-16
3 86 2 1  5.63345e-09 0.768463 3547.32 22165.2 0
3 86 3 1  4.07674e-15 4.3123e-05 0.202317 0.798542 0.768972
3 86 4 1  1.67605e-21 8.1571e-11 5.83092e-11 4.03672e-11 8.70161e-11
3 86 5 1  2.41559e-21 9.17555e-10 1.49616e-10 2.29704e-16 7.19752e-22
3 86 6 1  2.74544e-32 5.08076e-22 3.54001e-17 1.4456e-17 7.13875e-19
3 86 7 1  7.91928e-14 7.67927e-09 5.90406e-09 3.99316e-09 2.26322e-09
3 86 8 1  9.92674e-23 2.73919e-10 4.54209e-10 1.62137e-10 2.00162e-11
3 86 9 1  7.29801e-17 2.11039e-10 1.56789e-10 1.06306e-10 1.05838e-10
3 86 10 1  6.2279e-24 1.63002e-13 1.33633e-09 8.8819e-10 3.88684e-10
3 87 1 1  1.82791e-23 8.12139e-15 6.87348e-15 4.77662e-15 2.94974e-16
3 87 2 1  5.14349e-09 0.709751 3378.86 20928.6 0
3 87 3 1  3.82818e-15 3.7873e-05 0.157967 0.650795 0.758146
3 87 4 1  1.67606e-21 8.15715e-11 5.83096e-11 4.03675e-11 8.70161e-11
3 87 5 1  1.7815e-21 7.16245e-10 1.05962e-10 1.61835e-16 5.05643e-22
3 87 6 1  2.01034e-32 3.272e-22 2.1614e-17 9.47271e-18 7.53822e-19
3 87 7 1  7.83739e-14 7.66111e-09 5.90393e-09 3.98211e-09 2.25352e-09
3 87 8 1  9.11661e-23 2.53638e-10 4.28401e-10 1.56325e-10 1.97605e-11
3 87 9 1  7.29801e-17 2.11039e-10 1.56789e-10 1.06306e-10 1.05837e-10
3 87 10 1  5.99332e-24 1.53109e-13 1.2659e-09 8.74831e-10 4.02135e-10
3 88 1 1  1.34897e-23 6.00512e-15 5.2459e-15 3.80062e-15 1.78689e-16
3 88 2 1  4.93026e-09 0.665019 3151.1 19129.8 0
3 88 3 1  3.37953e-15 3.5336e-05 0.155743 0.581421 0.590295
3 88 4 1  1.67606e-21 8.15719e-11 5.831e-11 4.03678e-11 8.70162e-11
3 88 5 1  1.33507e-21 5.74616e-10 7.50458e-11 1.14018e-16 3.55226e-22
3 88 6 1  1.14709e-32 2.00761e-22 1.37733e-17 5.62391e-18 1.04241e-19
3 88 7 1  7.82337e-14 7.62732e-09 5.89543e-09 3.97398e-09 2.24473e-09
3 88 8 1  8.74123e-23 2.38205e-10 3.97559e-10 1.46339e-10 1.85911e-11
3 88 9 1  7.29801e-17 2.11039e-10 1.56789e-10 1.06306e-10 1.05837e-10
3 88 10 1  5.91803e-24 1.51228e-13 1.21802e-09 8.17359e-10 3.7063e-10
3 89 1 1  1.08243e-23 4.54103e-15 3.94197e-15 2.87276e-15 2.36359e-16
3 89 2 1  5.2668e-09 0.662889 2980.68 17535.3 0
3 89 3 1  3.55483e-15 3.57178e-05 0.146119 0.55486 0.462891
3 89 4 1  1.67607e-21 8.15723e-11 5.83104e-11 4.03681e-11 8.70165e-11
3 89 5 1  1.06191e-21 4.42829e-10 7.33705e-11 8.03303e-17 2.49555e-22
3 89 6 1  7.96103e-33 1.29333e-22 8.27101e-18 3.29755e-18 1.44149e-20
3 89 7 1  7.99825e-14 7.63595e-09 5.88267e-09 3.96607e-09 2.2369e-09
3 89 8 1  9.41718e-23 2.41138e-10 3.8015e-10 1.36733e-10 1.72493e-11
3 89 9 1  7.29801e-17 2.11039e-10 1.56789e-10 1.06306e-10 1.05836e-10
3 89 10 1  6.70809e-24 1.62454e-13 1.22513e-09 7.90491e-10 3.43396e-10
3 90 1 1  8.96683e-24 3.59764e-15 3.01767e-15 2.1374e-15 3.13697e-16
3 90 2 1  5.57391e-09 0.695821 2968.61 16734.5 0
3 90 3 1  3.31946e-15 3.51174e-05 0.152296 0.576347 0.328931
3 90 4 1  1.67607e-21 8.15727e-11 5.83107e-11 4.03684e-11 8.70168e-11
3 90 5 1  9.8029e-22 3.19423e-10 1.10167e-10 5.65958e-17 1.75319e-22
3 90 6 1  5.11233e-33 8.38113e-23 5.27186e-18 1.83079e-18 1.99337e-21
3 90 7 1  8.1928e-14 7.72058e-09 5.88678e-09 3.95889e-09 2.22981e-09
3 90 8 1  9.99939e-23 2.55736e-10 3.91117e-10 1.3338e-10 1.60251e-11
3 90 9 1  7.29801e-17 2.11039e-10 1.56789e-10 1.06306e-10 1.05836e-10
3 90 10 1  7.26728e-24 1.78944e-13 1.34103e-09 8.17731e-10 3.23651e-10
3 91 1 1  7.33973e-24 2.92072e-15 2.38006e-15 1.62133e-15 2.98559e-16
3 91 2 1  5.66241e-09 0.72356 3061.81 17366.8 0
3 91 3 1  2.70147e-15 3.00666e-05 0.142765 0.585119 0.274677
3 91 4 1  1.67607e-21 8.15729e-11 5.83109e-11 4.03686e-11 8.70172e-11
3 91 5 1  9.96171e-22 2.54561e-10 1.1944e-10 3.9874e-17 1.23166e-22
3 91 6 1  3.00769e-33 5.19054e-23 3.34624e-18 1.11962e-18 2.75655e-22
3 91 7 1  8.30527e-14 7.83758e-09 5.92004e-09 3.95709e-09 2.22357e-09
3 91 8 1  1.01619e-22 2.65716e-10 4.11224e-10 1.37447e-10 1.57853e-11
3 91 9 1  7.29801e-17 2.11039e-10 1.56789e-10 1.06306e-10 1.05836e-10
3 91 10 1  7.43515e-24 1.88294e-13 1.45147e-09 8.89619e-10 3.38822e-10
3 92 1 1  5.82225e-24 2.3656e-15 1.90248e-15 1.2646e-15 1.96519e-16
3 92 2 1  5.52802e-09 0.7262 3154.72 18892.9 0
3 92 3 1  2.34692e-15 2.49235e-05 0.115948 0.487879 0.347589
3 92 4 1  1.67607e-21 8.1573e-11 5.83111e-11 4.03688e-11 8.70176e-11
3 92 5 1  8.7667e-22 2.34958e-10 8.45912e-11 2.80928e-17 8.65273e-23
3 92 6 1  1.78116e-33 3.19938e-23 2.12966e-18 7.86558e-19 2.26708e-20
3 92 7 1  8.31819e-14 7.9334e-09 5.97429e-09 3.96484e-09 2.21884e-09
3 92 8 1  9.95794e-23 2.66157e-10 4.23039e-10 1.43631e-10 1.66154e-11
3 92 9 1  7.29801e-17 2.11039e-10 1.56789e-10 1.06306e-10 1.05836e-10
3 92 10 1  7.37592e-24 1.89464e-13 1.50577e-09 9.63329e-10 3.9014e-10
3 93 1 1  4.17846e-24 1.84868e-15 1.515e-15 1.00492e-15 8.82021e-17
3 93 2 1  4.79299e-09 0.677915 3153.32 19672 0
3 93 3 1  1.89912e-15 1.96862e-05 0.0908039 0.375131 0.405593
3 93 4 1  1.67607e-21 8.15729e-11 5.83111e-11 4.03689e-11 8.7018e-11
3 93 5 1  6.75978e-22 2.00118e-10 5.99101e-11 1.97924e-17 6.07876e-23
3 93 6 1  1.06726e-33 1.90094e-23 1.33921e-18 5.58587e-19 4.5438e-20
3 93 7 1  8.11038e-14 7.95273e-09 6.02975e-09 3.98221e-09 2.2165e-09
3 93 8 1  8.63825e-23 2.46805e-10 4.17154e-10 1.4699e-10 1.7643e-11
3 93 9 1  7.29801e-17 2.11039e-10 1.56789e-10 1.06306e-10 1.05836e-10
3 93 10 1  6.42332e-24 1.71911e-13 1.46943e-09 1.00281e-09 4.41888e-10
3 94 1 1  3.15716e-24 1.38722e-15 1.17631e-15 7.96875e-16 3.9587e-17
3 94 2 1  4.80035e-09 0.63235 2972.01 18656.6 0
3 94 3 1  2.01418e-15 1.96773e-05 0.0785664 0.296785 0.373327
3 94 4 1  1.67606e-21 8.15726e-11 5.83111e-11 4.03689e-11 8.70183e-11
3 94 5 1  5.39838e-22 1.669e-10 4.24301e-11 1.39445e-17 4.27048e-23
3 94 6 1  8.0918e-34 1.34421e-23 8.43432e-19 3.54515e-19 3.14286e-20
3 94 7 1  8.09045e-14 7.90562e-09 6.05822e-09 4.00415e-09 2.21702e-09
3 94 8 1  8.75817e-23 2.32791e-10 3.85127e-10 1.41693e-10 1.78636e-11
3 94 9 1  7.29801e-17 2.11039e-10 1.56789e-10 1.06306e-10 1.05836e-10
3 94 10 1  6.96053e-24 1.71546e-13 1.35381e-09 9.37162e-10 4.47181e-10
3 95 1 1  2.30831e-24 1.03434e-15 8.96182e-16 6.29285e-16 1.77675e-17
3 95 2 1  4.43429e-09 0.604008 2824.25 17624.3 0
3 95 3 1  1.64961e-15 1.71632e-05 0.0775338 0.276723 0.319548
3 95 4 1  1.67606e-21 8.15724e-11 5.83109e-11 4.03689e-11 8.70186e-11
3 95 5 1  4.10898e-22 1.38169e-10 3.00502e-11 9.8244e-18 3.00012e-23
3 95 6 1  4.81489e-34 8.53254e-24 5.81864e-19 2.34284e-19 1.69962e-20
3 95 7 1  7.99175e-14 7.85718e-09 6.06234e-09 4.02307e-09 2.21999e-09
3 95 8 1  8.11787e-23 2.23711e-10 3.70316e-10 1.33815e-10 1.71228e-11
3 95 9 1  7.29801e-17 2.11039e-10 1.56789e-10 1.06306e-10 1.05836e-10
3 95 10 1  6.42664e-24 1.67987e-13 1.37959e-09 9.16592e-10 4.21649e-10
3 96 1 1  1.68783e-24 7.62358e-16 6.72164e-16 4.88026e-16 7.97446e-18
3 96 2 1  4.13268e-09 0.563731 2669.22 16619.8 0
3 96 3 1  1.44325e-15 1.47306e-05 0.0649317 0.250449 0.285548
3 96 4 1  1.67606e-21 8.15722e-11 5.83108e-11 4.03688e-11 8.70188e-11
3 96 5 1  3.08849e-22 1.11972e-10 2.12824e-11 6.92164e-18 2.10766e-23
3 96 6 1  3.13757e-34 5.37364e-24 3.62944e-19 1.55516e-19 8.70106e-21
3 96 7 1  7.90081e-14 7.78882e-09 6.04763e-09 4.03537e-09 2.22433e-09
3 96 8 1  7.60552e-23 2.09456e-10 3.50574e-10 1.27752e-10 1.63196e-11
3 96 9 1  7.29801e-17 2.11039e-10 1.56789e-10 1.06306e-10 1.05836e-10
3 96 10 1  6.14969e-24 1.58517e-13 1.30928e-09 8.98536e-10 4.14536e-10
3 97 1 1  1.25101e-24 5.60009e-16 4.98734e-16 3.75665e-16 3.57911e-18
3 97 2 1  3.94701e-09 0.531286 2504.37 15555.2 0
3 97 3 1  1.28941e-15 1.3221e-05 0.0579627 0.218994 0.247067
3 97 4 1  1.67606e-21 8.1572e-11 5.83106e-11 4.03687e-11 8.70188e-11
3 97 5 1  2.34802e-22 8.99675e-11 1.50728e-11 4.87654e-18 1.48068e-23
3 97 6 1  1.86192e-34 3.27955e-24 2.27495e-19 1.00345e-19 1.2032e-21
3 97 7 1  7.85604e-14 7.7197e-09 6.01733e-09 4.03932e-09 2.22887e-09
3 97 8 1  7.30372e-23 1.9859e-10 3.29637e-10 1.20542e-10 1.54548e-11
3 97 9 1  7.29801e-17 2.11039e-10 1.56789e-10 1.06306e-10 1.05836e-10
3 97 10 1  6.02613e-24 1.54303e-13 1.25399e-09 8.52275e-10 3.96038e-10
3 98 1 1  9.60149e-25 4.17777e-16 3.6865e-16 2.82875e-16 1.60638e-18
3 98 2 1  3.95806e-09 0.516279 2372.24 14809.8 0
3 98 3 1  1.23901e-15 1.2476e-05 0.0528812 0.192392 0.221608
3 98 4 1  1.67606e-21 8.1572e-11 5.83105e-11 4.03686e-11 8.70189e-11
3 98 5 1  1.85004e-22 7.10378e-11 1.06749e-11 3.4357e-18 1.04021e-23
3 98 6 1  1.21075e-34 2.11032e-24 1.40881e-19 6.17114e-20 2.21712e-21
3 98 7 1  7.90538e-14 7.67878e-09 5.98025e-09 4.03482e-09 2.23254e-09
3 98 8 1  7.4009e-23 1.9546e-10 3.15659e-10 1.14006e-10 1.46499e-11
3 98 9 1  7.29801e-17 2.11039e-10 1.56789e-10 1.06306e-10 1.05836e-10
3 98 10 1  6.26448e-24 1.5713e-13 1.23964e-09 8.26628e-10 3.83041e-10
3 99 1 1  6.95204e-25 3.13132e-16 2.74783e-16 2.09669e-16 7.2098e-19
3 99 2 1  3.54743e-09 0.490986 2292.79 14373.8 0
3 99 3 1  9.78508e-16 1.01805e-05 0.0468649 0.175802 0.205209
3 99 4 1  1.67606e-21 8.15721e-11 5.83105e-11 4.03685e-11 8.70188e-11
3 99 5 1  1.36413e-22 5.52199e-11 7.56029e-12 2.42057e-18 7.30776e-24
3 99 6 1  7.50093e-35 1.32052e-24 9.08104e-20 3.84111e-20 3.45511e-21
3 99 7 1  7.80182e-14 7.65095e-09 5.94924e-09 4.02418e-09 2.23458e-09
3 99 8 1  6.65409e-23 1.86164e-10 3.0982e-10 1.10478e-10 1.40249e-11
3 99 9 1  7.29801e-17 2.11039e-10 1.56789e-10 1.06306e-10 1.05836e-10
3 99 10 1  5.57743e-24 1.47731e-13 1.24151e-09 8.37082e-10 3.81589e-10
3 100 1 1  5.13228e-25 2.30886e-16 2.04116e-16 1.53818e-16 3.23592e-19
3 100 2 1  3.33785e-09 0.454774 2164.14 14001.7 0
3 100 3 1  8.69206e-16 8.77037e-06 0.0387185 0.14482 0.19586
3 100 4 1  1.67606e-21 8.15722e-11 5.83105e-11 4.03685e-11 8.70188e-11
3 100 5 1  1.03592e-22 4.19214e-11 5.35442e-12 1.70538e-18 5.13388e-24
3 100 6 1  4.93731e-35 8.80998e-25 5.87945e-20 2.46772e-20 3.12556e-21
3 100 7 1  7.75005e-14 7.59954e-09 5.91827e-09 4.01051e-09 2.23476e-09
3 100 8 1  6.31488e-23 1.7323e-10 2.90806e-10 1.06507e-10 1.37023e-11
3 100 9 1  7.29801e-17 2.11039e-10 1.56789e-10 1.06306e-10 1.05836e-10
3 100 10 1  5.41509e-24 1.39511e-13 1.15274e-09 8.0525e-10 3.89134e-10
3 101 1 1  3.67502e-25 1.69739e-16 1.50962e-16 1.12101e-16 1.45235e-19
3 101 2 1  2.97286e-09 0.416305 2020.92 13006.4 0
3 101 3 1  7.3102e-16 7.32977e-06 0.0318835 0.123643 0.177175
3 101 4 1  1.67607e-21 8.15724e-11 5.83106e-11 4.03685e-11 8.70187e-11
3 101 5 1  7.48037e-23 3.14463e-11 3.79217e-12 1.20151e-18 3.60668e-24
3 101 6 1  3.3347e-35 5.71199e-25 3.88373e-20 1.67673e-20 2.34154e-21
3 101 7 1  7.63307e-14 7.53722e-09 5.88353e-09 3.99429e-09 2.23314e-09
3 101 8 1  5.66546e-23 1.59509e-10 2.71944e-10 1.00466e-10 1.31724e-11
3 101 9 1  7.29801e-17 2.11039e-10 1.56789e-10 1.06306e-10 1.05836e-10
3 101 10 1  4.90504e-24 1.28354e-13 1.08801e-09 7.65236e-10 3.76754e-10
3 102 1 1  2.63145e-25 1.22212e-16 1.10896e-16 8.41169e-17 6.51847e-20
3 102 2 1  2.71414e-09 0.377572 1851.73 11745.6 0
3 102 3 1  6.20584e-16 6.34422e-06 0.0280936 0.106712 0.144614
3 102 4 1  1.67608e-21 8.15728e-11 5.83108e-11 4.03686e-11 8.70187e-11
3 102 5 1  5.36565e-23 2.40013e-11 2.68574e-12 8.46507e-19 2.53378e-24
3 102 6 1  2.05565e-35 3.58203e-25 2.47816e-20 1.05526e-20 1.11244e-21
3 102 7 1  7.55166e-14 7.45817e-09 5.841e-09 3.9753e-09 2.22982e-09
3 102 8 1  5.19285e-23 1.45139e-10 2.485e-10 9.31098e-11 1.22653e-11
3 102 9 1  7.29801e-17 2.11039e-10 1.56789e-10 1.06306e-10 1.05836e-10
3 102 10 1  4.55505e-24 1.18708e-13 9.97825e-10 7.02685e-10 3.44647e-10
3 103 1 1  2.02413e-25 8.91678e-17 8.06499e-17 6.32623e-17 2.92563e-20
3 103 2 1  2.81401e-09 0.362777 1699.74 10575.9 0
3 103 3 1  6.42159e-16 6.35991e-06 0.0258177 0.0941781 0.116525
3 103 4 1  1.67609e-21 8.15732e-11 5.83111e-11 4.03687e-11 8.70188e-11
3 103 5 1  4.12736e-23 1.8421e-11 1.90214e-12 5.96398e-19 1.78005e-24
3 103 6 1  1.45809e-35 2.44242e-25 1.56197e-20 6.60949e-21 3.7062e-22
3 103 7 1  7.68185e-14 7.4165e-09 5.79294e-09 3.95267e-09 2.22478e-09
3 103 8 1  5.44979e-23 1.41923e-10 2.29853e-10 8.51374e-11 1.12401e-11
3 103 9 1  7.29801e-17 2.11039e-10 1.56789e-10 1.06306e-10 1.05836e-10
3 103 10 1  4.97312e-24 1.22297e-13 9.51423e-10 6.44566e-10 3.10216e-10
3 104 1 1  1.61299e-25 6.79264e-17 5.94949e-17 4.65895e-17 1.67533e-18
3 104 2 1  3.06841e-09 0.37789 1643.4 9567.89 0
3 104 3 1  6.83857e-16 6.76953e-06 0.0268887 0.095593 0.0863998
3 104 4 1  1.67609e-21 8.15738e-11 5.83114e-11 4.03689e-11 8.70189e-11
3 104 5 1  3.21316e-23 1.36832e-11 2.28602e-12 4.20188e-19 1.25053e-24
3 104 6 1  1.03385e-35 1.64649e-25 1.03517e-20 4.03316e-21 5.12524e-23
3 104 7 1  7.93729e-14 7.4726e-09 5.76162e-09 3.9278e-09 2.21798e-09
3 104 8 1  6.01383e-23 1.51238e-10 2.307e-10 8.04701e-11 1.01691e-11
3 104 9 1  7.29801e-17 2.11039e-10 1.56789e-10 1.06306e-10 1.05836e-10
3 104 10 1  5.65719e-24 1.36058e-13 1.01201e-09 6.37151e-10 2.76799e-10
3 105 1 1  1.33968e-25 5.35022e-17 4.50937e-17 3.37541e-17 3.04105e-18
3 105 2 1  3.21503e-09 0.403373 1689.43 10009 0
3 105 3 1  5.62308e-16 6.13785e-06 0.0283052 0.0990483 0.0738168
3 105 4 1  1.6761e-21 8.15742e-11 5.83118e-11 4.03692e-11 8.70191e-11
3 105 5 1  3.25252e-23 9.82164e-12 3.10271e-12 2.96041e-19 8.78532e-25
3 105 6 1  6.08585e-36 1.10039e-25 6.99872e-21 2.44784e-21 8.65818e-23
3 105 7 1  8.14102e-14 7.60592e-09 5.76993e-09 3.907e-09 2.20975e-09
3 105 8 1  6.33096e-23 1.62461e-10 2.46412e-10 8.19414e-11 9.74216e-12
3 105 9 1  7.29801e-17 2.11039e-10 1.56789e-10 1.06306e-10 1.05836e-10
3 105 10 1  5.83504e-24 1.48e-13 1.13153e-09 6.90786e-10 2.79132e-10
3 106 1 1  9.68321e-26 4.23894e-17 3.51102e-17 2.56649e-17 1.36489e-18
3 106 2 1  2.85458e-09 0.39428 1758.39 10582 0
3 106 3 1  4.48257e-16 4.66765e-06 0.0216788 0.089945 0.0834344
3 106 4 1  1.6761e-21 8.15745e-11 5.83121e-11 4.03694e-11 8.70193e-11
3 106 5 1  2.53087e-23 8.2326e-12 2.19747e-12 2.08574e-19 6.17193e-25
3 106 6 1  3.78767e-36 6.48455e-26 4.52121e-21 1.85906e-21 8.94949e-23
3 106 7 1  8.03618e-14 7.71375e-09 5.81643e-09 3.89785e-09 2.20124e-09
3 106 8 1  5.64021e-23 1.57862e-10 2.57914e-10 8.71677e-11 1.01645e-11
3 106 9 1  7.29801e-17 2.11039e-10 1.56789e-10 1.06306e-10 1.05836e-10
3 106 10 1  5.1514e-24 1.36588e-13 1.15322e-09 7.66024e-10 3.19492e-10
3 107 1 1  7.3003e-26 3.18679e-17 2.72106e-17 2.00964e-17 6.12594e-19
3 107 2 1  2.90456e-09 0.378323 1718.06 10415.2 0
3 107 3 1  4.43241e-16 4.48875e-06 0.0189546 0.0743981 0.074822
3 107 4 1  1.6761e-21 8.15747e-11 5.83124e-11 4.03696e-11 8.70197e-11
3 107 5 1  2.02817e-23 6.93321e-12 1.55634e-12 1.46949e-19 4.33595e-25
3 107 6 1  2.39384e-36 4.11708e-26 2.74855e-21 1.16529e-21 1.23763e-23
3 107 7 1  8.07422e-14 7.75229e-09 5.8664e-09 3.9024e-09 2.19407e-09
3 107 8 1  5.78247e-23 1.52411e-10 2.47114e-10 8.789e-11 1.0534e-11
3 107 9 1  7.29801e-17 2.11039e-10 1.56789e-10 1.06306e-10 1.05836e-10
3 107 10 1  5.51982e-24 1.37108e-13 1.07964e-09 7.31104e-10 3.28492e-10
3 108 1 1  5.38325e-26 2.38643e-17 2.07257e-17 1.53788e-17 5.92314e-19
3 108 2 1  2.79379e-09 0.371102 1679.56 10022.1 0
3 108 3 1  3.82623e-16 3.99548e-06 0.0178371 0.0679692 0.0634864
3 108 4 1  1.6761e-21 8.15747e-11 5.83125e-11 4.03698e-11 8.702e-11
3 108 5 1  1.54795e-23 5.77901e-12 1.10226e-12 1.03532e-19 3.04613e-25
3 108 6 1  1.41171e-36 2.43137e-26 1.69194e-21 7.13168e-22 1.71151e-24
3 108 7 1  8.05149e-14 7.77935e-09 5.90785e-09 3.91548e-09 2.18941e-09
3 108 8 1  5.58508e-23 1.5042e-10 2.43184e-10 8.57361e-11 1.04589e-11
3 108 9 1  7.29801e-17 2.11039e-10 1.56789e-10 1.06306e-10 1.05836e-10
3 108 10 1  5.31657e-24 1.36637e-13 1.10032e-09 7.19767e-10 3.14419e-10
3 109 1 1  4.43907e-26 1.82215e-17 1.56497e-17 1.14017e-17 1.01906e-18
3 109 2 1  3.11862e-09 0.381862 1648.52 9628.38 0
3 109 3 1  4.13581e-16 4.1521e-06 0.0168277 0.0634652 0.0515999
3 109 4 1  1.6761e-21 8.15746e-11 5.83125e-11 4.03699e-11 8.70204e-11
3 109 5 1  1.2784e-23 4.83342e-12 7.80668e-13 7.2943e-20 2.13999e-25
3 109 6 1  1.00067e-36 1.63454e-26 1.01932e-21 4.04376e-22 2.36685e-25
3 109 7 1  8.24987e-14 7.82323e-09 5.94012e-09 3.93247e-09 2.18754e-09
3 109 8 1  6.30584e-23 1.57636e-10 2.41307e-10 8.39904e-11 1.01754e-11
3 109 9 1  7.29801e-17 2.11039e-10 1.56789e-10 1.06306e-10 1.05836e-10
3 109 10 1  6.25733e-24 1.50008e-13 1.11278e-09 7.11172e-10 3.03616e-10
3 110 1 1  3.64587e-26 1.46195e-17 1.20856e-17 8.51141e-18 1.11676e-18
3 110 2 1  3.30221e-09 0.409799 1702.34 9735.09 0
3 110 3 1  3.79644e-16 3.99619e-06 0.017401 0.0631262 0.0431553
3 110 4 1  1.67609e-21 8.15744e-11 5.83124e-11 4.03699e-11 8.70207e-11
3 110 5 1  1.03084e-23 4.0477e-12 5.52899e-13 5.13914e-20 1.5034e-25
3 110 6 1  6.41605e-37 1.07677e-26 6.78446e-22 2.43963e-22 3.27308e-26
3 110 7 1  8.39788e-14 7.92513e-09 5.98099e-09 3.95124e-09 2.18819e-09
3 110 8 1  6.72983e-23 1.71221e-10 2.57821e-10 8.54918e-11 9.99422e-12
3 110 9 1  7.29801e-17 2.11039e-10 1.56789e-10 1.06306e-10 1.05836e-10
3 110 10 1  6.65337e-24 1.65186e-13 1.24592e-09 7.57983e-10 3.01498e-10
3 111 1 1  2.93511e-26 1.18314e-17 9.56343e-18 6.52829e-18 8.19696e-19
3 111 2 1  3.36884e-09 0.428654 1795.91 10655.3 0
3 111 3 1  3.2738e-16 3.47759e-06 0.0159096 0.0596488 0.0452583
3 111 4 1  1.67608e-21 8.1574e-11 5.83123e-11 4.03699e-11 8.70209e-11
3 111 5 1  8.28617e-24 3.27603e-12 3.91583e-13 3.62074e-20 1.05618e-25
3 111 6 1  3.92477e-37 6.98277e-27 4.51862e-22 1.6501e-22 4.75083e-24
3 111 7 1  8.45246e-14 8.02927e-09 6.03819e-09 3.97408e-09 2.19109e-09
3 111 8 1  6.91714e-23 1.7983e-10 2.76307e-10 9.12012e-11 1.04352e-11
3 111 9 1  7.29801e-17 2.11039e-10 1.56789e-10 1.06306e-10 1.05836e-10
3 111 10 1  6.79937e-24 1.72558e-13 1.34304e-09 8.40472e-10 3.37683e-10
3 112 1 1  2.14444e-26 9.33951e-18 7.62459e-18 5.19917e-18 3.67898e-19
3 112 2 1  3.1069e-09 0.420006 1860.22 11164.9 0
3 112 3 1  2.80693e-16 2.8805e-06 0.0128688 0.0520694 0.0490067
3 112 4 1  1.67607e-21 8.15735e-11 5.8312e-11 4.03698e-11 8.7021e-11
3 112 5 1  6.02274e-24 2.56967e-12 2.77331e-13 2.55095e-20 7.41994e-26
3 112 6 1  2.54715e-37 4.30958e-27 2.91548e-22 1.19071e-22 5.17839e-24
3 112 7 1  8.30443e-14 8.07456e-09 6.09989e-09 4.00254e-09 2.19636e-09
3 112 8 1  6.41385e-23 1.76087e-10 2.85389e-10 9.691e-11 1.12135e-11
3 112 9 1  7.29801e-17 2.11039e-10 1.56789e-10 1.06306e-10 1.05836e-10
3 112 10 1  6.3232e-24 1.64334e-13 1.35669e-09 8.99564e-10 3.80312e-10
3 113 1 1  1.58579e-26 7.00552e-18 5.96824e-18 4.15761e-18 2.38273e-19
3 113 2 1  3.06011e-09 0.40356 1828.24 10930.9 0
3 113 3 1  2.58021e-16 2.65994e-06 0.011585 0.0453091 0.042362
3 113 4 1  1.67606e-21 8.15729e-11 5.83116e-11 4.03696e-11 8.70211e-11
3 113 5 1  4.4666e-24 2.02889e-12 1.96414e-13 1.79724e-20 5.2127e-26
3 113 6 1  1.53711e-37 2.64097e-27 1.7973e-22 7.41443e-23 7.16088e-25
3 113 7 1  8.21774e-14 8.04552e-09 6.14083e-09 4.03388e-09 2.20408e-09
3 113 8 1  6.34581e-23 1.69802e-10 2.76515e-10 9.77313e-11 1.16207e-11
3 113 9 1  7.29801e-17 2.11039e-10 1.56789e-10 1.06306e-10 1.05836e-10
3 113 10 1  6.40813e-24 1.62027e-13 1.29731e-09 8.70476e-10 3.83036e-10
3 114 1 1  1.27257e-26 5.32299e-18 4.56149e-18 3.18462e-18 3.22058e-19
3 114 2 1  3.32514e-09 0.411781 1789.21 10326.3 0
3 114 3 1  2.71073e-16 2.72778e-06 0.0111399 0.0428011 0.0329176
3 114 4 1  1.67605e-21 8.15723e-11 5.83112e-11 4.03693e-11 8.7021e-11
3 114 5 1  3.48616e-24 1.51997e-12 2.41916e-13 1.26622e-20 3.66205e-26
3 114 6 1  1.06386e-37 1.71498e-27 1.0895e-22 4.24063e-23 9.90222e-26
3 114 7 1  8.3032e-14 8.02203e-09 6.15519e-09 4.06177e-09 2.21381e-09
3 114 8 1  6.9626e-23 1.76246e-10 2.72538e-10 9.52743e-11 1.14689e-11
3 114 9 1  7.29801e-17 2.11039e-10 1.56789e-10 1.06306e-10 1.05836e-10
3 114 10 1  7.26465e-24 1.75679e-13 1.31883e-09 8.4352e-10 3.60008e-10
3 115 1 1  1.06542e-26 4.22896e-18 3.51713e-18 2.42674e-18 3.52629e-19
3 115 2 1  3.5765e-09 0.440872 1830.83 10488.3 0
3 115 3 1  2.4181e-16 2.5982e-06 0.0115304 0.0427264 0.0264961
3 115 4 1  1.67604e-21 8.15717e-11 5.83107e-11 4.0369e-11 8.70207e-11
3 115 5 1  3.52054e-24 1.11464e-12 3.33512e-13 8.92092e-21 2.57267e-26
3 115 6 1  6.65718e-38 1.13839e-27 7.10071e-23 2.47515e-23 1.36928e-26
3 115 7 1  8.41127e-14 8.05046e-09 6.16304e-09 4.08293e-09 2.22451e-09
3 115 8 1  7.532e-23 1.90744e-10 2.8736e-10 9.60216e-11 1.12417e-11
3 115 9 1  7.29801e-17 2.11039e-10 1.56789e-10 1.06306e-10 1.05836e-10
3 115 10 1  7.79698e-24 1.93798e-13 1.45627e-09 8.86195e-10 3.52442e-10
3 116 1 1  8.12845e-27 3.3963e-18 2.76874e-18 1.86559e-18 2.305e-19
3 116 2 1  3.31825e-09 0.445013 1923.79 11703 0
3 116 3 1  1.84321e-16 1.99345e-06 0.00970403 0.0380817 0.0318438
3 116 4 1  1.67603e-21 8.15711e-11 5.83103e-11 4.03687e-11 8.70204e-11
3 116 5 1  2.92749e-24 9.37545e-13 2.36199e-13 6.28507e-21 1.80736e-26
3 116 6 1  3.63744e-38 6.78317e-28 4.70606e-23 1.79062e-23 8.51753e-25
3 116 7 1  8.27849e-14 8.07085e-09 6.17887e-09 4.09964e-09 2.23521e-09
3 116 8 1  7.00628e-23 1.91541e-10 3.05588e-10 1.0203e-10 1.18101e-11
3 116 9 1  7.29801e-17 2.11039e-10 1.56789e-10 1.06306e-10 1.05836e-10
3 116 10 1  7.02518e-24 1.86973e-13 1.54207e-09 9.92503e-10 4.06202e-10
3 117 1 1  5.87108e-27 2.61742e-18 2.17432e-18 1.45511e-18 1.03453e-19
3 117 2 1  2.99448e-09 0.413969 1918.8 11958.3 0
3 117 3 1  1.64848e-16 1.64679e-06 0.0070896 0.0296834 0.0352556
3 117 4 1  1.67602e-21 8.15706e-11 5.83098e-11 4.03684e-11 8.702e-11
3 117 5 1  2.22068e-24 7.53398e-13 1.6728e-13 4.42802e-21 1.26971e-26
3 117 6 1  2.53317e-38 4.27193e-28 2.88305e-23 1.25566e-23 1.1675e-24
3 117 7 1  8.05697e-14 8.00836e-09 6.18551e-09 4.11414e-09 2.24552e-09
3 117 8 1  6.36359e-23 1.77898e-10 2.98713e-10 1.05577e-10 1.26648e-11
3 117 9 1  7.29801e-17 2.11039e-10 1.56789e-10 1.06306e-10 1.05836e-10
3 117 10 1  6.50547e-24 1.6918e-13 1.43056e-09 1.00303e-09 4.57957e-10
3 118 1 1  4.30988e-27 1.93515e-18 1.67468e-18 1.15693e-18 6.21136e-20
3 118 2 1  2.9171e-09 0.388444 1817.05 11094.9 0
3 118 3 1  1.55562e-16 1.57043e-06 0.00662793 0.0251358 0.0287755
3 118 4 1  1.67602e-21 8.15701e-11 5.83094e-11 4.03681e-11 8.70195e-11
3 118 5 1  1.67856e-24 6.19511e-13 1.18471e-13 3.11967e-21 8.91999e-27
3 118 6 1  1.62644e-38 2.7429e-28 1.83423e-23 7.68131e-24 3.7105e-25
3 118 7 1  7.94652e-14 7.89683e-09 6.16295e-09 4.12335e-09 2.25517e-09
3 118 8 1  6.23477e-23 1.68076e-10 2.78706e-10 1.01728e-10 1.26588e-11
3 118 9 1  7.29801e-17 2.11039e-10 1.56789e-10 1.06306e-10 1.05836e-10
3 118 10 1  6.55479e-24 1.65513e-13 1.33512e-09 9.17181e-10 4.30909e-10
3 119 1 1  3.35225e-27 1.44098e-18 1.25898e-18 8.97733e-19 5.02201e-20
3 119 2 1  2.96759e-09 0.383138 1733.05 10682.7 0
3 119 3 1  1.41976e-16 1.46834e-06 0.00642479 0.0229759 0.0242476
3 119 4 1  1.67602e-21 8.15699e-11 5.83091e-11 4.03678e-11 8.70189e-11
3 119 5 1  1.34299e-24 5.02064e-13 8.39026e-14 2.19789e-21 6.26648e-27
3 119 6 1  9.93012e-39 1.76616e-28 1.17191e-23 4.71882e-24 2.06648e-25
3 119 7 1  7.94878e-14 7.80721e-09 6.11674e-09 4.12271e-09 2.26345e-09
3 119 8 1  6.38718e-23 1.67608e-10 2.68275e-10 9.6288e-11 1.21746e-11
3 119 9 1  7.29801e-17 2.11039e-10 1.56789e-10 1.06306e-10 1.05836e-10
3 119 10 1  6.72443e-24 1.70075e-13 1.3389e-09 8.80488e-10 4.0195e-10
3 120 1 1  2.44144e-27 1.09035e-18 9.45005e-19 6.79722e-19 2.25399e-20
3 120 2 1  2.65743e-09 0.366878 1695.74 10762.3 0
3 120 3 1  1.10453e-16 1.14812e-06 0.00536492 0.0203866 0.0243903
3 120 4 1  1.67602e-21 8.15698e-11 5.83089e-11 4.03675e-11 8.70184e-11
3 120 5 1  1.00926e-24 3.88903e-13 5.94212e-14 1.54848e-21 4.40233e-27
3 120 6 1  6.07772e-39 1.09514e-28 7.58914e-24 3.17901e-24 3.36458e-25
3 120 7 1  7.79669e-14 7.73182e-09 6.06567e-09 4.1118e-09 2.26941e-09
3 120 8 1  5.74256e-23 1.60556e-10 2.66198e-10 9.42659e-11 1.19028e-11
3 120 9 1  7.29801e-17 2.11039e-10 1.56789e-10 1.06306e-10 1.05836e-10
3 120 10 1  5.90335e-24 1.5754e-13 1.33554e-09 9.06148e-10 4.14719e-10
3 121 1 1  1.75674e-27 8.04625e-19 7.09596e-19 5.05466e-19 2.61214e-20
3 121 2 1  2.48095e-09 0.338124 1607.46 9765.59 0
3 121 3 1  1.04713e-16 1.02887e-06 0.00424138 0.0177503 0.0207331
3 121 4 1  1.67602e-21 8.15699e-11 5.83088e-11 4.03674e-11 8.70179e-11
3 121 5 1  7.19233e-25 2.91827e-13 5.57893e-14 1.09095e-21 3.09273e-27
3 121 6 1  4.4079e-39 6.96613e-29 4.65481e-24 1.99201e-24 1.97056e-25
3 121 7 1  7.6853e-14 7.63115e-09 6.00813e-09 4.09312e-09 2.27242e-09
3 121 8 1  5.39611e-23 1.48546e-10 2.50036e-10 9.12713e-11 1.15053e-11
3 121 9 1  7.29801e-17 2.11039e-10 1.56789e-10 1.06306e-10 1.05836e-10
3 121 10 1  5.75937e-24 1.45842e-13 1.20959e-09 8.53073e-10 4.01432e-10
3 122 1 1  1.44595e-27 5.99162e-19 5.28333e-19 3.78742e-19 4.81586e-20
3 122 2 1  2.76844e-09 0.340844 1513.94 8705.71 0
3 122 3 1  1.08866e-16 1.11928e-06 0.00456579 0.0172009 0.013215
3 122 4 1  1.67603e-21 8.15702e-11 5.83089e-11 4.03673e-11 8.70174e-11
3 122 5 1  6.57961e-25 2.12082e-13 7.75723e-14 7.68607e-22 2.17271e-27
3 122 6 1  2.83814e-39 4.65718e-29 2.91043e-24 1.04073e-24 2.72485e-26
3 122 7 1  7.85894e-14 7.57746e-09 5.94456e-09 4.06742e-09 2.27223e-09
3 122 8 1  6.04632e-23 1.52115e-10 2.3708e-10 8.52508e-11 1.06023e-11
3 122 9 1  7.29801e-17 2.11039e-10 1.56789e-10 1.06306e-10 1.05836e-10
3 122 10 1  6.6606e-24 1.60556e-13 1.19437e-09 7.69408e-10 3.38856e-10
3 123 1 1  1.24912e-27 4.83885e-19 4.01942e-19 2.83508e-19 4.95007e-20
3 123 2 1  3.06588e-09 0.371685 1532.87 8664.62 0
3 123 3 1  9.94092e-17 1.06809e-06 0.00471677 0.0178123 0.00982809
3 123 4 1  1.67604e-21 8.15706e-11 5.83091e-11 4.03674e-11 8.70171e-11
3 123 5 1  6.94669e-25 1.72431e-13 8.08258e-14 5.41508e-22 1.52638e-27
3 123 6 1  1.81994e-39 3.05386e-29 1.88533e-24 6.2522e-25 3.76791e-27
3 123 7 1  8.09634e-14 7.63512e-09 5.90279e-09 4.03746e-09 2.26876e-09
3 123 8 1  6.73413e-23 1.67998e-10 2.49716e-10 8.36958e-11 9.97173e-12
3 123 9 1  7.29801e-17 2.11039e-10 1.56789e-10 1.06306e-10 1.05836e-10
3 123 10 1  7.3387e-24 1.80465e-13 1.33603e-09 8.03583e-10 3.17308e-10
